Rental_ID,Rental_Date,Customer_ID,Customer_Type,Area,Equipment,Equipment_Category,Rental_Duration_Days,Daily_Rate,Total_Rental_Amount_Original,Security_Deposit,Delivery_Charge,Maintenance_Cost,Payment_Mode,Rental_Status,Equipment_Condition,Customer_Rating,Return_Date,Booking_Date,Rental_Start_Date,Expected_Return_Date,Actual_Return_Date,Booking_Status,Cancellation_Status,Customer_Pincode,Equipment_ID,Acquisition_Date,Maintenance_Date,Next_Maintenance_Due,Equipment_Age_Years,Total_Inventory,Available_Units_At_Start,Customer_Pincode_Missing,Equipment_Info_Missing,Total_Rental_Amount
REN0001,2026-02-17,CUST155,Individual Patient,Wanowrie,Oxygen Concentrator,Respiratory Equipment,21,260,5460,6500,500,440,Credit Card,Returned,Good,4.5,2026-03-10,2026-02-06,2026-02-17,2026-03-10,2026-03-10,Completed,Not Cancelled,411038.0,OC-005,2024-02-15,2026-06-16,2026-10-14,2.5,16,12,0,0,5460
REN0002,2026-07-18,CUST169,Diagnostic Center,Shivajinagar,Surgical Headlight,Surgical Equipment,7,170,1190,4000,350,90,Debit Card,Returned,Fair,5.0,2026-07-25,2026-07-15,2026-07-18,2026-07-25,2026-07-25,Completed,Not Cancelled,411052.0,SH-006,2025-01-03,2025-04-27,2025-07-26,1.6,8,4,0,0,1190
REN0003,2026-06-18,CUST391,Hospital,Wakad,Oxygen Concentrator,Respiratory Equipment,3,300,900,5800,350,50,Cash,Returned,Excellent,4.0,2026-06-21,2026-06-14,2026-06-18,2026-06-21,2026-06-21,Completed,Not Cancelled,411007.0,OC-003,2024-12-09,2025-07-09,2026-07-09,1.6,16,8,0,0,900
REN0004,2026-04-01,CUST350,Diagnostic Center,Hinjawadi,BiPAP Machine,Respiratory Equipment,14,560,7840,9900,300,650,UPI,Returned,Excellent,4.5,2026-04-15,2026-03-23,2026-04-01,2026-04-15,2026-04-15,Completed,Not Cancelled,411042.0,BP-006,2023-06-13,2023-11-02,2024-04-30,3.1,11,6,0,0,7840
REN0005,2026-06-26,CUST357,Home Care,Baner,Ventilator,Critical Care Equipment,21,1140,23940,20900,250,1650,Debit Card,Returned,Good,4.5,2026-07-17,2026-06-23,2026-06-26,2026-07-17,2026-07-17,Completed,Not Cancelled,411015.0,VT-004,2023-09-08,2024-10-14,2025-04-12,2.9,8,7,0,0,23940
REN0006,2026-05-14,CUST268,Home Care,Aundh,BiPAP Machine,Respiratory Equipment,7,490,3430,9900,250,160,UPI,Returned,Excellent,4.0,2026-05-21,2026-05-08,2026-05-14,2026-05-21,2026-05-21,Completed,Not Cancelled,411030.0,BP-005,2022-02-05,2024-01-14,2025-01-13,4.5,11,7,0,0,3430
REN0007,2026-07-17,CUST310,Home Care,Hadapsar,BiPAP Machine,Respiratory Equipment,21,550,11550,9300,250,970,UPI,Returned,Good,,2026-08-07,2026-07-12,2026-07-17,2026-08-07,2026-08-07,Completed,Not Cancelled,411047.0,BP-011,2025-01-04,2025-09-04,2026-09-04,1.6,11,7,0,0,11550
REN0008,2026-04-25,CUST309,Hospital,Shivajinagar,Suction Machine,Surgical Equipment,7,240,1680,4900,200,120,Bank Transfer,Returned,Fair,3.5,2026-05-02,2026-04-18,2026-04-25,2026-05-02,2026-05-02,Completed,Not Cancelled,,SM-004,2023-01-10,2023-10-14,2024-01-12,3.6,14,9,1,0,1680
REN0009,2026-05-01,CUST312,Individual Patient,Bibwewadi,Wheelchair,Mobility Equipment,21,150,3150,2500,250,160,UPI,Active,Good,,,2026-04-17,2026-05-01,2026-05-22,,Confirmed,Not Cancelled,411007.0,WC-010,2022-10-28,2026-07-19,2027-01-15,3.8,20,11,0,0,3150
REN0010,2026-03-09,CUST357,Hospital,Shivajinagar,CPAP Machine,Respiratory Equipment,14,370,5180,7600,250,380,UPI,Returned,Good,3.5,2026-03-23,2026-03-07,2026-03-09,2026-03-23,2026-03-23,Completed,Not Cancelled,411045.0,CP-006,2022-06-19,2025-01-14,2025-04-14,4.1,19,12,0,0,5180
REN0011,2026-03-05,CUST146,Hospital,Shivajinagar,Commode Chair,Mobility Equipment,1,100,100,2100,150,10,Credit Card,Returned,Excellent,4.5,2026-03-06,2026-02-28,2026-03-05,2026-03-06,2026-03-06,Completed,Not Cancelled,411030.0,CC-001,2024-04-22,2025-08-07,,2.3,10,7,0,0,100
REN0012,2026-07-24,CUST186,Hospital,Hinjawadi,Ventilator,Critical Care Equipment,7,1170,8190,21700,300,520,Bank Transfer,Returned,Good,4.5,2026-07-31,2026-07-11,2026-07-24,2026-07-31,2026-07-31,Completed,Not Cancelled,411047.0,VT-005,2024-12-01,2025-11-16,2026-03-16,1.7,8,6,0,0,8190
REN0013,2026-02-04,CUST267,Hospital,Hadapsar,Nebulizer,Respiratory Equipment,1,80,80,1800,200,10,UPI,Returned,Fair,3.5,2026-02-05,2026-01-31,2026-02-04,2026-02-05,2026-02-05,Completed,Not Cancelled,411048.0,NB-009,2025-06-25,2025-08-24,2025-12-22,1.1,12,10,0,0,80
REN0014,2026-03-15,CUST155,Diagnostic Center,Baner,CPAP Machine,Respiratory Equipment,14,380,5320,7000,200,490,UPI,Returned,Fair,4.0,2026-03-29,2026-03-06,2026-03-15,2026-03-29,2026-03-29,Completed,Not Cancelled,411052.0,CP-009,2022-05-28,,2025-08-06,4.2,19,13,0,0,5320
REN0015,2026-03-02,CUST368,Individual Patient,Kothrud,Oxygen Concentrator,Respiratory Equipment,21,310,6510,5700,450,430,UPI,Returned,Good,4.5,2026-03-23,2026-02-18,2026-03-02,2026-03-23,2026-03-23,Completed,Not Cancelled,411009.0,OC-014,2025-02-15,2026-03-30,2026-09-26,1.5,16,9,0,0,6510
REN0016,2026-06-14,CUST185,Individual Patient,Wanowrie,Wheelchair,Mobility Equipment,7,140,980,2500,350,40,Debit Card,Returned,Excellent,5.0,2026-06-21,2026-06-11,2026-06-14,2026-06-21,2026-06-21,Completed,Not Cancelled,411048.0,WC-020,2023-01-10,2024-02-15,2024-06-14,3.6,20,10,0,0,980
REN0017,2026-03-29,CUST144,Home Care,Viman Nagar,Walker,Mobility Equipment,3,70,210,1200,150,20,UPI,Returned,Good,4.5,2026-04-01,2026-03-28,2026-03-29,2026-04-01,2026-04-01,Completed,Not Cancelled,411058.0,WK-001,2023-09-04,2024-11-20,2025-03-20,2.9,7,5,0,0,210
REN0018,2026-07-07,CUST257,Individual Patient,Camp,Patient Monitor,Monitoring Equipment,5,580,2900,10500,450,170,Bank Transfer,Returned,Fair,4.5,2026-07-12,2026-07-06,2026-07-07,2026-07-12,2026-07-12,Completed,Not Cancelled,411047.0,PM-009,2023-03-12,2024-08-21,2025-02-17,3.4,13,8,0,0,2900
REN0019,2026-03-24,CUST291,Home Care,Kothrud,Hospital Bed,Patient Care Equipment,5,340,1700,6600,250,160,Cash,Active,Good,,,2026-03-23,2026-03-24,2026-03-29,,Confirmed,Not Cancelled,411030.0,HB-007,2023-05-24,2024-04-15,2025-04-15,3.2,23,10,0,0,1700
REN0020,2026-05-26,CUST136,Hospital,Camp,Hospital Bed,Patient Care Equipment,14,380,5320,6700,200,360,Cash,Returned,Good,4.5,2026-06-09,2026-05-22,2026-05-26,2026-06-09,2026-06-09,Completed,Not Cancelled,411046.0,HB-022,2022-10-26,,,3.8,23,17,0,0,5320
REN0021,2026-04-09,CUST158,Individual Patient,Hinjawadi,BiPAP Machine,Respiratory Equipment,7,510,3570,9100,350,300,UPI,Returned,Excellent,4.5,2026-04-16,2026-04-07,2026-04-09,2026-04-16,2026-04-16,Completed,Not Cancelled,411008.0,BP-003,2022-01-03,2023-01-31,2024-01-31,4.6,11,7,0,0,3570
REN0022,2026-06-30,CUST255,Individual Patient,Pimpri,Fowler Bed,Patient Care Equipment,7,400,2800,6500,150,100,UPI,Returned,Good,3.5,2026-07-07,2026-06-26,2026-06-30,2026-07-07,2026-07-07,Completed,Not Cancelled,411030.0,FB-014,2023-07-25,2025-06-16,2025-10-14,3.0,15,9,0,0,2800
REN0023,2026-06-04,CUST363,Home Care,Wanowrie,Commode Chair,Mobility Equipment,30,90,2700,1900,150,130,UPI,Returned,Excellent,4.5,2026-07-04,2026-05-26,2026-06-04,2026-07-04,2026-07-04,Completed,Not Cancelled,411048.0,CC-001,2024-04-22,2025-08-07,2025-11-05,2.3,10,7,0,0,2700
REN0024,2026-07-18,CUST274,Individual Patient,Koregaon Park,Hospital Bed,Patient Care Equipment,3,390,1170,7200,150,100,Credit Card,Cancelled,Good,,,2026-07-15,2026-07-18,,,Cancelled,Cancelled,411045.0,,,,,,23,23,0,1,1170
REN0025,2026-06-22,CUST261,Hospital,Camp,Ventilator,Critical Care Equipment,7,1160,8120,24000,250,470,Cash,Returned,Good,4.0,2026-06-29,2026-06-17,2026-06-22,2026-06-29,2026-06-29,Completed,Not Cancelled,411027.0,VT-003,2024-06-04,2025-08-24,2025-11-22,2.2,8,8,0,0,8120
REN0026,2026-05-21,CUST190,Clinic,Hinjawadi,Oxygen Concentrator,Respiratory Equipment,5,280,1400,6700,300,130,Bank Transfer,Returned,Good,4.0,2026-05-26,2026-05-19,2026-05-21,2026-05-26,2026-05-26,Completed,Not Cancelled,411042.0,OC-005,2024-02-15,2026-06-16,2026-10-14,2.5,16,7,0,0,1400
REN0027,2026-04-30,CUST161,Home Care,Chinchwad,Surgical Headlight,Surgical Equipment,14,170,2380,4100,300,180,Debit Card,Returned,Excellent,4.5,2026-05-14,2026-04-22,2026-04-30,2026-05-14,2026-05-14,Completed,Not Cancelled,411007.0,SH-001,2022-09-11,2023-01-30,2023-07-29,3.9,8,5,0,0,2380
REN0028,2026-05-17,CUST317,Hospital,Aundh,Nebulizer,Respiratory Equipment,30,90,2700,1800,300,220,UPI,Active,Excellent,,,2026-05-13,2026-05-17,2026-06-16,,Confirmed,Not Cancelled,411058.0,NB-007,2025-05-13,2025-09-25,2026-01-23,1.2,12,9,0,0,2700
REN0029,2026-05-18,CUST270,Hospital,Kothrud,CPAP Machine,Respiratory Equipment,7,350,2450,8000,250,200,UPI,Returned,Fair,4.5,2026-05-25,2026-05-16,2026-05-18,2026-05-25,2026-05-25,Completed,Not Cancelled,411042.0,CP-016,2023-08-18,2025-09-17,2026-01-15,3.0,19,7,0,0,2450
REN0030,2026-06-23,CUST260,Home Care,Kothrud,Hospital Bed,Patient Care Equipment,10,380,3800,7200,300,210,UPI,Returned,Good,4.0,2026-07-03,2026-06-10,2026-06-23,2026-07-03,2026-07-03,Completed,Not Cancelled,411040.0,HB-005,2024-08-09,2025-01-10,2025-04-10,2.0,23,15,0,0,3800
REN0031,2026-03-29,CUST232,Individual Patient,Koregaon Park,Fowler Bed,Patient Care Equipment,10,450,4500,8000,250,410,Debit Card,Returned,Fair,4.5,2026-04-08,2026-03-20,2026-03-29,2026-04-08,2026-04-08,Completed,Not Cancelled,411028.0,FB-005,2023-12-06,2025-12-27,2026-12-27,2.7,15,12,0,0,4500
REN0032,2026-07-04,CUST391,Individual Patient,Erandwane,Hospital Bed,Patient Care Equipment,14,340,4760,5600,250,360,Cash,Returned,Good,5.0,2026-07-18,2026-06-27,2026-07-04,2026-07-18,2026-07-18,Completed,Not Cancelled,411015.0,HB-006,2023-04-29,2023-10-02,2024-01-30,3.3,23,14,0,0,4760
REN0033,2026-04-24,CUST335,Individual Patient,Wanowrie,Wheelchair,Mobility Equipment,5,160,800,3000,350,40,Credit Card,Returned,Good,5.0,2026-04-29,2026-04-16,2026-04-24,2026-04-29,2026-04-29,Completed,Not Cancelled,411028.0,WC-002,2024-11-25,2025-02-12,2025-06-12,1.7,20,10,0,0,800
REN0034,2026-05-24,CUST147,Hospital,Aundh,Nebulizer,Respiratory Equipment,3,80,240,1800,350,10,Credit Card,Returned,Excellent,3.0,2026-05-27,2026-05-19,2026-05-24,2026-05-27,2026-05-27,Completed,Not Cancelled,411038.0,NB-001,2024-01-01,2024-11-22,2025-05-21,2.6,12,9,0,0,240
REN0035,2026-02-10,CUST355,Clinic,Hadapsar,Surgical Headlight,Surgical Equipment,1,190,190,3900,450,20,UPI,Returned,Excellent,3.5,2026-02-11,2026-02-07,2026-02-10,2026-02-11,2026-02-11,Completed,Not Cancelled,411037.0,SH-002,2022-07-07,2023-03-12,2023-06-10,4.1,8,7,0,0,190
REN0036,2026-06-07,CUST253,Home Care,Koregaon Park,ECG Machine,Diagnostic Equipment,30,470,14100,8700,300,660,Credit Card,Returned,Good,5.0,2026-07-07,2026-06-02,2026-06-07,2026-07-07,2026-07-07,Completed,Not Cancelled,411037.0,ECG-002,2022-10-22,2024-10-03,2025-01-31,3.8,9,5,0,0,14100
REN0037,2026-02-10,CUST313,Individual Patient,Shivajinagar,Hospital Bed,Patient Care Equipment,7,330,2310,6400,150,220,UPI,Returned,Good,4.5,2026-02-17,2026-01-31,2026-02-10,2026-02-17,2026-02-17,Completed,Not Cancelled,411040.0,HB-001,2024-10-28,2025-07-27,2025-11-24,1.8,23,20,0,0,2310
REN0038,2026-03-17,CUST393,Home Care,Erandwane,Wheelchair,Mobility Equipment,21,150,3150,2800,450,140,UPI,Returned,Excellent,4.5,2026-04-07,2026-03-04,2026-03-17,2026-04-07,2026-04-07,Completed,Not Cancelled,411038.0,WC-017,2022-04-22,2026-03-30,2026-07-28,4.3,20,12,0,0,3150
REN0039,2026-02-25,CUST284,Diagnostic Center,Camp,Wheelchair,Mobility Equipment,10,140,1400,2800,250,70,Cash,Returned,Good,3.0,2026-03-07,2026-02-18,2026-02-25,2026-03-07,2026-03-07,Completed,Not Cancelled,411028.0,WC-008,2024-11-30,2025-04-12,2025-07-11,1.7,20,11,0,0,1400
REN0040,2026-02-27,CUST195,Home Care,Hinjawadi,CPAP Machine,Respiratory Equipment,21,360,7560,7500,350,620,Credit Card,Returned,Good,4.5,2026-03-20,2026-02-23,2026-02-27,2026-03-20,2026-03-20,Completed,Not Cancelled,411042.0,CP-004,2023-07-31,2023-10-18,2024-01-16,3.0,19,10,0,0,7560
REN0041,2026-06-27,CUST361,Individual Patient,Wanowrie,Infusion Pump,Critical Care Equipment,14,330,4620,7100,350,250,UPI,Returned,Excellent,3.5,2026-07-11,2026-06-19,2026-06-27,2026-07-11,2026-07-11,Completed,Not Cancelled,411015.0,IP-004,2023-06-20,2024-08-23,2025-08-23,3.1,10,7,0,0,4620
REN0042,2026-07-03,CUST152,Clinic,Shivajinagar,Wheelchair,Mobility Equipment,5,150,750,3000,100,60,UPI,Returned,Good,,2026-07-08,2026-06-25,2026-07-03,2026-07-08,2026-07-08,Completed,Not Cancelled,411057.0,WC-012,2025-04-29,2026-05-02,2027-05-02,1.3,20,11,0,0,750
REN0043,2026-05-04,CUST312,Individual Patient,Kharadi,Walker,Mobility Equipment,21,70,1470,1400,300,90,UPI,Returned,Good,4.0,2026-05-25,2026-05-01,2026-05-04,2026-05-25,2026-05-25,Completed,Not Cancelled,411045.0,WK-004,2024-03-29,2024-10-16,2025-10-16,2.3,7,7,0,0,1470
REN0044,2026-06-09,CUST113,Individual Patient,Kothrud,Surgical Loupe,Surgical Equipment,14,240,3360,4100,500,150,Cash,Returned,Good,3.5,2026-06-23,2026-06-04,2026-06-09,2026-06-23,2026-06-23,Completed,Not Cancelled,411027.0,SL-004,2024-02-17,2025-06-05,2025-12-02,2.5,7,4,0,0,3360
REN0045,2026-04-20,CUST353,Hospital,Hinjawadi,Fowler Bed,Patient Care Equipment,1,410,410,7600,300,30,Credit Card,Returned,Excellent,3.5,2026-04-21,2026-04-18,2026-04-20,2026-04-21,2026-04-21,Completed,Not Cancelled,411045.0,FB-011,2022-05-13,2023-03-15,2023-06-13,4.2,15,10,0,0,410
REN0046,2026-07-03,CUST329,Home Care,Camp,BiPAP Machine,Respiratory Equipment,3,520,1560,11100,250,90,Credit Card,Returned,Good,5.0,2026-07-06,2026-06-29,2026-07-03,2026-07-06,2026-07-06,Completed,Not Cancelled,411058.0,BP-007,2024-05-15,2025-06-19,2026-06-19,2.2,11,6,0,0,1560
REN0047,2026-04-19,CUST218,Individual Patient,Dhankawadi,CPAP Machine,Respiratory Equipment,7,350,2450,7200,250,100,UPI,Active,Good,,,2026-04-10,2026-04-19,2026-04-26,,Confirmed,Not Cancelled,411047.0,CP-006,2022-06-19,2025-01-14,2025-04-14,4.1,19,16,0,0,2450
REN0048,2026-03-05,CUST341,Hospital,Pimpri,Fowler Bed,Patient Care Equipment,7,420,2940,7000,400,100,Cash,Returned,Fair,4.5,2026-03-12,2026-03-01,2026-03-05,2026-03-12,2026-03-12,Completed,Not Cancelled,411047.0,FB-009,2024-02-22,2025-12-15,2026-12-15,2.4,15,7,0,0,2940
REN0049,2026-05-24,CUST317,Individual Patient,Koregaon Park,ECG Machine,Diagnostic Equipment,45,530,23850,9800,350,1000,Bank Transfer,Returned,Good,4.5,2026-07-08,2026-05-17,2026-05-24,2026-07-08,2026-07-08,Completed,Not Cancelled,,ECG-006,2024-08-17,2026-03-18,2026-07-16,2.0,9,6,1,0,23850
REN0050,2026-02-20,CUST198,Individual Patient,Erandwane,Wheelchair,Mobility Equipment,21,140,2940,3000,150,110,Cash,Returned,Good,5.0,2026-03-13,2026-02-16,2026-02-20,2026-03-13,2026-03-13,Completed,Not Cancelled,411014.0,WC-019,2023-12-24,2026-05-27,2026-08-25,2.6,20,12,0,0,2940
REN0051,2026-07-28,CUST329,Hospital,Wakad,Surgical Headlight,Surgical Equipment,14,200,2800,3600,400,100,Debit Card,Returned,Good,3.5,2026-08-11,2026-07-26,2026-07-28,2026-08-11,2026-08-11,Completed,Not Cancelled,411042.0,SH-008,2023-07-21,2025-11-10,2026-02-08,3.0,8,4,0,0,2800
REN0052,2026-06-10,CUST341,Individual Patient,Viman Nagar,Infusion Pump,Critical Care Equipment,3,310,930,5600,300,80,Cash,Returned,Excellent,4.5,2026-06-13,2026-06-01,2026-06-10,2026-06-13,2026-06-13,Completed,Not Cancelled,411027.0,IP-008,2023-06-01,2023-09-22,2024-01-20,3.2,10,7,0,0,930
REN0053,2026-06-07,CUST360,Clinic,Dhankawadi,BiPAP Machine,Respiratory Equipment,14,520,7280,10400,350,390,UPI,Returned,Fair,4.0,2026-06-21,2026-05-31,2026-06-07,2026-06-21,2026-06-21,Completed,Not Cancelled,411009.0,BP-002,2022-07-01,2023-06-08,2023-10-06,4.1,11,6,0,0,7280
REN0054,2026-03-06,CUST343,Home Care,Viman Nagar,Commode Chair,Mobility Equipment,45,90,4050,2100,250,170,Credit Card,Cancelled,Good,,,2026-02-24,2026-03-06,,,Cancelled,Cancelled,411057.0,,,,,,10,10,0,1,4050
REN0055,2026-02-11,CUST235,Home Care,Viman Nagar,Nebulizer,Respiratory Equipment,5,80,400,1400,100,20,Bank Transfer,Returned,Good,4.5,2026-02-16,2026-02-03,2026-02-11,2026-02-16,2026-02-16,Completed,Not Cancelled,411028.0,NB-002,2025-06-20,2026-04-29,2026-08-27,1.1,12,8,0,0,400
REN0056,2026-04-18,CUST186,Home Care,Erandwane,ECG Machine,Diagnostic Equipment,30,480,14400,9300,200,1290,UPI,Returned,Good,4.5,2026-05-18,2026-04-08,2026-04-18,2026-05-18,2026-05-18,Completed,Not Cancelled,411048.0,ECG-003,2022-12-29,2023-07-22,2024-01-18,3.6,9,6,0,0,14400
REN0057,2026-07-05,CUST338,Hospital,Hinjawadi,Commode Chair,Mobility Equipment,21,90,1890,2000,250,160,Bank Transfer,Returned,Good,5.0,2026-07-26,2026-07-03,2026-07-05,2026-07-26,2026-07-26,Completed,Not Cancelled,411046.0,CC-010,2022-12-23,2023-04-16,2023-10-13,3.6,10,7,0,0,1890
REN0058,2026-06-02,CUST322,Hospital,Dhankawadi,Ventilator,Critical Care Equipment,7,1000,7000,23200,300,650,UPI,Returned,Fair,3.0,2026-06-09,2026-05-26,2026-06-02,2026-06-09,2026-06-09,Completed,Not Cancelled,411009.0,VT-006,2023-05-13,2023-08-14,,3.2,8,7,0,0,7000
REN0059,2026-02-19,CUST237,Hospital,Erandwane,Wheelchair,Mobility Equipment,7,140,980,2700,100,40,UPI,Returned,Excellent,4.5,2026-02-26,2026-02-15,2026-02-19,2026-02-26,2026-02-26,Completed,Not Cancelled,411014.0,WC-005,2022-09-10,2026-02-09,2026-06-09,3.9,20,13,0,0,980
REN0060,2026-04-30,CUST241,Hospital,Viman Nagar,Oxygen Concentrator,Respiratory Equipment,1,310,310,6000,100,20,UPI,Returned,Good,4.5,2026-05-01,2026-04-21,2026-04-30,2026-05-01,2026-05-01,Completed,Not Cancelled,411042.0,OC-008,2022-01-13,2023-05-05,2023-08-03,4.5,16,7,0,0,310
REN0061,2026-07-03,CUST244,Clinic,Dhankawadi,Commode Chair,Mobility Equipment,10,90,900,1800,200,80,UPI,Returned,Excellent,4.5,2026-07-13,2026-06-26,2026-07-03,2026-07-13,2026-07-13,Completed,Not Cancelled,411043.0,CC-002,2023-03-30,2023-10-02,2024-10-01,3.3,10,7,0,0,900
REN0062,2026-03-30,CUST249,Hospital,Kothrud,Nebulizer,Respiratory Equipment,3,70,210,1500,150,20,Bank Transfer,Returned,Good,4.5,2026-04-02,2026-03-29,2026-03-30,2026-04-02,2026-04-02,Completed,Not Cancelled,411027.0,NB-003,2023-10-05,2025-10-07,2026-01-05,2.8,12,4,0,0,210
REN0063,2026-02-01,CUST332,Hospital,Dhankawadi,CPAP Machine,Respiratory Equipment,14,340,4760,7600,450,300,Bank Transfer,Cancelled,Good,,,2026-01-26,2026-02-01,,,Cancelled,Cancelled,411014.0,,,,,,19,19,0,1,4760
REN0064,2026-02-27,CUST298,Home Care,Hadapsar,Surgical Headlight,Surgical Equipment,7,180,1260,3200,200,50,Debit Card,Returned,Excellent,3.0,2026-03-06,2026-02-18,2026-02-27,2026-03-06,2026-03-06,Completed,Not Cancelled,411043.0,SH-005,2023-10-28,,2025-12-06,2.8,8,7,0,0,1260
REN0065,2026-06-12,CUST368,Clinic,Kothrud,ECG Machine,Diagnostic Equipment,7,460,3220,8400,150,250,UPI,Returned,Excellent,5.0,2026-06-19,2026-06-09,2026-06-12,2026-06-19,2026-06-19,Completed,Not Cancelled,411015.0,ECG-001,2025-06-16,2025-11-07,2026-02-05,1.1,9,3,0,0,3220
REN0066,2026-05-12,CUST204,Hospital,Erandwane,CPAP Machine,Respiratory Equipment,21,380,7980,6900,250,580,Bank Transfer,Returned,Good,4.5,2026-06-02,2026-05-05,2026-05-12,2026-06-02,2026-06-02,Completed,Not Cancelled,411014.0,CP-003,2024-07-28,2025-08-19,2026-02-15,2.0,19,14,0,0,7980
REN0067,2026-06-01,CUST170,Home Care,Kothrud,Hospital Bed,Patient Care Equipment,30,350,10500,6300,300,720,Debit Card,Returned,Good,5.0,2026-07-01,2026-05-22,2026-06-01,2026-07-01,2026-07-01,Completed,Not Cancelled,411030.0,HB-013,2025-05-03,2025-11-16,2026-03-16,1.2,23,17,0,0,10500
REN0068,2026-06-10,CUST149,Home Care,Erandwane,Oxygen Concentrator,Respiratory Equipment,3,300,900,5400,250,50,UPI,Active,Good,,,2026-06-09,2026-06-10,2026-06-13,,Confirmed,Not Cancelled,411030.0,OC-008,2022-01-13,2023-05-05,2023-08-03,4.5,16,9,0,0,900
REN0069,2026-06-04,CUST160,Hospital,Bibwewadi,Walker,Mobility Equipment,14,70,980,1500,200,60,Credit Card,Active,Good,,,2026-05-29,2026-06-04,2026-06-18,,Confirmed,Not Cancelled,411037.0,WK-001,2023-09-04,2024-11-20,2025-03-20,2.9,7,6,0,0,980
REN0070,2026-02-17,CUST237,Individual Patient,Wanowrie,ECG Machine,Diagnostic Equipment,14,460,6440,10000,450,560,Bank Transfer,Returned,Good,4.0,2026-03-03,2026-02-06,2026-02-17,2026-03-03,2026-03-03,Completed,Not Cancelled,411030.0,ECG-004,2022-05-09,2024-04-30,2025-04-30,4.2,9,8,0,0,6440
REN0071,2026-02-05,CUST367,Home Care,Dhankawadi,Oxygen Concentrator,Respiratory Equipment,10,280,2800,5900,300,200,UPI,Returned,Good,,2026-02-15,2026-02-03,2026-02-05,2026-02-15,2026-02-15,Completed,Not Cancelled,411042.0,OC-004,2025-03-27,2026-06-20,2026-12-17,1.3,16,15,0,0,2800
REN0072,2026-04-03,CUST387,Hospital,Kharadi,Oxygen Concentrator,Respiratory Equipment,3,300,900,5400,200,40,UPI,Returned,Good,5.0,2026-04-06,2026-03-31,2026-04-03,2026-04-06,2026-04-06,Completed,Not Cancelled,411040.0,OC-016,2022-05-08,2026-06-18,2026-09-16,4.2,16,6,0,0,900
REN0073,2026-07-27,CUST388,Home Care,Wakad,Suction Machine,Surgical Equipment,7,230,1610,5100,250,120,Debit Card,Returned,Good,4.0,2026-08-03,2026-07-20,2026-07-27,2026-08-03,2026-08-03,Completed,Not Cancelled,411007.0,SM-001,2022-01-16,2022-11-13,2023-11-13,4.5,14,8,0,0,1610
REN0074,2026-03-27,CUST323,Individual Patient,Vishrantwadi,Nebulizer,Respiratory Equipment,45,90,4050,1600,100,180,Credit Card,Returned,Good,3.5,2026-05-11,2026-03-20,2026-03-27,2026-05-11,2026-05-11,Completed,Not Cancelled,411015.0,NB-006,2024-09-04,2025-08-23,2026-02-19,1.9,12,5,0,0,4050
REN0075,2026-05-23,CUST149,Clinic,Shivajinagar,Fowler Bed,Patient Care Equipment,14,440,6160,7100,300,330,UPI,Returned,Good,5.0,2026-06-06,2026-05-14,2026-05-23,2026-06-06,2026-06-06,Completed,Not Cancelled,411040.0,FB-002,2025-01-02,2026-02-11,2026-06-11,1.6,15,12,0,0,6160
REN0076,2026-05-21,CUST141,Individual Patient,Dhankawadi,Hospital Bed,Patient Care Equipment,5,350,1750,6300,350,80,Bank Transfer,Returned,Good,,2026-05-26,2026-05-14,2026-05-21,2026-05-26,2026-05-26,Completed,Not Cancelled,411046.0,HB-011,2023-11-04,2025-12-22,2026-03-22,2.7,23,15,0,0,1750
REN0077,2026-07-05,CUST175,Home Care,Bibwewadi,Commode Chair,Mobility Equipment,7,90,630,2200,450,60,Credit Card,Returned,Good,4.5,2026-07-12,2026-06-29,2026-07-05,2026-07-12,2026-07-12,Completed,Not Cancelled,411007.0,CC-005,2024-07-20,2024-10-24,2025-04-22,2.0,10,7,0,0,630
REN0078,2026-06-30,CUST215,Hospital,Viman Nagar,Fowler Bed,Patient Care Equipment,30,430,12900,7500,500,580,Bank Transfer,Returned,Excellent,4.0,2026-07-30,2026-06-25,2026-06-30,2026-07-30,2026-07-30,Completed,Not Cancelled,411048.0,FB-006,2024-01-01,2025-08-08,2025-11-06,2.6,15,9,0,0,12900
REN0079,2026-02-22,CUST240,Home Care,Aundh,Commode Chair,Mobility Equipment,10,100,1000,2200,150,90,Bank Transfer,Returned,Excellent,4.5,2026-03-04,2026-02-21,2026-02-22,2026-03-04,2026-03-04,Completed,Not Cancelled,411008.0,CC-008,2024-10-02,2026-06-23,2026-12-20,1.8,10,7,0,0,1000
REN0080,2026-06-04,CUST339,Clinic,Kharadi,Hospital Bed,Patient Care Equipment,14,370,5180,7200,350,250,Bank Transfer,Returned,Excellent,4.5,2026-06-18,2026-05-28,2026-06-04,2026-06-18,2026-06-18,Completed,Not Cancelled,411043.0,HB-012,2022-06-28,2023-10-26,2024-02-23,4.1,23,15,0,0,5180
REN0081,2026-03-23,CUST191,Home Care,Hadapsar,Hospital Bed,Patient Care Equipment,5,340,1700,7200,300,100,Credit Card,Returned,Good,5.0,2026-03-28,2026-03-21,2026-03-23,2026-03-28,2026-03-28,Completed,Not Cancelled,411015.0,HB-014,2025-06-29,2026-07-26,2027-07-26,1.1,23,12,0,0,1700
REN0082,2026-05-31,CUST203,Individual Patient,Koregaon Park,Suction Machine,Surgical Equipment,7,260,1820,5000,350,70,Bank Transfer,Active,Good,,,2026-05-17,2026-05-31,2026-06-07,,Confirmed,Not Cancelled,411057.0,SM-003,2025-06-21,2026-01-30,2026-07-29,1.1,14,10,0,0,1820
REN0083,2026-04-23,CUST200,Clinic,Koregaon Park,BiPAP Machine,Respiratory Equipment,21,520,10920,10300,300,650,Credit Card,Returned,Fair,4.5,2026-05-14,2026-04-22,2026-04-23,2026-05-14,2026-05-14,Completed,Not Cancelled,411045.0,BP-007,2024-05-15,2025-06-19,2026-06-19,2.2,11,7,0,0,10920
REN0084,2026-04-17,CUST233,Diagnostic Center,Shivajinagar,Commode Chair,Mobility Equipment,3,90,270,2100,300,20,Debit Card,Returned,Excellent,4.0,2026-04-20,2026-04-16,2026-04-17,2026-04-20,2026-04-20,Completed,Not Cancelled,411047.0,CC-008,2024-10-02,2026-06-23,2026-12-20,1.8,10,8,0,0,270
REN0085,2026-07-21,CUST389,Home Care,Vishrantwadi,Wheelchair,Mobility Equipment,5,140,700,2900,150,40,Debit Card,Active,Excellent,,,2026-07-12,2026-07-21,2026-07-26,,Confirmed,Not Cancelled,411048.0,WC-019,2023-12-24,2026-05-27,2026-08-25,2.6,20,10,0,0,700
REN0086,2026-05-10,CUST177,Home Care,Wanowrie,Walker,Mobility Equipment,14,70,980,1500,500,60,Credit Card,Returned,Fair,4.5,2026-05-24,2026-05-08,2026-05-10,2026-05-24,2026-05-24,Completed,Not Cancelled,411007.0,WK-003,2024-07-22,2024-11-09,2025-05-08,2.0,7,5,0,0,980
REN0087,2026-04-07,CUST195,Individual Patient,Viman Nagar,Nebulizer,Respiratory Equipment,7,80,560,1600,250,40,Bank Transfer,Returned,Fair,5.0,2026-04-14,2026-04-03,2026-04-07,2026-04-14,2026-04-14,Completed,Not Cancelled,411048.0,NB-005,2023-08-11,2025-09-26,2026-03-25,3.0,12,5,0,0,560
REN0088,2026-07-03,CUST186,Individual Patient,Hinjawadi,ECG Machine,Diagnostic Equipment,10,500,5000,8700,300,370,Bank Transfer,Returned,Good,4.5,2026-07-13,2026-06-21,2026-07-03,2026-07-13,2026-07-13,Completed,Not Cancelled,411008.0,ECG-003,2022-12-29,2023-07-22,2024-01-18,3.6,9,6,0,0,5000
REN0089,2026-03-12,CUST186,Hospital,Kharadi,Infusion Pump,Critical Care Equipment,5,350,1750,7000,350,80,UPI,Returned,Fair,4.5,2026-03-17,2026-03-03,2026-03-12,2026-03-17,2026-03-17,Completed,Not Cancelled,411040.0,IP-010,2023-02-03,2024-03-05,2024-06-03,3.5,10,5,0,0,1750
REN0090,2026-03-07,CUST380,Home Care,Vishrantwadi,Oxygen Concentrator,Respiratory Equipment,45,260,11700,5600,150,960,UPI,Active,Good,,,2026-03-04,2026-03-07,2026-04-21,,Confirmed,Not Cancelled,411045.0,OC-011,2023-11-25,2025-04-03,2025-07-02,2.7,16,7,0,0,11700
REN0091,2026-06-09,CUST132,Diagnostic Center,Camp,Fowler Bed,Patient Care Equipment,7,430,3010,8400,300,220,Debit Card,Cancelled,Good,,,2026-06-06,2026-06-09,,,Cancelled,Cancelled,,,,,,,15,15,1,1,3010
REN0092,2026-02-18,CUST239,Clinic,Hadapsar,Walker,Mobility Equipment,5,60,300,1500,300,20,UPI,Returned,Good,5.0,2026-02-23,2026-02-11,2026-02-18,2026-02-23,2026-02-23,Completed,Not Cancelled,411046.0,WK-006,2024-09-05,2025-05-31,2025-09-28,1.9,7,5,0,0,300
REN0093,2026-03-15,CUST169,Home Care,Wanowrie,Surgical Headlight,Surgical Equipment,30,170,5100,3400,350,210,Cash,Returned,Excellent,3.5,2026-04-14,2026-03-10,2026-03-15,2026-04-14,2026-04-14,Completed,Not Cancelled,411046.0,SH-007,2022-04-06,2022-09-26,2023-01-24,4.3,8,7,0,0,5100
REN0094,2026-02-01,CUST228,Hospital,Kharadi,Ventilator,Critical Care Equipment,14,1010,14140,25100,200,1230,Debit Card,Returned,Excellent,5.0,2026-02-15,2026-01-30,2026-02-01,2026-02-15,2026-02-15,Completed,Not Cancelled,411058.0,VT-005,2024-12-01,2025-11-16,2026-03-16,1.7,8,7,0,0,14140
REN0095,2026-04-13,CUST202,Individual Patient,Wakad,Wheelchair,Mobility Equipment,21,150,3150,2600,250,150,UPI,Returned,Excellent,3.5,2026-05-04,2026-04-11,2026-04-13,2026-05-04,2026-05-04,Completed,Not Cancelled,411007.0,WC-008,2024-11-30,2025-04-12,2025-07-11,1.7,20,6,0,0,3150
REN0096,2026-03-04,CUST398,Diagnostic Center,Bibwewadi,Surgical Headlight,Surgical Equipment,3,190,570,4100,250,30,UPI,Cancelled,Fair,,,2026-02-22,2026-03-04,,,Cancelled,Cancelled,411007.0,,,,,,8,8,0,1,570
REN0097,2026-05-23,CUST349,Clinic,Wakad,BiPAP Machine,Respiratory Equipment,10,540,5400,8900,300,420,UPI,Returned,Good,4.5,2026-06-02,2026-05-19,2026-05-23,2026-06-02,2026-06-02,Completed,Not Cancelled,411014.0,BP-001,2024-10-27,2025-12-27,2026-03-27,1.8,11,6,0,0,5400
REN0098,2026-03-25,CUST209,Individual Patient,Viman Nagar,ECG Machine,Diagnostic Equipment,14,490,6860,8800,200,450,UPI,Returned,Excellent,4.5,2026-04-08,2026-03-16,2026-03-25,2026-04-08,2026-04-08,Completed,Not Cancelled,411015.0,ECG-002,2022-10-22,2024-10-03,2025-01-31,3.8,9,7,0,0,6860
REN0099,2026-02-01,CUST152,Home Care,Camp,Nebulizer,Respiratory Equipment,30,80,2400,1500,250,220,Credit Card,Returned,Excellent,4.5,2026-03-03,2026-01-30,2026-02-01,2026-03-03,2026-03-03,Completed,Not Cancelled,411038.0,NB-011,2022-04-03,2023-07-05,2023-10-03,4.3,12,10,0,0,2400
REN0100,2026-02-05,CUST359,Clinic,Wakad,Hospital Bed,Patient Care Equipment,5,340,1700,6200,200,90,Credit Card,Returned,Excellent,,2026-02-10,2026-01-29,2026-02-05,2026-02-10,2026-02-10,Completed,Not Cancelled,411048.0,HB-007,2023-05-24,2024-04-15,2025-04-15,3.2,23,21,0,0,1700
REN0101,2026-04-17,CUST286,Individual Patient,Wakad,Infusion Pump,Critical Care Equipment,5,300,1500,7100,200,60,Bank Transfer,Returned,Good,5.0,2026-04-22,2026-04-11,2026-04-17,2026-04-22,2026-04-22,Completed,Not Cancelled,411030.0,IP-001,2025-02-21,2026-06-24,2026-09-22,1.4,10,7,0,0,1500
REN0102,2026-04-22,CUST387,Clinic,Baner,Oxygen Concentrator,Respiratory Equipment,21,290,6090,6800,350,280,UPI,Returned,Fair,4.5,2026-05-13,2026-04-18,2026-04-22,2026-05-13,2026-05-13,Completed,Not Cancelled,411052.0,OC-010,2022-01-22,2023-03-21,2024-03-20,4.5,16,7,0,0,6090
REN0103,2026-04-10,CUST214,Hospital,Chinchwad,CPAP Machine,Respiratory Equipment,3,330,990,7100,350,70,Bank Transfer,Returned,Good,4.5,2026-04-13,2026-04-03,2026-04-10,2026-04-13,2026-04-13,Completed,Not Cancelled,411043.0,CP-001,2022-11-27,2025-01-06,2025-04-06,3.7,19,14,0,0,990
REN0104,2026-07-18,CUST192,Clinic,Hinjawadi,Oxygen Concentrator,Respiratory Equipment,7,280,1960,5700,350,130,Debit Card,Returned,Excellent,4.5,2026-07-25,2026-07-16,2026-07-18,2026-07-25,2026-07-25,Completed,Not Cancelled,411038.0,OC-008,2022-01-13,2023-05-05,2023-08-03,4.5,16,12,0,0,1960
REN0105,2026-03-03,CUST269,Clinic,Camp,Oxygen Concentrator,Respiratory Equipment,14,270,3780,6200,350,340,UPI,Returned,Fair,3.5,2026-03-17,2026-02-21,2026-03-03,2026-03-17,2026-03-17,Completed,Not Cancelled,411047.0,OC-002,2023-10-02,2025-09-17,2026-03-16,2.8,16,8,0,0,3780
REN0106,2026-02-19,CUST236,Hospital,Dhankawadi,CPAP Machine,Respiratory Equipment,1,370,370,7900,250,10,Debit Card,Returned,Good,4.5,2026-02-20,2026-02-10,2026-02-19,2026-02-20,2026-02-20,Completed,Not Cancelled,411038.0,CP-007,2023-05-05,2026-04-29,,3.2,19,17,0,0,370
REN0107,2026-02-01,CUST212,Individual Patient,Erandwane,Commode Chair,Mobility Equipment,14,90,1260,2000,150,100,Bank Transfer,Returned,Fair,5.0,2026-02-15,2026-01-29,2026-02-01,2026-02-15,2026-02-15,Completed,Not Cancelled,,CC-001,2024-04-22,2025-08-07,2025-11-05,2.3,10,9,1,0,1260
REN0108,2026-07-05,CUST245,Individual Patient,Wakad,CPAP Machine,Respiratory Equipment,10,330,3300,8400,400,230,Cash,Returned,Good,4.5,2026-07-15,2026-06-28,2026-07-05,2026-07-15,2026-07-15,Completed,Not Cancelled,411052.0,CP-016,2023-08-18,2025-09-17,2026-01-15,3.0,19,13,0,0,3300
REN0109,2026-02-24,CUST288,Individual Patient,Kothrud,Surgical Headlight,Surgical Equipment,7,170,1190,3700,350,40,UPI,Returned,Excellent,4.5,2026-03-03,2026-02-13,2026-02-24,2026-03-03,2026-03-03,Completed,Not Cancelled,411009.0,SH-003,2023-01-16,2024-03-16,2024-09-12,3.5,8,8,0,0,1190
REN0110,2026-06-01,CUST168,Hospital,Pimpri,CPAP Machine,Respiratory Equipment,7,330,2310,7100,200,110,Bank Transfer,Returned,Good,5.0,2026-06-08,2026-05-27,2026-06-01,2026-06-08,2026-06-08,Completed,Not Cancelled,411038.0,CP-016,2023-08-18,2025-09-17,2026-01-15,3.0,19,10,0,0,2310
REN0111,2026-06-27,CUST362,Home Care,Erandwane,Hospital Bed,Patient Care Equipment,14,360,5040,6500,250,190,UPI,Cancelled,Fair,,,2026-06-23,2026-06-27,,,Cancelled,Cancelled,411014.0,,,,,,23,23,0,1,5040
REN0112,2026-03-09,CUST121,Individual Patient,Bibwewadi,Wheelchair,Mobility Equipment,3,160,480,2400,350,20,Credit Card,Returned,Good,4.0,2026-03-12,2026-02-28,2026-03-09,2026-03-12,2026-03-12,Completed,Not Cancelled,411047.0,WC-002,2024-11-25,2025-02-12,2025-06-12,1.7,20,12,0,0,480
REN0113,2026-07-16,CUST119,Diagnostic Center,Erandwane,Oxygen Concentrator,Respiratory Equipment,30,270,8100,6800,150,420,Bank Transfer,Returned,Good,5.0,2026-08-15,2026-07-15,2026-07-16,2026-08-15,2026-08-15,Completed,Not Cancelled,411043.0,OC-001,2025-03-23,2025-09-09,2026-01-07,1.4,16,13,0,0,8100
REN0114,2026-02-23,CUST330,Individual Patient,Erandwane,Surgical Loupe,Surgical Equipment,5,240,1200,4600,250,80,Cash,Cancelled,Good,,,2026-02-15,2026-02-23,,,Cancelled,Cancelled,411057.0,,,,,,7,7,0,1,1200
REN0115,2026-04-29,CUST359,Clinic,Wakad,Oxygen Concentrator,Respiratory Equipment,1,260,260,6700,400,20,Bank Transfer,Returned,Excellent,3.0,2026-04-30,2026-04-26,2026-04-29,2026-04-30,2026-04-30,Completed,Not Cancelled,411052.0,OC-007,2022-03-01,2024-09-16,2025-01-14,4.4,16,7,0,0,260
REN0116,2026-03-10,CUST179,Home Care,Chinchwad,Wheelchair,Mobility Equipment,45,140,6300,2400,200,280,Credit Card,Returned,Fair,4.5,2026-04-24,2026-03-02,2026-03-10,2026-04-24,2026-04-24,Completed,Not Cancelled,411027.0,WC-011,2024-06-14,2024-10-17,2025-04-15,2.1,20,9,0,0,6300
REN0117,2026-05-09,CUST286,Individual Patient,Vishrantwadi,Wheelchair,Mobility Equipment,30,160,4800,2600,200,190,Debit Card,Returned,Good,5.0,2026-06-08,2026-05-04,2026-05-09,2026-06-08,2026-06-08,Completed,Not Cancelled,411027.0,WC-001,2024-04-30,2025-08-24,2025-11-22,2.3,20,4,0,0,4800
REN0118,2026-02-23,CUST347,Clinic,Koregaon Park,Fowler Bed,Patient Care Equipment,10,450,4500,7800,250,220,Credit Card,Returned,Excellent,5.0,2026-03-05,2026-02-22,2026-02-23,2026-03-05,2026-03-05,Completed,Not Cancelled,411027.0,FB-012,2024-03-04,2025-10-11,2026-04-09,2.4,15,8,0,0,4500
REN0119,2026-02-20,CUST232,Home Care,Dhankawadi,Suction Machine,Surgical Equipment,45,250,11250,4500,250,680,UPI,Returned,Good,4.0,2026-04-06,2026-02-09,2026-02-20,2026-04-06,2026-04-06,Completed,Not Cancelled,411014.0,SM-002,2023-03-01,2023-10-28,2024-04-25,3.4,14,4,0,0,11250
REN0120,2026-05-20,CUST332,Individual Patient,Erandwane,Oxygen Concentrator,Respiratory Equipment,10,260,2600,6500,350,190,UPI,Returned,Good,4.5,2026-05-30,2026-05-14,2026-05-20,2026-05-30,2026-05-30,Completed,Not Cancelled,411057.0,OC-003,2024-12-09,2025-07-09,2026-07-09,1.6,16,9,0,0,2600
REN0121,2026-05-26,CUST389,Home Care,Dhankawadi,BiPAP Machine,Respiratory Equipment,10,530,5300,10800,350,350,UPI,Returned,Good,,2026-06-05,2026-05-22,2026-05-26,2026-06-05,2026-06-05,Completed,Not Cancelled,411008.0,BP-005,2022-02-05,2024-01-14,2025-01-13,4.5,11,6,0,0,5300
REN0122,2026-04-12,CUST387,Individual Patient,Wakad,BiPAP Machine,Respiratory Equipment,30,510,15300,9300,150,680,Debit Card,Returned,Fair,4.5,2026-05-12,2026-04-04,2026-04-12,2026-05-12,2026-05-12,Completed,Not Cancelled,411037.0,BP-004,2024-06-27,,2026-02-23,2.1,11,6,0,0,15300
REN0123,2026-03-03,CUST227,Clinic,Bibwewadi,Fowler Bed,Patient Care Equipment,7,400,2800,6700,200,150,Debit Card,Returned,Excellent,4.5,2026-03-10,2026-02-26,2026-03-03,2026-03-10,2026-03-10,Completed,Not Cancelled,411027.0,FB-011,2022-05-13,2023-03-15,2023-06-13,4.2,15,7,0,0,2800
REN0124,2026-04-29,CUST153,Individual Patient,Wakad,ECG Machine,Diagnostic Equipment,30,480,14400,9200,250,660,UPI,Returned,Good,4.0,2026-05-29,2026-04-28,2026-04-29,2026-05-29,2026-05-29,Completed,Not Cancelled,411007.0,ECG-002,2022-10-22,2024-10-03,2025-01-31,3.8,9,5,0,0,14400
REN0125,2026-03-29,CUST191,Diagnostic Center,Bibwewadi,Fowler Bed,Patient Care Equipment,5,410,2050,7400,350,190,Credit Card,Returned,Fair,5.0,2026-04-03,2026-03-22,2026-03-29,2026-04-03,2026-04-03,Completed,Not Cancelled,411048.0,FB-011,2022-05-13,2023-03-15,2023-06-13,4.2,15,12,0,0,2050
REN0126,2026-04-21,CUST293,Individual Patient,Dhankawadi,Nebulizer,Respiratory Equipment,10,80,800,1700,100,50,UPI,Returned,Good,4.5,2026-05-01,2026-04-08,2026-04-21,2026-05-01,2026-05-01,Completed,Not Cancelled,411040.0,NB-001,2024-01-01,2024-11-22,2025-05-21,2.6,12,9,0,0,800
REN0127,2026-07-02,CUST355,Individual Patient,Aundh,Wheelchair,Mobility Equipment,45,160,7200,2700,450,390,UPI,Returned,Fair,4.5,2026-08-16,2026-06-29,2026-07-02,2026-08-16,2026-08-16,Completed,Not Cancelled,411052.0,WC-004,2024-04-11,2025-03-19,2025-07-17,2.3,20,10,0,0,7200
REN0128,2026-07-31,CUST221,Hospital,Pimpri,Wheelchair,Mobility Equipment,3,130,390,2900,550,30,UPI,Returned,Good,4.0,2026-08-03,2026-07-20,2026-07-31,2026-08-03,2026-08-03,Completed,Not Cancelled,411043.0,WC-003,2022-01-25,2024-05-16,2024-08-14,4.5,20,5,0,0,390
REN0129,2026-07-17,CUST333,Home Care,Dhankawadi,Fowler Bed,Patient Care Equipment,30,410,12300,6900,200,1140,Debit Card,Returned,Excellent,4.5,2026-08-16,2026-07-10,2026-07-17,2026-08-16,2026-08-16,Completed,Not Cancelled,411038.0,FB-009,2024-02-22,2025-12-15,2026-12-15,2.4,15,6,0,0,12300
REN0130,2026-06-21,CUST164,Individual Patient,Vishrantwadi,Oxygen Concentrator,Respiratory Equipment,3,290,870,5500,500,30,UPI,Returned,Excellent,5.0,2026-06-24,2026-06-20,2026-06-21,2026-06-24,2026-06-24,Completed,Not Cancelled,411015.0,OC-010,2022-01-22,2023-03-21,2024-03-20,4.5,16,7,0,0,870
REN0131,2026-04-03,CUST296,Hospital,Wanowrie,Oxygen Concentrator,Respiratory Equipment,3,280,840,6200,250,70,Bank Transfer,Returned,Good,5.0,2026-04-06,2026-03-26,2026-04-03,2026-04-06,2026-04-06,Completed,Not Cancelled,411042.0,OC-006,2024-06-08,2024-10-26,2025-04-24,2.1,16,6,0,0,840
REN0132,2026-04-15,CUST327,Home Care,Aundh,Wheelchair,Mobility Equipment,5,150,750,2700,150,30,Bank Transfer,Returned,Fair,5.0,2026-04-20,2026-04-10,2026-04-15,2026-04-20,2026-04-20,Completed,Not Cancelled,411046.0,WC-015,2022-05-31,2025-11-16,2026-11-16,4.2,20,7,0,0,750
REN0133,2026-05-27,CUST168,Clinic,Hinjawadi,Wheelchair,Mobility Equipment,3,160,480,2700,350,40,Debit Card,Returned,Good,4.0,2026-05-30,2026-05-18,2026-05-27,2026-05-30,2026-05-30,Completed,Not Cancelled,411007.0,WC-012,2025-04-29,2026-05-02,2027-05-02,1.3,20,8,0,0,480
REN0134,2026-03-02,CUST361,Individual Patient,Wakad,Nebulizer,Respiratory Equipment,30,80,2400,1700,200,130,Bank Transfer,Returned,Good,4.0,2026-04-01,2026-02-23,2026-03-02,2026-04-01,2026-04-01,Completed,Not Cancelled,411015.0,NB-005,2023-08-11,2025-09-26,2026-03-25,3.0,12,8,0,0,2400
REN0135,2026-02-20,CUST302,Individual Patient,Wanowrie,Oxygen Concentrator,Respiratory Equipment,14,300,4200,5700,350,340,Credit Card,Returned,Good,4.0,2026-03-06,2026-02-19,2026-02-20,2026-03-06,2026-03-06,Completed,Not Cancelled,411030.0,OC-003,2024-12-09,2025-07-09,,1.6,16,10,0,0,4200
REN0136,2026-05-03,CUST374,Individual Patient,Erandwane,Oxygen Concentrator,Respiratory Equipment,7,300,2100,5500,300,140,Bank Transfer,Returned,Good,5.0,2026-05-10,2026-05-01,2026-05-03,2026-05-10,2026-05-10,Completed,Not Cancelled,411009.0,OC-013,2023-06-29,2024-03-06,2025-03-06,3.1,16,6,0,0,2100
REN0137,2026-03-01,CUST284,Home Care,Erandwane,Commode Chair,Mobility Equipment,10,100,1000,2200,150,60,Bank Transfer,Returned,Good,5.0,2026-03-11,2026-02-25,2026-03-01,2026-03-11,2026-03-11,Completed,Not Cancelled,411008.0,CC-010,2022-12-23,2023-04-16,2023-10-13,3.6,10,7,0,0,1000
REN0138,2026-07-28,CUST243,Individual Patient,Wakad,Wheelchair,Mobility Equipment,14,150,2100,2600,400,80,UPI,Returned,Good,4.5,2026-08-11,2026-07-23,2026-07-28,2026-08-11,2026-08-11,Completed,Not Cancelled,411015.0,WC-014,2025-07-05,2026-01-27,2026-04-27,1.1,20,8,0,0,2100
REN0139,2026-02-10,CUST219,Hospital,Vishrantwadi,Infusion Pump,Critical Care Equipment,21,300,6300,7100,300,320,Credit Card,Returned,Excellent,5.0,2026-03-03,2026-01-29,2026-02-10,2026-03-03,2026-03-03,Completed,Not Cancelled,411028.0,IP-004,2023-06-20,2024-08-23,2025-08-23,3.1,10,6,0,0,6300
REN0140,2026-04-16,CUST119,Clinic,Camp,Wheelchair,Mobility Equipment,1,160,160,3000,300,10,UPI,Returned,Good,4.5,2026-04-17,2026-04-06,2026-04-16,2026-04-17,2026-04-17,Completed,Not Cancelled,411040.0,WC-017,2022-04-22,2026-03-30,2026-07-28,4.3,20,6,0,0,160
REN0141,2026-05-27,CUST205,Individual Patient,Aundh,Infusion Pump,Critical Care Equipment,14,310,4340,7200,500,390,UPI,Returned,Excellent,4.0,2026-06-10,2026-05-17,2026-05-27,2026-06-10,2026-06-10,Completed,Not Cancelled,411048.0,IP-002,2023-07-05,2024-03-20,2025-03-20,3.1,10,7,0,0,4340
REN0142,2026-03-06,CUST232,Individual Patient,Kothrud,Hospital Bed,Patient Care Equipment,5,340,1700,7000,350,120,Debit Card,Returned,Good,5.0,2026-03-11,2026-02-28,2026-03-06,2026-03-11,2026-03-11,Completed,Not Cancelled,411052.0,HB-006,2023-04-29,2023-10-02,2024-01-30,3.3,23,15,0,0,1700
REN0143,2026-05-06,CUST294,Clinic,Wakad,Oxygen Concentrator,Respiratory Equipment,3,300,900,5600,250,40,UPI,Returned,Good,4.0,2026-05-09,2026-05-05,2026-05-06,2026-05-09,2026-05-09,Completed,Not Cancelled,411030.0,OC-016,2022-05-08,2026-06-18,2026-09-16,4.2,16,6,0,0,900
REN0144,2026-07-06,CUST165,Clinic,Wanowrie,ECG Machine,Diagnostic Equipment,10,540,5400,8700,200,370,Credit Card,Returned,Good,4.5,2026-07-16,2026-06-27,2026-07-06,2026-07-16,2026-07-16,Completed,Not Cancelled,411040.0,ECG-004,2022-05-09,2024-04-30,2025-04-30,4.2,9,5,0,0,5400
REN0145,2026-07-18,CUST332,Home Care,Kothrud,Patient Monitor,Monitoring Equipment,21,570,11970,9900,250,710,Bank Transfer,Returned,Good,4.5,2026-08-08,2026-07-17,2026-07-18,2026-08-08,2026-08-08,Completed,Not Cancelled,411007.0,PM-011,2023-07-09,2025-11-09,2026-03-09,3.1,13,8,0,0,11970
REN0146,2026-03-15,CUST242,Individual Patient,Erandwane,Suction Machine,Surgical Equipment,10,260,2600,5100,450,170,Credit Card,Returned,Excellent,5.0,2026-03-25,2026-03-14,2026-03-15,2026-03-25,2026-03-25,Completed,Not Cancelled,411048.0,SM-012,2022-09-12,2025-07-02,2025-12-29,3.9,14,9,0,0,2600
REN0147,2026-06-02,CUST210,Home Care,Shivajinagar,Nebulizer,Respiratory Equipment,10,90,900,1500,250,40,Debit Card,Returned,Good,3.0,2026-06-12,2026-05-30,2026-06-02,2026-06-12,2026-06-12,Completed,Not Cancelled,411015.0,NB-004,2022-09-18,2023-08-03,2023-12-01,3.9,12,9,0,0,900
REN0148,2026-06-20,CUST147,Home Care,Erandwane,Hospital Bed,Patient Care Equipment,30,340,10200,6700,300,560,Bank Transfer,Returned,Excellent,5.0,2026-07-20,2026-06-08,2026-06-20,2026-07-20,2026-07-20,Completed,Not Cancelled,411008.0,HB-014,2025-06-29,2026-07-26,2027-07-26,1.1,23,14,0,0,10200
REN0149,2026-07-21,CUST133,Individual Patient,Koregaon Park,ECG Machine,Diagnostic Equipment,45,470,21150,8700,200,1060,Credit Card,Returned,Fair,5.0,2026-09-04,2026-07-12,2026-07-21,2026-09-04,2026-09-04,Completed,Not Cancelled,411043.0,ECG-007,2025-02-25,2025-07-31,2026-07-31,1.4,9,7,0,0,21150
REN0150,2026-05-07,CUST162,Individual Patient,Hadapsar,Infusion Pump,Critical Care Equipment,14,350,4900,7300,200,300,Debit Card,Cancelled,Fair,,,2026-05-06,2026-05-07,,,Cancelled,Cancelled,411030.0,,,,,,10,10,0,1,4900
REN0151,2026-07-24,CUST223,Home Care,Hinjawadi,Commode Chair,Mobility Equipment,14,100,1400,1900,350,110,Bank Transfer,Returned,Excellent,4.0,2026-08-07,2026-07-12,2026-07-24,2026-08-07,2026-08-07,Completed,Not Cancelled,411037.0,CC-006,2024-10-14,2025-03-18,2025-07-16,1.8,10,3,0,0,1400
REN0152,2026-07-29,CUST377,Individual Patient,Shivajinagar,Wheelchair,Mobility Equipment,14,130,1820,2900,200,80,UPI,Returned,Excellent,3.5,2026-08-12,2026-07-20,2026-07-29,2026-08-12,2026-08-12,Completed,Not Cancelled,411037.0,WC-005,2022-09-10,2026-02-09,2026-06-09,3.9,20,5,0,0,1820
REN0153,2026-05-17,CUST282,Hospital,Koregaon Park,Surgical Loupe,Surgical Equipment,7,220,1540,4600,100,130,Credit Card,Returned,Fair,4.0,2026-05-24,2026-05-10,2026-05-17,2026-05-24,2026-05-24,Completed,Not Cancelled,411043.0,SL-005,2022-05-04,2025-12-20,2026-06-18,4.2,7,6,0,0,1540
REN0154,2026-06-04,CUST321,Home Care,Kothrud,Wheelchair,Mobility Equipment,21,150,3150,2600,500,200,UPI,Returned,Excellent,,2026-06-25,2026-06-02,2026-06-04,2026-06-25,2026-06-25,Completed,Not Cancelled,411048.0,WC-012,2025-04-29,2026-05-02,2027-05-02,1.3,20,9,0,0,3150
REN0155,2026-02-09,CUST232,Hospital,Hadapsar,Patient Monitor,Monitoring Equipment,10,640,6400,11700,350,540,UPI,Returned,Good,4.5,2026-02-19,2026-02-05,2026-02-09,2026-02-19,2026-02-19,Completed,Not Cancelled,411042.0,PM-011,2023-07-09,2025-11-09,2026-03-09,3.1,13,11,0,0,6400
REN0156,2026-03-05,CUST192,Home Care,Baner,Wheelchair,Mobility Equipment,10,140,1400,2600,350,130,Bank Transfer,Active,Excellent,,,2026-03-02,2026-03-05,2026-03-15,,Confirmed,Not Cancelled,411043.0,WC-004,2024-04-11,2025-03-19,2025-07-17,2.3,20,11,0,0,1400
REN0157,2026-07-18,CUST392,Individual Patient,Bibwewadi,Hospital Bed,Patient Care Equipment,30,400,12000,7100,250,480,Credit Card,Returned,Good,4.5,2026-08-17,2026-07-11,2026-07-18,2026-08-17,2026-08-17,Completed,Not Cancelled,411048.0,HB-013,2025-05-03,,2026-03-16,1.2,23,15,0,0,12000
REN0158,2026-05-02,CUST108,Hospital,Kothrud,ECG Machine,Diagnostic Equipment,10,540,5400,8800,250,350,UPI,Active,Good,,,2026-04-25,2026-05-02,2026-05-12,,Confirmed,Not Cancelled,411047.0,ECG-007,2025-02-25,2025-07-31,2026-07-31,1.4,9,4,0,0,5400
REN0159,2026-04-08,CUST138,Home Care,Pimpri,Wheelchair,Mobility Equipment,21,140,2940,3000,450,170,Credit Card,Returned,Fair,4.5,2026-04-29,2026-04-05,2026-04-08,2026-04-29,2026-04-29,Completed,Not Cancelled,411014.0,WC-009,2024-08-16,2024-11-16,2025-11-16,2.0,20,8,0,0,2940
REN0160,2026-03-19,CUST127,Hospital,Shivajinagar,Walker,Mobility Equipment,10,70,700,1500,100,40,Credit Card,Returned,Good,4.0,2026-03-29,2026-03-15,2026-03-19,2026-03-29,2026-03-29,Completed,Not Cancelled,411028.0,WK-006,2024-09-05,2025-05-31,2025-09-28,1.9,7,7,0,0,700
REN0161,2026-03-30,CUST263,Individual Patient,Vishrantwadi,Oxygen Concentrator,Respiratory Equipment,14,260,3640,5400,450,230,UPI,Returned,Excellent,,2026-04-13,2026-03-24,2026-03-30,2026-04-13,2026-04-13,Completed,Not Cancelled,411038.0,OC-010,2022-01-22,2023-03-21,2024-03-20,4.5,16,6,0,0,3640
REN0162,2026-03-24,CUST257,Diagnostic Center,Koregaon Park,Oxygen Concentrator,Respiratory Equipment,5,260,1300,6300,300,70,Cash,Returned,Excellent,3.0,2026-03-29,2026-03-14,2026-03-24,2026-03-29,2026-03-29,Completed,Not Cancelled,411057.0,OC-002,2023-10-02,2025-09-17,2026-03-16,2.8,16,6,0,0,1300
REN0163,2026-03-31,CUST351,Diagnostic Center,Viman Nagar,Surgical Headlight,Surgical Equipment,7,180,1260,3500,100,80,UPI,Returned,Good,3.5,2026-04-07,2026-03-29,2026-03-31,2026-04-07,2026-04-07,Completed,Not Cancelled,411043.0,SH-001,2022-09-11,2023-01-30,2023-07-29,3.9,8,6,0,0,1260
REN0164,2026-07-21,CUST186,Individual Patient,Dhankawadi,CPAP Machine,Respiratory Equipment,21,360,7560,6500,450,710,UPI,Returned,Excellent,4.5,2026-08-11,2026-07-13,2026-07-21,2026-08-11,2026-08-11,Completed,Not Cancelled,411048.0,CP-012,2025-05-31,2025-12-09,2026-04-08,1.2,19,15,0,0,7560
REN0165,2026-02-17,CUST396,Home Care,Erandwane,Hospital Bed,Patient Care Equipment,30,350,10500,6400,250,980,Credit Card,Returned,Fair,3.5,2026-03-19,2026-02-03,2026-02-17,2026-03-19,2026-03-19,Completed,Not Cancelled,411047.0,HB-011,2023-11-04,2025-12-22,2026-03-22,2.7,23,12,0,0,10500
REN0166,2026-03-21,CUST380,Diagnostic Center,Baner,Hospital Bed,Patient Care Equipment,7,400,2800,7100,200,180,UPI,Returned,Good,4.0,2026-03-28,2026-03-12,2026-03-21,2026-03-28,2026-03-28,Completed,Not Cancelled,411057.0,HB-001,2024-10-28,2025-07-27,2025-11-24,1.8,23,14,0,0,2800
REN0167,2026-04-01,CUST252,Hospital,Koregaon Park,Walker,Mobility Equipment,5,60,300,1500,250,10,UPI,Returned,Excellent,4.5,2026-04-06,2026-03-27,2026-04-01,2026-04-06,2026-04-06,Completed,Not Cancelled,411040.0,WK-004,2024-03-29,2024-10-16,,2.3,7,5,0,0,300
REN0168,2026-04-06,CUST386,Home Care,Chinchwad,Patient Monitor,Monitoring Equipment,30,630,18900,10600,250,1680,Debit Card,Returned,Excellent,4.5,2026-05-06,2026-03-28,2026-04-06,2026-05-06,2026-05-06,Completed,Not Cancelled,411027.0,PM-007,2023-09-28,2024-02-25,,2.8,13,7,0,0,18900
REN0169,2026-03-16,CUST382,Individual Patient,Dhankawadi,Fowler Bed,Patient Care Equipment,14,450,6300,7100,300,600,UPI,Returned,Good,4.5,2026-03-30,2026-03-05,2026-03-16,2026-03-30,2026-03-30,Completed,Not Cancelled,411037.0,FB-012,2024-03-04,2025-10-11,2026-04-09,2.4,15,8,0,0,6300
REN0170,2026-04-23,CUST173,Individual Patient,Chinchwad,Hospital Bed,Patient Care Equipment,7,330,2310,5700,250,120,UPI,Returned,Good,4.0,2026-04-30,2026-04-14,2026-04-23,2026-04-30,2026-04-30,Completed,Not Cancelled,411007.0,HB-013,2025-05-03,2025-11-16,2026-03-16,1.2,23,14,0,0,2310
REN0171,2026-07-28,CUST398,Hospital,Kharadi,Commode Chair,Mobility Equipment,1,90,90,2000,350,10,Debit Card,Returned,Good,4.0,2026-07-29,2026-07-27,2026-07-28,2026-07-29,2026-07-29,Completed,Not Cancelled,411045.0,CC-009,2025-02-05,2026-03-20,2026-07-18,1.5,10,3,0,0,90
REN0172,2026-06-13,CUST111,Diagnostic Center,Vishrantwadi,Nebulizer,Respiratory Equipment,14,90,1260,1500,200,110,Credit Card,Cancelled,Good,,,2026-06-11,2026-06-13,,,Cancelled,Cancelled,411043.0,,,,,,12,12,0,1,1260
REN0173,2026-02-17,CUST340,Individual Patient,Wanowrie,Hospital Bed,Patient Care Equipment,14,390,5460,6300,150,280,UPI,Returned,Excellent,4.5,2026-03-03,2026-02-15,2026-02-17,2026-03-03,2026-03-03,Completed,Not Cancelled,411014.0,HB-020,2025-01-09,2025-06-27,2025-10-25,1.6,23,12,0,0,5460
REN0174,2026-07-04,CUST331,Clinic,Viman Nagar,Infusion Pump,Critical Care Equipment,21,320,6720,6300,200,440,Credit Card,Returned,Excellent,4.5,2026-07-25,2026-07-03,2026-07-04,2026-07-25,2026-07-25,Completed,Not Cancelled,411038.0,IP-009,2024-05-29,2025-01-24,2026-01-24,2.2,10,6,0,0,6720
REN0175,2026-04-05,CUST178,Individual Patient,Erandwane,Oxygen Concentrator,Respiratory Equipment,45,300,13500,5400,500,1150,Credit Card,Returned,Good,4.0,2026-05-20,2026-03-28,2026-04-05,2026-05-20,2026-05-20,Completed,Not Cancelled,411046.0,OC-012,2022-09-21,2025-04-21,2025-10-18,3.9,16,3,0,0,13500
REN0176,2026-03-30,CUST280,Hospital,Hinjawadi,Nebulizer,Respiratory Equipment,7,90,630,1500,150,50,UPI,Returned,Good,4.0,2026-04-06,2026-03-27,2026-03-30,2026-04-06,2026-04-06,Completed,Not Cancelled,411047.0,NB-001,2024-01-01,2024-11-22,2025-05-21,2.6,12,4,0,0,630
REN0177,2026-04-14,CUST195,Hospital,Dhankawadi,Nebulizer,Respiratory Equipment,5,80,400,1500,300,20,Credit Card,Returned,Good,5.0,2026-04-19,2026-04-06,2026-04-14,2026-04-19,2026-04-19,Completed,Not Cancelled,411047.0,NB-011,2022-04-03,2023-07-05,2023-10-03,4.3,12,6,0,0,400
REN0178,2026-07-08,CUST135,Hospital,Dhankawadi,Nebulizer,Respiratory Equipment,21,90,1890,1600,200,110,UPI,Returned,Fair,4.0,2026-07-29,2026-06-30,2026-07-08,2026-07-29,2026-07-29,Completed,Not Cancelled,411008.0,NB-004,2022-09-18,2023-08-03,2023-12-01,3.9,12,9,0,0,1890
REN0179,2026-04-28,CUST356,Hospital,Bibwewadi,Hospital Bed,Patient Care Equipment,10,350,3500,7300,300,140,UPI,Returned,Excellent,5.0,2026-05-08,2026-04-22,2026-04-28,2026-05-08,2026-05-08,Completed,Not Cancelled,411030.0,HB-009,2022-04-28,2023-06-27,,4.3,23,12,0,0,3500
REN0180,2026-03-30,CUST119,Clinic,Vishrantwadi,Suction Machine,Surgical Equipment,5,240,1200,4800,200,60,Credit Card,Returned,Good,4.5,2026-04-04,2026-03-29,2026-03-30,2026-04-04,2026-04-04,Completed,Not Cancelled,411042.0,SM-005,2023-02-15,2024-02-13,2025-02-12,3.5,14,10,0,0,1200
REN0181,2026-07-31,CUST341,Home Care,Wanowrie,Oxygen Concentrator,Respiratory Equipment,45,290,13050,5300,450,1080,UPI,Returned,Fair,4.5,2026-09-14,2026-07-28,2026-07-31,2026-09-14,2026-09-14,Completed,Not Cancelled,411009.0,OC-009,2024-12-24,2025-05-23,,1.6,16,11,0,0,13050
REN0182,2026-04-24,CUST326,Hospital,Bibwewadi,CPAP Machine,Respiratory Equipment,7,370,2590,7600,350,190,UPI,Returned,Good,,2026-05-01,2026-04-23,2026-04-24,2026-05-01,2026-05-01,Completed,Not Cancelled,411014.0,CP-013,2024-04-10,2026-03-03,2027-03-03,2.3,19,14,0,0,2590
REN0183,2026-02-18,CUST202,Individual Patient,Pimpri,Wheelchair,Mobility Equipment,14,140,1960,2600,250,150,UPI,Returned,Good,5.0,2026-03-04,2026-02-06,2026-02-18,2026-03-04,2026-03-04,Completed,Not Cancelled,411057.0,WC-017,2022-04-22,2026-03-30,2026-07-28,4.3,20,14,0,0,1960
REN0184,2026-03-22,CUST397,Home Care,Hadapsar,Walker,Mobility Equipment,14,70,980,1500,200,40,Debit Card,Returned,Good,3.0,2026-04-05,2026-03-19,2026-03-22,2026-04-05,2026-04-05,Completed,Not Cancelled,411040.0,WK-007,2022-10-31,2023-01-01,2024-01-01,3.8,7,6,0,0,980
REN0185,2026-07-22,CUST231,Home Care,Vishrantwadi,Suction Machine,Surgical Equipment,7,250,1750,5600,250,120,UPI,Cancelled,Excellent,,,2026-07-21,2026-07-22,,,Cancelled,Cancelled,411042.0,,,,,,14,14,0,1,1750
REN0186,2026-02-01,CUST376,Clinic,Wakad,Commode Chair,Mobility Equipment,3,100,300,1800,300,10,Bank Transfer,Returned,Excellent,3.5,2026-02-04,2026-01-31,2026-02-01,2026-02-04,2026-02-04,Completed,Not Cancelled,411014.0,CC-003,2023-05-29,2025-12-14,2026-03-14,3.2,10,9,0,0,300
REN0187,2026-04-01,CUST349,Home Care,Wakad,Wheelchair,Mobility Equipment,10,150,1500,2700,200,60,Credit Card,Returned,Good,5.0,2026-04-11,2026-03-25,2026-04-01,2026-04-11,2026-04-11,Completed,Not Cancelled,411043.0,WC-018,2024-03-18,2025-03-11,2026-03-11,2.4,20,6,0,0,1500
REN0188,2026-05-30,CUST367,Hospital,Aundh,Fowler Bed,Patient Care Equipment,10,410,4100,8100,300,160,Bank Transfer,Returned,Excellent,3.5,2026-06-09,2026-05-23,2026-05-30,2026-06-09,2026-06-09,Completed,Not Cancelled,411057.0,FB-011,2022-05-13,2023-03-15,2023-06-13,4.2,15,10,0,0,4100
REN0189,2026-02-11,CUST228,Home Care,Wanowrie,Wheelchair,Mobility Equipment,21,150,3150,2500,250,300,Bank Transfer,Returned,Good,3.5,2026-03-04,2026-01-28,2026-02-11,2026-03-04,2026-03-04,Completed,Not Cancelled,411058.0,WC-010,2022-10-28,2026-07-19,2027-01-15,3.8,20,18,0,0,3150
REN0190,2026-02-21,CUST239,Clinic,Chinchwad,Patient Monitor,Monitoring Equipment,5,610,3050,10500,250,170,Bank Transfer,Returned,Excellent,4.5,2026-02-26,2026-02-18,2026-02-21,2026-02-26,2026-02-26,Completed,Not Cancelled,411014.0,PM-004,2025-02-22,2025-11-29,2026-03-29,1.4,13,9,0,0,3050
REN0191,2026-03-11,CUST103,Home Care,Pimpri,Fowler Bed,Patient Care Equipment,30,410,12300,7900,200,470,Debit Card,Cancelled,Excellent,,,2026-03-10,2026-03-11,,,Cancelled,Cancelled,411015.0,,,,,,15,15,0,1,12300
REN0192,2026-02-20,CUST284,Individual Patient,Aundh,CPAP Machine,Respiratory Equipment,10,320,3200,6900,300,300,Debit Card,Returned,Good,4.0,2026-03-02,2026-02-11,2026-02-20,2026-03-02,2026-03-02,Completed,Not Cancelled,411042.0,CP-002,2022-02-22,2023-07-14,2024-07-13,4.4,19,17,0,0,3200
REN0193,2026-05-19,CUST342,Individual Patient,Viman Nagar,ECG Machine,Diagnostic Equipment,7,510,3570,10300,200,200,Credit Card,Returned,Good,,2026-05-26,2026-05-16,2026-05-19,2026-05-26,2026-05-26,Completed,Not Cancelled,411052.0,ECG-004,2022-05-09,2024-04-30,2025-04-30,4.2,9,7,0,0,3570
REN0194,2026-07-17,CUST379,Clinic,Shivajinagar,Hospital Bed,Patient Care Equipment,7,330,2310,5900,450,100,UPI,Returned,Fair,3.5,2026-07-24,2026-07-13,2026-07-17,2026-07-24,2026-07-24,Completed,Not Cancelled,411007.0,HB-011,2023-11-04,2025-12-22,2026-03-22,2.7,23,14,0,0,2310
REN0195,2026-06-12,CUST158,Home Care,Hinjawadi,Patient Monitor,Monitoring Equipment,30,650,19500,11700,350,1060,Cash,Active,Good,,,2026-06-01,2026-06-12,2026-07-12,,Confirmed,Not Cancelled,411015.0,PM-004,2025-02-22,2025-11-29,2026-03-29,1.4,13,8,0,0,19500
REN0196,2026-06-01,CUST149,Individual Patient,Shivajinagar,ECG Machine,Diagnostic Equipment,7,510,3570,8100,250,250,Credit Card,Returned,Good,4.5,2026-06-08,2026-05-26,2026-06-01,2026-06-08,2026-06-08,Completed,Not Cancelled,411014.0,ECG-005,2022-01-24,2022-08-13,2022-12-11,4.5,9,6,0,0,3570
REN0197,2026-05-24,CUST200,Individual Patient,Bibwewadi,BiPAP Machine,Respiratory Equipment,14,540,7560,9600,300,310,Credit Card,Returned,Good,5.0,2026-06-07,2026-05-20,2026-05-24,2026-06-07,2026-06-07,Completed,Not Cancelled,411047.0,BP-008,2024-04-21,2024-11-06,2025-02-04,2.3,11,4,0,0,7560
REN0198,2026-02-17,CUST349,Individual Patient,Dhankawadi,Wheelchair,Mobility Equipment,14,150,2100,3000,200,130,UPI,Returned,Good,4.5,2026-03-03,2026-02-04,2026-02-17,2026-03-03,2026-03-03,Completed,Not Cancelled,,WC-020,2023-01-10,2024-02-15,2024-06-14,3.6,20,16,1,0,2100
REN0199,2026-06-22,CUST341,Diagnostic Center,Kothrud,Wheelchair,Mobility Equipment,21,150,3150,2700,200,130,UPI,Returned,Good,4.5,2026-07-13,2026-06-19,2026-06-22,2026-07-13,2026-07-13,Completed,Not Cancelled,411046.0,WC-013,2024-09-18,2026-02-24,2026-08-23,1.9,20,10,0,0,3150
REN0200,2026-06-26,CUST160,Individual Patient,Wakad,CPAP Machine,Respiratory Equipment,3,380,1140,7500,500,80,Credit Card,Returned,Good,5.0,2026-06-29,2026-06-25,2026-06-26,2026-06-29,2026-06-29,Completed,Not Cancelled,411007.0,CP-002,2022-02-22,2023-07-14,2024-07-13,4.4,19,17,0,0,1140
REN0201,2026-02-07,CUST184,Individual Patient,Bibwewadi,Nebulizer,Respiratory Equipment,3,90,270,1700,450,20,UPI,Returned,Excellent,4.5,2026-02-10,2026-02-04,2026-02-07,2026-02-10,2026-02-10,Completed,Not Cancelled,411009.0,NB-005,2023-08-11,2025-09-26,2026-03-25,3.0,12,10,0,0,270
REN0202,2026-06-08,CUST149,Hospital,Hinjawadi,Surgical Loupe,Surgical Equipment,3,230,690,4000,250,50,Bank Transfer,Returned,Excellent,5.0,2026-06-11,2026-06-07,2026-06-08,2026-06-11,2026-06-11,Completed,Not Cancelled,411040.0,SL-006,2024-02-17,2025-07-19,2026-01-15,2.5,7,5,0,0,690
REN0203,2026-02-09,CUST199,Home Care,Dhankawadi,Surgical Headlight,Surgical Equipment,14,190,2660,4200,300,100,Credit Card,Returned,Good,5.0,2026-02-23,2026-02-05,2026-02-09,2026-02-23,2026-02-23,Completed,Not Cancelled,411037.0,SH-008,2023-07-21,2025-11-10,2026-02-08,3.0,8,7,0,0,2660
REN0204,2026-02-03,CUST202,Diagnostic Center,Koregaon Park,Suction Machine,Surgical Equipment,3,250,750,4600,200,70,Credit Card,Returned,Good,4.0,2026-02-06,2026-01-24,2026-02-03,2026-02-06,2026-02-06,Completed,Not Cancelled,411014.0,SM-001,2022-01-16,2022-11-13,2023-11-13,4.5,14,12,0,0,750
REN0205,2026-02-20,CUST240,Clinic,Chinchwad,Nebulizer,Respiratory Equipment,10,70,700,1700,200,30,Credit Card,Returned,Good,5.0,2026-03-02,2026-02-07,2026-02-20,2026-03-02,2026-03-02,Completed,Not Cancelled,411027.0,NB-003,2023-10-05,2025-10-07,2026-01-05,2.8,12,7,0,0,700
REN0206,2026-03-31,CUST179,Hospital,Viman Nagar,Hospital Bed,Patient Care Equipment,10,400,4000,6900,100,270,Bank Transfer,Returned,Good,4.5,2026-04-10,2026-03-23,2026-03-31,2026-04-10,2026-04-10,Completed,Not Cancelled,411046.0,HB-007,2023-05-24,2024-04-15,2025-04-15,3.2,23,6,0,0,4000
REN0207,2026-06-07,CUST127,Individual Patient,Kharadi,Hospital Bed,Patient Care Equipment,30,330,9900,6400,150,350,Debit Card,Returned,Good,4.0,2026-07-07,2026-05-26,2026-06-07,2026-07-07,2026-07-07,Completed,Not Cancelled,411007.0,HB-023,2023-09-05,2024-01-10,2024-05-09,2.9,23,13,0,0,9900
REN0208,2026-04-14,CUST138,Home Care,Vishrantwadi,Infusion Pump,Critical Care Equipment,7,360,2520,7200,150,150,Credit Card,Active,Good,,,2026-04-10,2026-04-14,2026-04-21,,Confirmed,Not Cancelled,411052.0,IP-004,2023-06-20,2024-08-23,2025-08-23,3.1,10,8,0,0,2520
REN0209,2026-05-06,CUST259,Hospital,Shivajinagar,ECG Machine,Diagnostic Equipment,3,510,1530,8900,200,110,Debit Card,Active,Good,,,2026-05-03,2026-05-06,2026-05-09,,Confirmed,Not Cancelled,,ECG-008,2022-02-10,2023-09-04,2024-09-03,4.5,9,5,1,0,1530
REN0210,2026-05-01,CUST160,Home Care,Hadapsar,Wheelchair,Mobility Equipment,30,160,4800,3100,450,420,Cash,Returned,Good,5.0,2026-05-31,2026-04-29,2026-05-01,2026-05-31,2026-05-31,Completed,Not Cancelled,411047.0,WC-015,2022-05-31,2025-11-16,2026-11-16,4.2,20,11,0,0,4800
REN0211,2026-06-10,CUST367,Clinic,Pimpri,Commode Chair,Mobility Equipment,3,90,270,2000,350,20,Bank Transfer,Returned,Excellent,4.5,2026-06-13,2026-06-04,2026-06-10,2026-06-13,2026-06-13,Completed,Not Cancelled,411043.0,CC-003,2023-05-29,2025-12-14,2026-03-14,3.2,10,7,0,0,270
REN0212,2026-04-10,CUST365,Individual Patient,Wakad,Patient Monitor,Monitoring Equipment,14,670,9380,12000,300,740,Cash,Returned,Fair,5.0,2026-04-24,2026-04-06,2026-04-10,2026-04-24,2026-04-24,Completed,Not Cancelled,411008.0,PM-004,2025-02-22,2025-11-29,2026-03-29,1.4,13,7,0,0,9380
REN0213,2026-03-15,CUST270,Home Care,Camp,ECG Machine,Diagnostic Equipment,30,490,14700,8600,250,610,Credit Card,Returned,Good,4.5,2026-04-14,2026-03-13,2026-03-15,2026-04-14,2026-04-14,Completed,Not Cancelled,411047.0,ECG-007,2025-02-25,2025-07-31,2026-07-31,1.4,9,8,0,0,14700
REN0214,2026-03-17,CUST137,Individual Patient,Pimpri,Surgical Headlight,Surgical Equipment,14,180,2520,3600,300,160,Bank Transfer,Returned,Good,4.5,2026-03-31,2026-03-05,2026-03-17,2026-03-31,2026-03-31,Completed,Not Cancelled,411038.0,SH-008,2023-07-21,2025-11-10,2026-02-08,3.0,8,5,0,0,2520
REN0215,2026-04-27,CUST246,Clinic,Chinchwad,ECG Machine,Diagnostic Equipment,14,470,6580,9800,350,340,Bank Transfer,Returned,Excellent,4.5,2026-05-11,2026-04-25,2026-04-27,2026-05-11,2026-05-11,Completed,Not Cancelled,411028.0,ECG-001,2025-06-16,,2026-02-05,1.1,9,5,0,0,6580
REN0216,2026-05-04,CUST302,Individual Patient,Hinjawadi,Oxygen Concentrator,Respiratory Equipment,30,270,8100,5800,450,300,UPI,Active,Good,,,2026-04-25,2026-05-04,2026-06-03,,Confirmed,Not Cancelled,411009.0,OC-015,2023-09-05,2024-03-04,2024-07-02,2.9,16,6,0,0,8100
REN0217,2026-05-08,CUST241,Home Care,Baner,Surgical Headlight,Surgical Equipment,60,170,5100,4200,150,380,Bank Transfer,Returned,Excellent,4.0,2026-06-07,2026-05-07,2026-05-08,2026-06-07,2026-06-07,Completed,Not Cancelled,411009.0,SH-006,2025-01-03,2025-04-27,2025-07-26,1.6,8,4,0,0,10200
REN0218,2026-07-25,CUST343,Individual Patient,Hinjawadi,Suction Machine,Surgical Equipment,3,250,750,5000,350,40,UPI,Returned,Good,5.0,2026-07-28,2026-07-19,2026-07-25,2026-07-28,2026-07-28,Completed,Not Cancelled,411037.0,SM-002,2023-03-01,2023-10-28,2024-04-25,3.4,14,10,0,0,750
REN0219,2026-03-01,CUST128,Hospital,Viman Nagar,Infusion Pump,Critical Care Equipment,5,330,1650,6400,200,80,UPI,Returned,Good,4.5,2026-03-06,2026-02-21,2026-03-01,2026-03-06,2026-03-06,Completed,Not Cancelled,411027.0,IP-008,2023-06-01,2023-09-22,2024-01-20,3.2,10,4,0,0,1650
REN0220,2026-05-16,CUST260,Hospital,Wakad,Surgical Loupe,Surgical Equipment,5,240,1200,4200,250,60,UPI,Returned,Good,4.0,2026-05-21,2026-05-13,2026-05-16,2026-05-21,2026-05-21,Completed,Not Cancelled,411048.0,SL-004,2024-02-17,2025-06-05,2025-12-02,2.5,7,7,0,0,1200
REN0221,2026-07-02,CUST361,Individual Patient,Dhankawadi,Infusion Pump,Critical Care Equipment,21,340,7140,7200,250,530,Bank Transfer,Returned,Excellent,4.0,2026-07-23,2026-07-01,2026-07-02,2026-07-23,2026-07-23,Completed,Not Cancelled,411040.0,IP-001,2025-02-21,2026-06-24,2026-09-22,1.4,10,7,0,0,7140
REN0222,2026-05-03,CUST267,Individual Patient,Shivajinagar,Patient Monitor,Monitoring Equipment,45,580,26100,9700,350,2300,UPI,Returned,Good,4.5,2026-06-17,2026-04-26,2026-05-03,2026-06-17,2026-06-17,Completed,Not Cancelled,411007.0,PM-012,2023-12-20,2024-10-07,2025-02-04,2.6,13,8,0,0,26100
REN0223,2026-05-05,CUST131,Hospital,Camp,Fowler Bed,Patient Care Equipment,10,420,4200,7800,200,320,Bank Transfer,Returned,Good,5.0,2026-05-15,2026-04-28,2026-05-05,2026-05-15,2026-05-15,Completed,Not Cancelled,411052.0,FB-012,2024-03-04,2025-10-11,2026-04-09,2.4,15,10,0,0,4200
REN0224,2026-06-09,CUST283,Individual Patient,Aundh,ECG Machine,Diagnostic Equipment,30,510,15300,9700,300,860,Credit Card,Returned,Good,5.0,2026-07-09,2026-06-05,2026-06-09,2026-07-09,2026-07-09,Completed,Not Cancelled,411027.0,ECG-009,2024-04-18,2026-03-30,2026-09-26,2.3,9,4,0,0,15300
REN0225,2026-02-12,CUST243,Clinic,Chinchwad,Hospital Bed,Patient Care Equipment,10,340,3400,7100,150,130,UPI,Returned,Excellent,3.0,2026-02-22,2026-02-08,2026-02-12,2026-02-22,2026-02-22,Completed,Not Cancelled,411043.0,HB-003,2022-11-12,2024-06-27,2024-09-25,3.7,23,17,0,0,3400
REN0226,2026-05-13,CUST377,Diagnostic Center,Aundh,CPAP Machine,Respiratory Equipment,5,370,1850,8400,100,170,Bank Transfer,Returned,Excellent,4.5,2026-05-18,2026-05-12,2026-05-13,2026-05-18,2026-05-18,Completed,Not Cancelled,411048.0,CP-011,2025-03-04,2025-12-26,2026-12-26,1.4,19,13,0,0,1850
REN0227,2026-05-06,CUST158,Home Care,Wanowrie,Wheelchair,Mobility Equipment,10,160,1600,2900,300,120,Cash,Returned,Excellent,4.5,2026-05-16,2026-05-03,2026-05-06,2026-05-16,2026-05-16,Completed,Not Cancelled,411045.0,WC-011,2024-06-14,2024-10-17,2025-04-15,2.1,20,9,0,0,1600
REN0228,2026-06-23,CUST163,Clinic,Wanowrie,Oxygen Concentrator,Respiratory Equipment,7,270,1890,5800,100,150,UPI,Returned,Good,4.5,2026-06-30,2026-06-12,2026-06-23,2026-06-30,2026-06-30,Completed,Not Cancelled,411037.0,OC-001,2025-03-23,2025-09-09,2026-01-07,1.4,16,5,0,0,1890
REN0229,2026-05-09,CUST351,Home Care,Wanowrie,Nebulizer,Respiratory Equipment,10,90,900,1700,250,50,Cash,Returned,Good,3.5,2026-05-19,2026-05-07,2026-05-09,2026-05-19,2026-05-19,Completed,Not Cancelled,411007.0,NB-011,2022-04-03,2023-07-05,2023-10-03,4.3,12,9,0,0,900
REN0230,2026-02-23,CUST200,Individual Patient,Hinjawadi,CPAP Machine,Respiratory Equipment,14,350,4900,6600,100,240,UPI,Returned,Good,4.0,2026-03-09,2026-02-18,2026-02-23,2026-03-09,2026-03-09,Completed,Not Cancelled,411015.0,CP-014,2024-05-28,2026-03-24,2027-03-24,2.2,19,15,0,0,4900
REN0231,2026-05-07,CUST265,Hospital,Hadapsar,Fowler Bed,Patient Care Equipment,5,440,2200,8300,200,80,Bank Transfer,Returned,Excellent,4.0,2026-05-12,2026-04-29,2026-05-07,2026-05-12,2026-05-12,Completed,Not Cancelled,411042.0,FB-009,2024-02-22,2025-12-15,2026-12-15,2.4,15,8,0,0,2200
REN0232,2026-05-15,CUST287,Individual Patient,Chinchwad,CPAP Machine,Respiratory Equipment,5,390,1950,7200,250,120,Bank Transfer,Active,Excellent,,,2026-05-05,2026-05-15,2026-05-20,,Confirmed,Not Cancelled,411057.0,CP-018,2022-12-12,2023-08-05,2024-08-04,3.6,19,12,0,0,1950
REN0233,2026-04-29,CUST312,Individual Patient,Kharadi,BiPAP Machine,Respiratory Equipment,3,580,1740,10300,300,80,UPI,Returned,Excellent,4.5,2026-05-02,2026-04-28,2026-04-29,2026-05-02,2026-05-02,Completed,Not Cancelled,411007.0,BP-003,2022-01-03,2023-01-31,2024-01-31,4.6,11,4,0,0,1740
REN0234,2026-03-19,CUST243,Home Care,Vishrantwadi,Hospital Bed,Patient Care Equipment,45,330,14850,5700,150,1120,Credit Card,Returned,Good,4.5,2026-05-03,2026-03-12,2026-03-19,2026-05-03,2026-05-03,Completed,Not Cancelled,,HB-015,2023-12-19,2025-01-01,2025-04-01,2.6,23,16,1,0,14850
REN0235,2026-04-08,CUST269,Clinic,Dhankawadi,CPAP Machine,Respiratory Equipment,21,370,7770,6600,250,420,UPI,Returned,Fair,3.0,2026-04-29,2026-04-01,2026-04-08,2026-04-29,2026-04-29,Completed,Not Cancelled,411030.0,CP-014,2024-05-28,2026-03-24,2027-03-24,2.2,19,16,0,0,7770
REN0236,2026-02-24,CUST241,Clinic,Camp,Fowler Bed,Patient Care Equipment,5,420,2100,8200,350,190,Credit Card,Returned,Excellent,5.0,2026-03-01,2026-02-22,2026-02-24,2026-03-01,2026-03-01,Completed,Not Cancelled,411047.0,FB-015,2024-03-17,2025-01-08,2025-05-08,2.4,15,7,0,0,2100
REN0237,2026-07-16,CUST104,Hospital,Koregaon Park,Commode Chair,Mobility Equipment,3,100,300,1800,350,30,UPI,Returned,Good,4.0,2026-07-19,2026-07-15,2026-07-16,2026-07-19,2026-07-19,Completed,Not Cancelled,411058.0,CC-006,2024-10-14,2025-03-18,2025-07-16,1.8,10,4,0,0,300
REN0238,2026-07-02,CUST166,Hospital,Hadapsar,CPAP Machine,Respiratory Equipment,7,370,2590,7400,150,240,Bank Transfer,Returned,Good,4.5,2026-07-09,2026-06-22,2026-07-02,2026-07-09,2026-07-09,Completed,Not Cancelled,411014.0,CP-005,2022-05-05,2023-05-04,2023-10-31,4.2,19,16,0,0,2590
REN0239,2026-06-10,CUST130,Clinic,Wanowrie,CPAP Machine,Respiratory Equipment,7,320,2240,7500,200,90,Bank Transfer,Returned,Good,4.5,2026-06-17,2026-06-05,2026-06-10,2026-06-17,2026-06-17,Completed,Not Cancelled,411042.0,CP-014,2024-05-28,2026-03-24,2027-03-24,2.2,19,14,0,0,2240
REN0240,2026-02-26,CUST185,Home Care,Hadapsar,CPAP Machine,Respiratory Equipment,10,370,3700,6600,200,350,UPI,Returned,Excellent,4.5,2026-03-08,2026-02-25,2026-02-26,2026-03-08,2026-03-08,Completed,Not Cancelled,411058.0,CP-012,2025-05-31,2025-12-09,2026-04-08,1.2,19,11,0,0,3700
REN0241,2026-06-15,CUST134,Home Care,Koregaon Park,Ventilator,Critical Care Equipment,5,1130,5650,24800,200,500,Bank Transfer,Returned,Good,4.0,2026-06-20,2026-06-09,2026-06-15,2026-06-20,2026-06-20,Completed,Not Cancelled,411058.0,VT-001,2024-10-29,2025-06-25,2025-10-23,1.8,8,8,0,0,5650
REN0242,2026-03-18,CUST102,Clinic,Aundh,Commode Chair,Mobility Equipment,5,100,500,1900,250,30,UPI,Returned,Good,4.0,2026-03-23,2026-03-14,2026-03-18,2026-03-23,2026-03-23,Completed,Not Cancelled,411047.0,CC-007,2024-03-04,,2024-08-07,2.4,10,8,0,0,500
REN0243,2026-05-21,CUST171,Hospital,Kharadi,Ventilator,Critical Care Equipment,3,1180,3540,20000,300,260,Debit Card,Returned,Good,4.5,2026-05-24,2026-05-20,2026-05-21,2026-05-24,2026-05-24,Completed,Not Cancelled,411047.0,VT-007,2024-05-13,2025-03-30,2026-03-30,2.2,8,8,0,0,3540
REN0244,2026-07-18,CUST283,Individual Patient,Wakad,Oxygen Concentrator,Respiratory Equipment,10,290,2900,6600,550,140,Credit Card,Returned,Good,4.5,2026-07-28,2026-07-15,2026-07-18,2026-07-28,2026-07-28,Completed,Not Cancelled,411027.0,OC-005,2024-02-15,2026-06-16,2026-10-14,2.5,16,12,0,0,2900
REN0245,2026-05-23,CUST165,Hospital,Vishrantwadi,CPAP Machine,Respiratory Equipment,3,360,1080,8200,250,50,UPI,Returned,Good,4.5,2026-05-26,2026-05-19,2026-05-23,2026-05-26,2026-05-26,Completed,Not Cancelled,411028.0,CP-007,2023-05-05,2026-04-29,2026-10-26,3.2,19,6,0,0,1080
REN0246,2026-02-26,CUST332,Hospital,Wanowrie,Oxygen Concentrator,Respiratory Equipment,30,300,9000,6700,300,780,UPI,Returned,Good,4.5,2026-03-28,2026-02-20,2026-02-26,2026-03-28,2026-03-28,Completed,Not Cancelled,411058.0,OC-006,2024-06-08,2024-10-26,2025-04-24,2.1,16,10,0,0,9000
REN0247,2026-03-21,CUST335,Home Care,Hadapsar,Hospital Bed,Patient Care Equipment,21,350,7350,6600,150,460,Bank Transfer,Active,Fair,,,2026-03-17,2026-03-21,2026-04-11,,Confirmed,Not Cancelled,411043.0,HB-012,2022-06-28,2023-10-26,2024-02-23,4.1,23,14,0,0,7350
REN0248,2026-03-05,CUST117,Home Care,Vishrantwadi,Walker,Mobility Equipment,3,60,180,1300,250,10,Debit Card,Active,Excellent,,,2026-03-03,2026-03-05,2026-03-08,,Confirmed,Not Cancelled,,WK-001,2023-09-04,,2025-03-20,2.9,7,3,1,0,180
REN0249,2026-07-24,CUST243,Home Care,Pimpri,BiPAP Machine,Respiratory Equipment,14,500,7000,9500,450,370,UPI,Returned,Good,4.5,2026-08-07,2026-07-17,2026-07-24,2026-08-07,2026-08-07,Completed,Not Cancelled,411008.0,BP-001,2024-10-27,2025-12-27,2026-03-27,1.8,11,5,0,0,7000
REN0250,2026-05-26,CUST182,Clinic,Erandwane,Patient Monitor,Monitoring Equipment,3,600,1800,10200,200,110,Credit Card,Returned,Excellent,4.5,2026-05-29,2026-05-18,2026-05-26,2026-05-29,2026-05-29,Completed,Not Cancelled,411052.0,PM-007,2023-09-28,2024-02-25,2024-05-25,2.8,13,9,0,0,1800
REN0251,2026-06-13,CUST105,Individual Patient,Dhankawadi,Oxygen Concentrator,Respiratory Equipment,5,260,1300,6600,300,100,UPI,Returned,Good,,2026-06-18,2026-06-07,2026-06-13,2026-06-18,2026-06-18,Completed,Not Cancelled,411009.0,OC-009,2024-12-24,2025-05-23,2025-11-19,1.6,16,6,0,0,1300
REN0252,2026-03-27,CUST343,Hospital,Hinjawadi,Walker,Mobility Equipment,10,70,700,1300,400,60,UPI,Returned,Good,4.5,2026-04-06,2026-03-26,2026-03-27,2026-04-06,2026-04-06,Completed,Not Cancelled,411045.0,WK-005,2023-08-31,2024-06-28,2025-06-28,2.9,7,4,0,0,700
REN0253,2026-02-23,CUST118,Hospital,Vishrantwadi,Commode Chair,Mobility Equipment,21,90,1890,1800,500,180,UPI,Returned,Good,4.5,2026-03-16,2026-02-21,2026-02-23,2026-03-16,2026-03-16,Completed,Not Cancelled,411028.0,CC-009,2025-02-05,2026-03-20,2026-07-18,1.5,10,7,0,0,1890
REN0254,2026-02-13,CUST396,Home Care,Wakad,Hospital Bed,Patient Care Equipment,45,380,17100,5700,350,1290,Credit Card,Returned,Excellent,4.5,2026-03-30,2026-02-01,2026-02-13,2026-03-30,2026-03-30,Completed,Not Cancelled,411014.0,HB-018,2023-03-16,2025-07-16,2025-11-13,3.4,23,15,0,0,17100
REN0255,2026-05-25,CUST283,Home Care,Dhankawadi,Wheelchair,Mobility Equipment,7,130,910,3000,150,70,Credit Card,Returned,Excellent,4.0,2026-06-01,2026-05-23,2026-05-25,2026-06-01,2026-06-01,Completed,Not Cancelled,411009.0,WC-004,2024-04-11,2025-03-19,2025-07-17,2.3,20,9,0,0,910
REN0256,2026-02-05,CUST217,Home Care,Wanowrie,Patient Monitor,Monitoring Equipment,14,570,7980,11900,150,730,Credit Card,Active,Fair,,,2026-02-02,2026-02-05,2026-02-19,,Confirmed,Not Cancelled,411040.0,PM-002,2024-11-14,2025-12-21,2026-04-20,1.7,13,11,0,0,7980
REN0257,2026-05-07,CUST356,Hospital,Dhankawadi,Oxygen Concentrator,Respiratory Equipment,1,260,260,6300,150,10,UPI,Returned,Excellent,4.5,2026-05-08,2026-04-29,2026-05-07,2026-05-08,2026-05-08,Completed,Not Cancelled,411048.0,OC-007,2022-03-01,2024-09-16,2025-01-14,4.4,16,5,0,0,260
REN0258,2026-06-16,CUST200,Clinic,Aundh,Hospital Bed,Patient Care Equipment,5,390,1950,5800,300,150,Credit Card,Returned,Excellent,4.5,2026-06-21,2026-06-07,2026-06-16,2026-06-21,2026-06-21,Completed,Not Cancelled,411007.0,HB-004,2025-03-24,2026-06-21,2026-12-18,1.4,23,16,0,0,1950
REN0259,2026-04-04,CUST298,Hospital,Shivajinagar,Oxygen Concentrator,Respiratory Equipment,7,260,1820,6800,150,80,Credit Card,Returned,Good,4.5,2026-04-11,2026-03-23,2026-04-04,2026-04-11,2026-04-11,Completed,Not Cancelled,411046.0,OC-001,2025-03-23,2025-09-09,2026-01-07,1.4,16,3,0,0,1820
REN0260,2026-07-13,CUST135,Clinic,Kothrud,Nebulizer,Respiratory Equipment,7,80,560,1700,350,50,UPI,Cancelled,Good,,,2026-07-09,2026-07-13,,,Cancelled,Cancelled,411042.0,,,,,,12,12,0,1,560
REN0261,2026-07-22,CUST353,Individual Patient,Shivajinagar,Hospital Bed,Patient Care Equipment,5,350,1750,5700,250,70,UPI,Returned,Good,3.5,2026-07-27,2026-07-08,2026-07-22,2026-07-27,2026-07-27,Completed,Not Cancelled,411047.0,HB-009,2022-04-28,2023-06-27,2023-09-25,4.3,23,15,0,0,1750
REN0262,2026-04-03,CUST225,Individual Patient,Kharadi,Fowler Bed,Patient Care Equipment,5,470,2350,7800,400,170,UPI,Returned,Good,5.0,2026-04-08,2026-04-01,2026-04-03,2026-04-08,2026-04-08,Completed,Not Cancelled,411042.0,FB-004,2022-08-26,2025-11-03,2026-11-03,3.9,15,12,0,0,2350
REN0263,2026-05-08,CUST111,Home Care,Shivajinagar,Hospital Bed,Patient Care Equipment,7,330,2310,6700,150,170,UPI,Returned,Good,3.5,2026-05-15,2026-04-28,2026-05-08,2026-05-15,2026-05-15,Completed,Not Cancelled,411009.0,HB-005,2024-08-09,2025-01-10,2025-04-10,2.0,23,14,0,0,2310
REN0264,2026-05-24,CUST234,Home Care,Bibwewadi,CPAP Machine,Respiratory Equipment,10,390,3900,7400,300,250,Bank Transfer,Returned,Good,5.0,2026-06-03,2026-05-21,2026-05-24,2026-06-03,2026-06-03,Completed,Not Cancelled,411037.0,CP-011,2025-03-04,2025-12-26,2026-12-26,1.4,19,3,0,0,3900
REN0265,2026-03-19,CUST119,Hospital,Dhankawadi,Patient Monitor,Monitoring Equipment,1,630,630,12400,100,60,UPI,Returned,Good,4.5,2026-03-20,2026-03-07,2026-03-19,2026-03-20,2026-03-20,Completed,Not Cancelled,411058.0,PM-012,2023-12-20,2024-10-07,2025-02-04,2.6,13,9,0,0,630
REN0266,2026-03-07,CUST128,Hospital,Wanowrie,Hospital Bed,Patient Care Equipment,5,330,1650,7000,250,130,Credit Card,Returned,Good,5.0,2026-03-12,2026-02-24,2026-03-07,2026-03-12,2026-03-12,Completed,Not Cancelled,411048.0,HB-003,2022-11-12,2024-06-27,2024-09-25,3.7,23,13,0,0,1650
REN0267,2026-07-04,CUST183,Individual Patient,Shivajinagar,Wheelchair,Mobility Equipment,3,140,420,2800,200,20,Credit Card,Active,Good,,,2026-06-25,2026-07-04,2026-07-07,,Confirmed,Not Cancelled,411030.0,WC-011,2024-06-14,2024-10-17,2025-04-15,2.1,20,10,0,0,420
REN0268,2026-03-06,CUST339,Hospital,Kharadi,Surgical Headlight,Surgical Equipment,1,180,180,4000,400,10,UPI,Returned,Excellent,3.0,2026-03-07,2026-02-27,2026-03-06,2026-03-07,2026-03-07,Completed,Not Cancelled,411057.0,SH-001,2022-09-11,2023-01-30,2023-07-29,3.9,8,8,0,0,180
REN0269,2026-02-05,CUST138,Clinic,Hadapsar,Suction Machine,Surgical Equipment,7,250,1750,4800,300,130,UPI,Returned,Good,4.5,2026-02-12,2026-02-02,2026-02-05,2026-02-12,2026-02-12,Completed,Not Cancelled,,SM-002,2023-03-01,2023-10-28,2024-04-25,3.4,14,11,1,0,1750
REN0270,2026-03-29,CUST141,Home Care,Viman Nagar,Patient Monitor,Monitoring Equipment,10,670,6700,10100,100,580,Bank Transfer,Returned,Excellent,4.5,2026-04-08,2026-03-24,2026-03-29,2026-04-08,2026-04-08,Completed,Not Cancelled,411040.0,PM-005,2024-05-27,2025-01-13,2025-05-13,2.2,13,8,0,0,6700
REN0271,2026-05-07,CUST143,Clinic,Shivajinagar,Walker,Mobility Equipment,14,70,980,1500,250,50,UPI,Returned,Good,5.0,2026-05-21,2026-05-06,2026-05-07,2026-05-21,2026-05-21,Completed,Not Cancelled,411047.0,WK-005,2023-08-31,2024-06-28,2025-06-28,2.9,7,6,0,0,980
REN0272,2026-03-21,CUST233,Individual Patient,Chinchwad,Patient Monitor,Monitoring Equipment,21,680,14280,11700,100,590,Bank Transfer,Returned,Good,3.5,2026-04-11,2026-03-13,2026-03-21,2026-04-11,2026-04-11,Completed,Not Cancelled,411045.0,PM-006,2024-01-04,2024-06-05,2024-12-02,2.6,13,8,0,0,14280
REN0273,2026-05-06,CUST255,Individual Patient,Viman Nagar,Infusion Pump,Critical Care Equipment,7,330,2310,5800,150,170,UPI,Returned,Good,3.5,2026-05-13,2026-05-04,2026-05-06,2026-05-13,2026-05-13,Completed,Not Cancelled,411014.0,IP-007,2023-02-08,2024-04-26,2024-08-24,3.5,10,7,0,0,2310
REN0274,2026-04-20,CUST298,Hospital,Chinchwad,Ventilator,Critical Care Equipment,14,1160,16240,21000,200,960,Bank Transfer,Returned,Fair,3.5,2026-05-04,2026-04-17,2026-04-20,2026-05-04,2026-05-04,Completed,Not Cancelled,411009.0,VT-003,2024-06-04,2025-08-24,2025-11-22,2.2,8,8,0,0,16240
REN0275,2026-04-19,CUST195,Home Care,Camp,CPAP Machine,Respiratory Equipment,45,340,15300,7100,100,1050,UPI,Returned,Good,3.0,2026-06-03,2026-04-16,2026-04-19,2026-06-03,2026-06-03,Completed,Not Cancelled,411046.0,CP-002,2022-02-22,2023-07-14,2024-07-13,4.4,19,16,0,0,15300
REN0276,2026-03-20,CUST364,Clinic,Aundh,Hospital Bed,Patient Care Equipment,5,380,1900,7000,300,100,UPI,Returned,Excellent,4.5,2026-03-25,2026-03-11,2026-03-20,2026-03-25,2026-03-25,Completed,Not Cancelled,411058.0,HB-022,2022-10-26,2023-05-17,,3.8,23,15,0,0,1900
REN0277,2026-03-01,CUST128,Individual Patient,Erandwane,Ventilator,Critical Care Equipment,30,980,29400,24900,350,1820,Credit Card,Returned,Good,4.0,2026-03-31,2026-02-25,2026-03-01,2026-03-31,2026-03-31,Completed,Not Cancelled,411047.0,VT-001,2024-10-29,2025-06-25,,1.8,8,8,0,0,29400
REN0278,2026-06-24,CUST391,Clinic,Camp,Wheelchair,Mobility Equipment,5,150,750,2800,250,40,Bank Transfer,Returned,Fair,5.0,2026-06-29,2026-06-18,2026-06-24,2026-06-29,2026-06-29,Completed,Not Cancelled,411052.0,WC-002,2024-11-25,2025-02-12,2025-06-12,1.7,20,9,0,0,750
REN0279,2026-03-26,CUST325,Home Care,Pimpri,Oxygen Concentrator,Respiratory Equipment,30,290,8700,6400,300,660,UPI,Returned,Good,4.5,2026-04-25,2026-03-24,2026-03-26,2026-04-25,2026-04-25,Completed,Not Cancelled,411057.0,OC-015,2023-09-05,2024-03-04,2024-07-02,2.9,16,4,0,0,8700
REN0280,2026-07-24,CUST284,Hospital,Vishrantwadi,CPAP Machine,Respiratory Equipment,14,370,5180,8100,300,300,Debit Card,Returned,Excellent,4.5,2026-08-07,2026-07-20,2026-07-24,2026-08-07,2026-08-07,Completed,Not Cancelled,411057.0,CP-014,2024-05-28,2026-03-24,2027-03-24,2.2,19,15,0,0,5180
REN0281,2026-05-28,CUST343,Home Care,Viman Nagar,CPAP Machine,Respiratory Equipment,21,340,7140,8400,500,550,Debit Card,Cancelled,Fair,,,2026-05-22,2026-05-28,,,Cancelled,Cancelled,411047.0,,,,,,19,19,0,1,7140
REN0282,2026-07-16,CUST133,Home Care,Pimpri,Fowler Bed,Patient Care Equipment,21,430,9030,7400,450,520,Bank Transfer,Returned,Excellent,3.5,2026-08-06,2026-07-14,2026-07-16,2026-08-06,2026-08-06,Completed,Not Cancelled,411047.0,FB-004,2022-08-26,2025-11-03,2026-11-03,3.9,15,8,0,0,9030
REN0283,2026-07-26,CUST203,Hospital,Shivajinagar,Hospital Bed,Patient Care Equipment,7,340,2380,6000,300,200,Credit Card,Returned,Good,4.0,2026-08-02,2026-07-18,2026-07-26,2026-08-02,2026-08-02,Completed,Not Cancelled,411047.0,HB-002,2024-02-10,2024-08-21,,2.5,23,16,0,0,2380
REN0284,2026-07-11,CUST200,Clinic,Kothrud,Infusion Pump,Critical Care Equipment,7,330,2310,7100,500,100,Credit Card,Returned,Good,4.5,2026-07-18,2026-07-06,2026-07-11,2026-07-18,2026-07-18,Completed,Not Cancelled,411028.0,IP-007,2023-02-08,2024-04-26,2024-08-24,3.5,10,6,0,0,2310
REN0285,2026-03-23,CUST188,Home Care,Hadapsar,Surgical Headlight,Surgical Equipment,30,190,5700,3700,250,440,Bank Transfer,Active,Excellent,,,2026-03-09,2026-03-23,2026-04-22,,Confirmed,Not Cancelled,411040.0,SH-005,2023-10-28,2025-09-07,2025-12-06,2.8,8,4,0,0,5700
REN0286,2026-07-27,CUST227,Home Care,Pimpri,Infusion Pump,Critical Care Equipment,7,350,2450,6400,250,130,Debit Card,Returned,Good,4.5,2026-08-03,2026-07-24,2026-07-27,2026-08-03,2026-08-03,Completed,Not Cancelled,411015.0,IP-004,2023-06-20,2024-08-23,2025-08-23,3.1,10,6,0,0,2450
REN0287,2026-03-19,CUST234,Individual Patient,Chinchwad,Hospital Bed,Patient Care Equipment,10,380,3800,6300,550,320,UPI,Returned,Good,5.0,2026-03-29,2026-03-15,2026-03-19,2026-03-29,2026-03-29,Completed,Not Cancelled,411040.0,HB-020,2025-01-09,2025-06-27,2025-10-25,1.6,23,16,0,0,3800
REN0288,2026-06-26,CUST397,Hospital,Hinjawadi,Surgical Headlight,Surgical Equipment,30,190,5700,3600,450,520,Bank Transfer,Returned,Good,4.0,2026-07-26,2026-06-14,2026-06-26,2026-07-26,2026-07-26,Completed,Not Cancelled,411040.0,SH-007,2022-04-06,2022-09-26,2023-01-24,4.3,8,7,0,0,5700
REN0289,2026-03-12,CUST273,Hospital,Hinjawadi,Hospital Bed,Patient Care Equipment,3,340,1020,6700,300,60,UPI,Active,Good,,,2026-03-01,2026-03-12,2026-03-15,,Confirmed,Not Cancelled,411008.0,HB-016,2023-09-12,,2025-11-01,2.9,23,14,0,0,1020
REN0290,2026-06-06,CUST390,Clinic,Hadapsar,Fowler Bed,Patient Care Equipment,10,410,4100,7700,250,350,Credit Card,Returned,Good,5.0,2026-06-16,2026-06-01,2026-06-06,2026-06-16,2026-06-16,Completed,Not Cancelled,411008.0,FB-015,2024-03-17,2025-01-08,2025-05-08,2.4,15,10,0,0,4100
REN0291,2026-02-26,CUST119,Individual Patient,Wakad,Hospital Bed,Patient Care Equipment,14,360,5040,6000,250,430,UPI,Returned,Good,,2026-03-12,2026-02-24,2026-02-26,2026-03-12,2026-03-12,Completed,Not Cancelled,411058.0,HB-007,2023-05-24,2024-04-15,2025-04-15,3.2,23,11,0,0,5040
REN0292,2026-02-21,CUST263,Hospital,Camp,Fowler Bed,Patient Care Equipment,14,420,5880,8100,200,290,UPI,Returned,Good,4.0,2026-03-07,2026-02-17,2026-02-21,2026-03-07,2026-03-07,Completed,Not Cancelled,411042.0,FB-003,2022-09-27,2023-02-09,2023-08-08,3.8,15,10,0,0,5880
REN0293,2026-03-09,CUST226,Hospital,Dhankawadi,Hospital Bed,Patient Care Equipment,21,330,6930,7200,200,620,UPI,Returned,Good,4.0,2026-03-30,2026-03-02,2026-03-09,2026-03-30,2026-03-30,Completed,Not Cancelled,411007.0,HB-004,2025-03-24,2026-06-21,,1.4,23,12,0,0,6930
REN0294,2026-04-02,CUST378,Home Care,Kothrud,Oxygen Concentrator,Respiratory Equipment,10,290,2900,6500,200,160,UPI,Active,Good,,,2026-03-30,2026-04-02,2026-04-12,,Confirmed,Not Cancelled,411030.0,OC-014,2025-02-15,2026-03-30,2026-09-26,1.5,16,7,0,0,2900
REN0295,2026-05-15,CUST152,Individual Patient,Baner,Hospital Bed,Patient Care Equipment,10,360,3600,6200,150,150,UPI,Active,Good,,,2026-05-13,2026-05-15,2026-05-25,,Confirmed,Not Cancelled,411052.0,HB-017,2022-03-17,2026-02-27,2026-08-26,4.4,23,14,0,0,3600
REN0296,2026-06-05,CUST127,Hospital,Baner,CPAP Machine,Respiratory Equipment,7,370,2590,6500,250,140,Credit Card,Returned,Fair,,2026-06-12,2026-05-30,2026-06-05,2026-06-12,2026-06-12,Completed,Not Cancelled,411046.0,CP-007,2023-05-05,2026-04-29,2026-10-26,3.2,19,13,0,0,2590
REN0297,2026-03-17,CUST146,Hospital,Aundh,Patient Monitor,Monitoring Equipment,5,640,3200,12200,250,250,Bank Transfer,Returned,Good,5.0,2026-03-22,2026-03-15,2026-03-17,2026-03-22,2026-03-22,Completed,Not Cancelled,411048.0,PM-011,2023-07-09,2025-11-09,2026-03-09,3.1,13,9,0,0,3200
REN0298,2026-07-13,CUST357,Individual Patient,Camp,ECG Machine,Diagnostic Equipment,30,500,15000,10100,300,990,UPI,Returned,Good,5.0,2026-08-12,2026-07-02,2026-07-13,2026-08-12,2026-08-12,Completed,Not Cancelled,411043.0,ECG-008,2022-02-10,2023-09-04,2024-09-03,4.5,9,8,0,0,15000
REN0299,2026-07-25,CUST381,Individual Patient,Koregaon Park,Patient Monitor,Monitoring Equipment,30,630,18900,12500,250,850,Cash,Returned,Good,5.0,2026-08-24,2026-07-24,2026-07-25,2026-08-24,2026-08-24,Completed,Not Cancelled,411046.0,PM-009,2023-03-12,2024-08-21,2025-02-17,3.4,13,6,0,0,18900
REN0300,2026-05-28,CUST176,Individual Patient,Wakad,Fowler Bed,Patient Care Equipment,14,400,5600,7000,300,490,Cash,Returned,Good,3.5,2026-06-11,2026-05-14,2026-05-28,2026-06-11,2026-06-11,Completed,Not Cancelled,,FB-006,2024-01-01,2025-08-08,2025-11-06,2.6,15,10,1,0,5600
REN0301,2026-03-01,CUST341,Clinic,Wanowrie,Oxygen Concentrator,Respiratory Equipment,3,270,810,6800,450,40,Debit Card,Returned,Excellent,3.5,2026-03-04,2026-02-23,2026-03-01,2026-03-04,2026-03-04,Completed,Not Cancelled,411048.0,OC-013,2023-06-29,2024-03-06,2025-03-06,3.1,16,10,0,0,810
REN0302,2026-02-11,CUST286,Clinic,Hinjawadi,Suction Machine,Surgical Equipment,10,270,2700,5500,550,200,Debit Card,Returned,Good,4.5,2026-02-21,2026-01-28,2026-02-11,2026-02-21,2026-02-21,Completed,Not Cancelled,411046.0,SM-006,2024-01-04,2024-10-23,2025-02-20,2.6,14,9,0,0,2700
REN0303,2026-02-15,CUST351,Hospital,Shivajinagar,Walker,Mobility Equipment,21,70,1470,1600,250,130,UPI,Returned,Good,4.5,2026-03-08,2026-02-06,2026-02-15,2026-03-08,2026-03-08,Completed,Not Cancelled,411015.0,WK-004,2024-03-29,2024-10-16,2025-10-16,2.3,7,7,0,0,1470
REN0304,2026-06-05,CUST124,Hospital,Hadapsar,Hospital Bed,Patient Care Equipment,7,370,2590,6300,300,210,UPI,Returned,Excellent,3.0,2026-06-12,2026-06-03,2026-06-05,2026-06-12,2026-06-12,Completed,Not Cancelled,411028.0,HB-020,2025-01-09,2025-06-27,2025-10-25,1.6,23,15,0,0,2590
REN0305,2026-03-29,CUST300,Hospital,Shivajinagar,Hospital Bed,Patient Care Equipment,10,390,3900,5800,350,270,UPI,Returned,Good,3.5,2026-04-08,2026-03-26,2026-03-29,2026-04-08,2026-04-08,Completed,Not Cancelled,411047.0,HB-023,2023-09-05,2024-01-10,,2.9,23,10,0,0,3900
REN0306,2026-07-30,CUST139,Home Care,Viman Nagar,Wheelchair,Mobility Equipment,30,150,4500,2400,300,300,Bank Transfer,Returned,Good,4.5,2026-08-29,2026-07-28,2026-07-30,2026-08-29,2026-08-29,Completed,Not Cancelled,411015.0,WC-010,2022-10-28,2026-07-19,2027-01-15,3.8,20,5,0,0,4500
REN0307,2026-04-01,CUST287,Home Care,Viman Nagar,CPAP Machine,Respiratory Equipment,10,350,3500,7800,200,210,Credit Card,Returned,Good,5.0,2026-04-11,2026-03-24,2026-04-01,2026-04-11,2026-04-11,Completed,Not Cancelled,411045.0,CP-012,2025-05-31,2025-12-09,2026-04-08,1.2,19,16,0,0,3500
REN0308,2026-07-07,CUST312,Home Care,Chinchwad,BiPAP Machine,Respiratory Equipment,45,540,24300,9600,350,1190,UPI,Returned,Good,4.0,2026-08-21,2026-07-05,2026-07-07,2026-08-21,2026-08-21,Completed,Not Cancelled,411037.0,BP-002,2022-07-01,2023-06-08,2023-10-06,4.1,11,7,0,0,24300
REN0309,2026-04-22,CUST241,Individual Patient,Pimpri,Wheelchair,Mobility Equipment,10,150,1500,2900,150,60,Credit Card,Returned,Good,5.0,2026-05-02,2026-04-14,2026-04-22,2026-05-02,2026-05-02,Completed,Not Cancelled,411027.0,WC-016,2024-07-04,2025-08-17,2025-12-15,2.1,20,8,0,0,1500
REN0310,2026-02-01,CUST136,Home Care,Hinjawadi,CPAP Machine,Respiratory Equipment,10,330,3300,7200,250,310,Cash,Returned,Excellent,5.0,2026-02-11,2026-01-22,2026-02-01,2026-02-11,2026-02-11,Completed,Not Cancelled,411014.0,CP-013,2024-04-10,2026-03-03,2027-03-03,2.3,19,16,0,0,3300
REN0311,2026-04-06,CUST254,Home Care,Bibwewadi,Nebulizer,Respiratory Equipment,10,90,900,1800,100,80,Credit Card,Active,Excellent,,,2026-04-01,2026-04-06,2026-04-16,,Confirmed,Not Cancelled,411046.0,NB-004,2022-09-18,2023-08-03,2023-12-01,3.9,12,6,0,0,900
REN0312,2026-02-26,CUST378,Home Care,Vishrantwadi,Suction Machine,Surgical Equipment,14,240,3360,4700,250,140,Credit Card,Returned,Good,5.0,2026-03-12,2026-02-18,2026-02-26,2026-03-12,2026-03-12,Completed,Not Cancelled,411028.0,SM-014,2024-10-23,2025-06-25,2025-12-22,1.8,14,8,0,0,3360
REN0313,2026-02-19,CUST254,Individual Patient,Kharadi,BiPAP Machine,Respiratory Equipment,30,540,16200,11200,350,1030,Credit Card,Returned,Good,4.5,2026-03-21,2026-02-08,2026-02-19,2026-03-21,2026-03-21,Completed,Not Cancelled,411042.0,BP-007,2024-05-15,2025-06-19,2026-06-19,2.2,11,9,0,0,16200
REN0314,2026-07-17,CUST130,Diagnostic Center,Koregaon Park,BiPAP Machine,Respiratory Equipment,3,570,1710,9400,200,150,Bank Transfer,Returned,Good,4.5,2026-07-20,2026-07-08,2026-07-17,2026-07-20,2026-07-20,Completed,Not Cancelled,411027.0,BP-003,2022-01-03,2023-01-31,2024-01-31,4.6,11,7,0,0,1710
REN0315,2026-02-26,CUST379,Home Care,Hinjawadi,Suction Machine,Surgical Equipment,3,250,750,5300,250,40,UPI,Returned,Excellent,3.5,2026-03-01,2026-02-24,2026-02-26,2026-03-01,2026-03-01,Completed,Not Cancelled,411009.0,SM-006,2024-01-04,2024-10-23,2025-02-20,2.6,14,8,0,0,750
REN0316,2026-03-06,CUST326,Hospital,Wakad,CPAP Machine,Respiratory Equipment,3,330,990,7300,450,50,UPI,Active,Fair,,,2026-03-03,2026-03-06,2026-03-09,,Confirmed,Not Cancelled,411007.0,CP-011,2025-03-04,2025-12-26,2026-12-26,1.4,19,9,0,0,990
REN0317,2026-06-10,CUST385,Individual Patient,Kothrud,CPAP Machine,Respiratory Equipment,5,350,1750,7800,200,70,Credit Card,Returned,Excellent,4.5,2026-06-15,2026-06-04,2026-06-10,2026-06-15,2026-06-15,Completed,Not Cancelled,411057.0,CP-004,2023-07-31,2023-10-18,2024-01-16,3.0,19,14,0,0,1750
REN0318,2026-06-01,CUST307,Hospital,Kothrud,Oxygen Concentrator,Respiratory Equipment,30,270,8100,5300,250,380,Credit Card,Returned,Excellent,3.5,2026-07-01,2026-05-29,2026-06-01,2026-07-01,2026-07-01,Completed,Not Cancelled,411028.0,OC-005,2024-02-15,2026-06-16,2026-10-14,2.5,16,9,0,0,8100
REN0319,2026-05-01,CUST275,Diagnostic Center,Baner,Hospital Bed,Patient Care Equipment,3,350,1050,6400,100,50,Bank Transfer,Cancelled,Fair,,,2026-04-25,2026-05-01,,,Cancelled,Cancelled,411042.0,,,,,,23,23,0,1,1050
REN0320,2026-05-10,CUST384,Clinic,Viman Nagar,Hospital Bed,Patient Care Equipment,3,330,990,6200,150,60,UPI,Returned,Good,4.5,2026-05-13,2026-04-27,2026-05-10,2026-05-13,2026-05-13,Completed,Not Cancelled,411038.0,HB-013,2025-05-03,2025-11-16,2026-03-16,1.2,23,12,0,0,990
REN0321,2026-07-05,CUST249,Hospital,Aundh,Suction Machine,Surgical Equipment,3,230,690,4600,300,40,Credit Card,Active,Excellent,,,2026-06-30,2026-07-05,2026-07-08,,Confirmed,Not Cancelled,411030.0,SM-003,2025-06-21,2026-01-30,2026-07-29,1.1,14,11,0,0,690
REN0322,2026-03-18,CUST177,Home Care,Koregaon Park,Wheelchair,Mobility Equipment,5,150,750,2600,200,30,Credit Card,Active,Good,,,2026-03-15,2026-03-18,2026-03-23,,Confirmed,Not Cancelled,411048.0,WC-018,2024-03-18,2025-03-11,2026-03-11,2.4,20,10,0,0,750
REN0323,2026-07-22,CUST260,Home Care,Chinchwad,BiPAP Machine,Respiratory Equipment,14,520,7280,9100,400,490,Bank Transfer,Returned,Good,4.0,2026-08-05,2026-07-20,2026-07-22,2026-08-05,2026-08-05,Completed,Not Cancelled,411057.0,BP-007,2024-05-15,2025-06-19,2026-06-19,2.2,11,7,0,0,7280
REN0324,2026-04-10,CUST141,Individual Patient,Bibwewadi,Oxygen Concentrator,Respiratory Equipment,30,280,8400,5600,200,420,Credit Card,Returned,Fair,4.5,2026-05-10,2026-03-30,2026-04-10,2026-05-10,2026-05-10,Completed,Not Cancelled,411014.0,OC-003,2024-12-09,2025-07-09,2026-07-09,1.6,16,6,0,0,8400
REN0325,2026-03-05,CUST326,Individual Patient,Koregaon Park,Oxygen Concentrator,Respiratory Equipment,30,270,8100,6500,500,480,Credit Card,Active,Good,,,2026-03-02,2026-03-05,2026-04-04,,Confirmed,Not Cancelled,411007.0,OC-007,2022-03-01,2024-09-16,2025-01-14,4.4,16,8,0,0,8100
REN0326,2026-03-02,CUST345,Individual Patient,Chinchwad,Hospital Bed,Patient Care Equipment,21,390,8190,6700,150,480,Credit Card,Returned,Excellent,4.0,2026-03-23,2026-02-28,2026-03-02,2026-03-23,2026-03-23,Completed,Not Cancelled,411028.0,HB-023,2023-09-05,2024-01-10,2024-05-09,2.9,23,12,0,0,8190
REN0327,2026-04-15,CUST236,Hospital,Dhankawadi,CPAP Machine,Respiratory Equipment,5,340,1700,7500,300,90,Credit Card,Active,Good,,,2026-04-09,2026-04-15,2026-04-20,,Confirmed,Not Cancelled,411009.0,CP-018,2022-12-12,2023-08-05,2024-08-04,3.6,19,13,0,0,1700
REN0328,2026-02-28,CUST254,Hospital,Aundh,Fowler Bed,Patient Care Equipment,14,460,6440,7000,150,310,UPI,Returned,Good,4.5,2026-03-14,2026-02-23,2026-02-28,2026-03-14,2026-03-14,Completed,Not Cancelled,411007.0,FB-004,2022-08-26,2025-11-03,2026-11-03,3.9,15,6,0,0,6440
REN0329,2026-07-14,CUST192,Home Care,Shivajinagar,BiPAP Machine,Respiratory Equipment,30,490,14700,11300,300,1160,Debit Card,Returned,Good,4.0,2026-08-13,2026-07-10,2026-07-14,2026-08-13,2026-08-13,Completed,Not Cancelled,411048.0,BP-009,2022-03-07,2025-12-31,2026-06-29,4.4,11,8,0,0,14700
REN0330,2026-05-22,CUST227,Clinic,Koregaon Park,ECG Machine,Diagnostic Equipment,7,540,3780,10400,200,240,UPI,Returned,Good,5.0,2026-05-29,2026-05-16,2026-05-22,2026-05-29,2026-05-29,Completed,Not Cancelled,411008.0,ECG-009,2024-04-18,,2026-09-26,2.3,9,6,0,0,3780
REN0331,2026-07-31,CUST124,Home Care,Pimpri,Suction Machine,Surgical Equipment,30,260,7800,5100,400,470,Debit Card,Returned,Good,3.0,2026-08-30,2026-07-25,2026-07-31,2026-08-30,2026-08-30,Completed,Not Cancelled,411008.0,SM-012,2022-09-12,2025-07-02,2025-12-29,3.9,14,11,0,0,7800
REN0332,2026-07-05,CUST259,Diagnostic Center,Baner,Surgical Headlight,Surgical Equipment,1,180,180,3200,250,10,UPI,Returned,Good,4.5,2026-07-06,2026-07-04,2026-07-05,2026-07-06,2026-07-06,Completed,Not Cancelled,411030.0,SH-005,2023-10-28,2025-09-07,2025-12-06,2.8,8,5,0,0,180
REN0333,2026-04-30,CUST258,Home Care,Koregaon Park,Oxygen Concentrator,Respiratory Equipment,14,260,3640,5900,450,140,UPI,Returned,Good,4.5,2026-05-14,2026-04-25,2026-04-30,2026-05-14,2026-05-14,Completed,Not Cancelled,411042.0,OC-011,2023-11-25,2025-04-03,2025-07-02,2.7,16,7,0,0,3640
REN0334,2026-07-06,CUST106,Clinic,Bibwewadi,BiPAP Machine,Respiratory Equipment,5,540,2700,10700,250,250,Debit Card,Cancelled,Good,,,2026-06-28,2026-07-06,,,Cancelled,Cancelled,411038.0,,,,,,11,11,0,1,2700
REN0335,2026-02-24,CUST139,Individual Patient,Pimpri,CPAP Machine,Respiratory Equipment,14,380,5320,7400,400,410,UPI,Active,Good,,,2026-02-20,2026-02-24,2026-03-10,,Confirmed,Not Cancelled,411046.0,CP-017,2023-04-05,2024-11-08,2025-11-08,3.3,19,14,0,0,5320
REN0336,2026-07-16,CUST302,Home Care,Kothrud,Hospital Bed,Patient Care Equipment,5,380,1900,6100,250,160,UPI,Returned,Fair,3.5,2026-07-21,2026-07-02,2026-07-16,2026-07-21,2026-07-21,Completed,Not Cancelled,411046.0,HB-010,2022-05-26,2023-11-28,2024-05-26,4.2,23,14,0,0,1900
REN0337,2026-03-04,CUST132,Individual Patient,Vishrantwadi,Wheelchair,Mobility Equipment,14,150,2100,2400,300,100,UPI,Returned,Good,4.0,2026-03-18,2026-03-01,2026-03-04,2026-03-18,2026-03-18,Completed,Not Cancelled,411007.0,WC-007,2024-08-29,2026-04-11,2026-07-10,1.9,20,13,0,0,2100
REN0338,2026-02-12,CUST250,Home Care,Shivajinagar,Hospital Bed,Patient Care Equipment,7,380,2660,6800,100,250,UPI,Returned,Good,3.0,2026-02-19,2026-02-07,2026-02-12,2026-02-19,2026-02-19,Completed,Not Cancelled,411047.0,HB-006,2023-04-29,2023-10-02,2024-01-30,3.3,23,17,0,0,2660
REN0339,2026-02-28,CUST153,Home Care,Vishrantwadi,Infusion Pump,Critical Care Equipment,14,310,4340,6900,500,160,UPI,Returned,Excellent,3.5,2026-03-14,2026-02-20,2026-02-28,2026-03-14,2026-03-14,Completed,Not Cancelled,411007.0,IP-006,2025-03-23,2025-07-23,2025-11-20,1.4,10,5,0,0,4340
REN0340,2026-06-27,CUST393,Home Care,Vishrantwadi,Suction Machine,Surgical Equipment,21,270,5670,5400,250,370,Bank Transfer,Returned,Excellent,5.0,2026-07-18,2026-06-21,2026-06-27,2026-07-18,2026-07-18,Completed,Not Cancelled,411057.0,SM-011,2024-04-13,2025-11-27,2026-11-27,2.3,14,13,0,0,5670
REN0341,2026-03-08,CUST157,Hospital,Kothrud,Commode Chair,Mobility Equipment,7,100,700,2000,100,30,Bank Transfer,Active,Good,,,2026-03-07,2026-03-08,2026-03-15,,Confirmed,Not Cancelled,411028.0,CC-005,2024-07-20,2024-10-24,2025-04-22,2.0,10,6,0,0,700
REN0342,2026-06-12,CUST139,Individual Patient,Vishrantwadi,Wheelchair,Mobility Equipment,21,150,3150,3000,250,260,Bank Transfer,Returned,Good,5.0,2026-07-03,2026-06-06,2026-06-12,2026-07-03,2026-07-03,Completed,Not Cancelled,411057.0,WC-005,2022-09-10,2026-02-09,2026-06-09,3.9,20,11,0,0,3150
REN0343,2026-06-27,CUST222,Hospital,Koregaon Park,Wheelchair,Mobility Equipment,14,140,1960,2700,300,70,UPI,Returned,Fair,4.0,2026-07-11,2026-06-14,2026-06-27,2026-07-11,2026-07-11,Completed,Not Cancelled,411058.0,WC-008,2024-11-30,2025-04-12,2025-07-11,1.7,20,10,0,0,1960
REN0344,2026-07-14,CUST153,Individual Patient,Dhankawadi,Wheelchair,Mobility Equipment,14,140,1960,2800,100,80,Credit Card,Returned,Good,4.5,2026-07-28,2026-07-10,2026-07-14,2026-07-28,2026-07-28,Completed,Not Cancelled,411009.0,WC-003,2022-01-25,2024-05-16,2024-08-14,4.5,20,12,0,0,1960
REN0345,2026-05-18,CUST108,Home Care,Hinjawadi,Patient Monitor,Monitoring Equipment,45,600,27000,11300,200,1150,Debit Card,Returned,Good,5.0,2026-07-02,2026-05-16,2026-05-18,2026-07-02,2026-07-02,Completed,Not Cancelled,411030.0,PM-010,2022-07-05,2026-04-25,2026-10-22,4.1,13,8,0,0,27000
REN0346,2026-05-06,CUST101,Individual Patient,Hadapsar,Wheelchair,Mobility Equipment,14,160,2240,2700,350,190,UPI,Returned,Good,4.5,2026-05-20,2026-05-05,2026-05-06,2026-05-20,2026-05-20,Completed,Not Cancelled,411009.0,WC-012,2025-04-29,2026-05-02,2027-05-02,1.3,20,9,0,0,2240
REN0347,2026-06-28,CUST131,Hospital,Wakad,CPAP Machine,Respiratory Equipment,10,380,3800,6500,550,350,UPI,Returned,Excellent,5.0,2026-07-08,2026-06-23,2026-06-28,2026-07-08,2026-07-08,Completed,Not Cancelled,411058.0,CP-011,2025-03-04,2025-12-26,2026-12-26,1.4,19,16,0,0,3800
REN0348,2026-07-23,CUST237,Individual Patient,Baner,Suction Machine,Surgical Equipment,5,230,1150,5400,250,60,Credit Card,Active,Good,,,2026-07-21,2026-07-23,2026-07-28,,Confirmed,Not Cancelled,411038.0,SM-008,2022-11-17,2026-01-26,2026-04-26,3.7,14,11,0,0,1150
REN0349,2026-07-09,CUST121,Hospital,Erandwane,Surgical Loupe,Surgical Equipment,10,210,2100,4700,450,160,UPI,Returned,Good,4.5,2026-07-19,2026-06-29,2026-07-09,2026-07-19,2026-07-19,Completed,Not Cancelled,411048.0,SL-005,2022-05-04,2025-12-20,2026-06-18,4.2,7,7,0,0,2100
REN0350,2026-06-17,CUST222,Individual Patient,Koregaon Park,BiPAP Machine,Respiratory Equipment,21,500,10500,9200,250,740,UPI,Returned,Excellent,4.0,2026-07-08,2026-06-04,2026-06-17,2026-07-08,2026-07-08,Completed,Not Cancelled,411042.0,BP-010,2023-08-08,,2025-11-03,3.0,11,9,0,0,10500
REN0351,2026-05-04,CUST318,Hospital,Viman Nagar,CPAP Machine,Respiratory Equipment,3,380,1140,7000,100,80,Bank Transfer,Returned,Good,4.5,2026-05-07,2026-04-22,2026-05-04,2026-05-07,2026-05-07,Completed,Not Cancelled,411048.0,CP-017,2023-04-05,2024-11-08,2025-11-08,3.3,19,11,0,0,1140
REN0352,2026-05-02,CUST233,Home Care,Hadapsar,Fowler Bed,Patient Care Equipment,14,410,5740,7700,350,380,UPI,Returned,Excellent,4.5,2026-05-16,2026-04-28,2026-05-02,2026-05-16,2026-05-16,Completed,Not Cancelled,411042.0,FB-008,2023-01-30,2026-07-02,2027-07-02,3.5,15,9,0,0,5740
REN0353,2026-06-17,CUST324,Individual Patient,Camp,Ventilator,Critical Care Equipment,3,1030,3090,25700,250,220,UPI,Returned,Excellent,5.0,2026-06-20,2026-06-12,2026-06-17,2026-06-20,2026-06-20,Completed,Not Cancelled,411007.0,VT-005,2024-12-01,2025-11-16,2026-03-16,1.7,8,7,0,0,3090
REN0354,2026-05-29,CUST255,Hospital,Baner,ECG Machine,Diagnostic Equipment,3,530,1590,8000,250,60,UPI,Returned,Excellent,4.0,2026-06-01,2026-05-25,2026-05-29,2026-06-01,2026-06-01,Completed,Not Cancelled,411038.0,ECG-001,2025-06-16,2025-11-07,2026-02-05,1.1,9,8,0,0,1590
REN0355,2026-05-23,CUST157,Diagnostic Center,Koregaon Park,CPAP Machine,Respiratory Equipment,3,340,1020,8200,100,50,Credit Card,Returned,Good,4.5,2026-05-26,2026-05-21,2026-05-23,2026-05-26,2026-05-26,Completed,Not Cancelled,411045.0,CP-005,2022-05-05,2023-05-04,2023-10-31,4.2,19,6,0,0,1020
REN0356,2026-06-26,CUST249,Clinic,Camp,Wheelchair,Mobility Equipment,5,130,650,3100,200,60,Credit Card,Returned,Good,4.5,2026-07-01,2026-06-20,2026-06-26,2026-07-01,2026-07-01,Completed,Not Cancelled,411058.0,WC-014,2025-07-05,2026-01-27,,1.1,20,11,0,0,650
REN0357,2026-04-30,CUST320,Individual Patient,Pimpri,Hospital Bed,Patient Care Equipment,14,370,5180,5900,350,290,Cash,Returned,Good,3.5,2026-05-14,2026-04-28,2026-04-30,2026-05-14,2026-05-14,Completed,Not Cancelled,411048.0,HB-019,2022-04-24,2024-04-14,2025-04-14,4.3,23,11,0,0,5180
REN0358,2026-04-18,CUST106,Individual Patient,Chinchwad,Commode Chair,Mobility Equipment,5,90,450,1900,300,40,UPI,Active,Good,,,2026-04-17,2026-04-18,2026-04-23,,Confirmed,Not Cancelled,411040.0,CC-003,2023-05-29,2025-12-14,2026-03-14,3.2,10,7,0,0,450
REN0359,2026-05-29,CUST285,Home Care,Kharadi,Suction Machine,Surgical Equipment,7,270,1890,5300,550,120,Debit Card,Returned,Good,4.0,2026-06-05,2026-05-19,2026-05-29,2026-06-05,2026-06-05,Completed,Not Cancelled,411048.0,SM-012,2022-09-12,,2025-12-29,3.9,14,10,0,0,1890
REN0360,2026-03-23,CUST261,Clinic,Wanowrie,Hospital Bed,Patient Care Equipment,7,390,2730,6100,500,110,Bank Transfer,Returned,Good,4.5,2026-03-30,2026-03-14,2026-03-23,2026-03-30,2026-03-30,Completed,Not Cancelled,411057.0,HB-003,2022-11-12,2024-06-27,2024-09-25,3.7,23,12,0,0,2730
REN0361,2026-02-17,CUST326,Home Care,Wanowrie,Hospital Bed,Patient Care Equipment,14,360,5040,6300,150,300,Credit Card,Returned,Good,5.0,2026-03-03,2026-02-05,2026-02-17,2026-03-03,2026-03-03,Completed,Not Cancelled,411052.0,HB-022,2022-10-26,2023-05-17,2024-05-16,3.8,23,12,0,0,5040
REN0362,2026-05-18,CUST379,Hospital,Pimpri,Infusion Pump,Critical Care Equipment,5,320,1600,6000,200,130,Debit Card,Returned,Good,4.5,2026-05-23,2026-05-14,2026-05-18,2026-05-23,2026-05-23,Completed,Not Cancelled,411058.0,IP-004,2023-06-20,2024-08-23,2025-08-23,3.1,10,8,0,0,1600
REN0363,2026-07-04,CUST305,Home Care,Erandwane,CPAP Machine,Respiratory Equipment,7,360,2520,7700,350,140,Credit Card,Returned,Excellent,4.5,2026-07-11,2026-06-23,2026-07-04,2026-07-11,2026-07-11,Completed,Not Cancelled,411030.0,CP-009,2022-05-28,2024-08-06,2025-08-06,4.2,19,15,0,0,2520
REN0364,2026-04-17,CUST138,Clinic,Vishrantwadi,Fowler Bed,Patient Care Equipment,1,390,390,7100,500,30,UPI,Returned,Excellent,5.0,2026-04-18,2026-04-13,2026-04-17,2026-04-18,2026-04-18,Completed,Not Cancelled,411037.0,FB-012,2024-03-04,2025-10-11,2026-04-09,2.4,15,10,0,0,390
REN0365,2026-06-12,CUST400,Home Care,Hinjawadi,Hospital Bed,Patient Care Equipment,14,350,4900,6900,300,400,UPI,Returned,Fair,4.5,2026-06-26,2026-06-11,2026-06-12,2026-06-26,2026-06-26,Completed,Not Cancelled,411007.0,HB-011,2023-11-04,2025-12-22,2026-03-22,2.7,23,16,0,0,4900
REN0366,2026-03-16,CUST312,Hospital,Pimpri,Surgical Headlight,Surgical Equipment,14,170,2380,3500,300,170,Bank Transfer,Active,Excellent,,,2026-03-11,2026-03-16,2026-03-30,,Confirmed,Not Cancelled,411009.0,SH-002,2022-07-07,2023-03-12,2023-06-10,4.1,8,6,0,0,2380
REN0367,2026-04-07,CUST124,Individual Patient,Dhankawadi,Fowler Bed,Patient Care Equipment,10,400,4000,8100,300,330,Debit Card,Cancelled,Good,,,2026-04-01,2026-04-07,,,Cancelled,Cancelled,411048.0,,,,,,15,15,0,1,4000
REN0368,2026-02-13,CUST165,Home Care,Koregaon Park,Nebulizer,Respiratory Equipment,30,80,2400,1500,250,190,UPI,Returned,Good,5.0,2026-03-15,2026-02-08,2026-02-13,2026-03-15,2026-03-15,Completed,Not Cancelled,411028.0,NB-006,2024-09-04,2025-08-23,2026-02-19,1.9,12,8,0,0,2400
REN0369,2026-03-05,CUST146,Home Care,Kharadi,Oxygen Concentrator,Respiratory Equipment,45,290,13050,6600,400,710,UPI,Returned,Fair,3.5,2026-04-19,2026-02-24,2026-03-05,2026-04-19,2026-04-19,Completed,Not Cancelled,411037.0,OC-004,2025-03-27,2026-06-20,2026-12-17,1.3,16,8,0,0,13050
REN0370,2026-07-07,CUST197,Home Care,Camp,Patient Monitor,Monitoring Equipment,7,580,4060,11100,250,250,Bank Transfer,Returned,Good,5.0,2026-07-14,2026-07-03,2026-07-07,2026-07-14,2026-07-14,Completed,Not Cancelled,411030.0,PM-001,2023-06-06,2026-05-23,2026-08-21,3.2,13,8,0,0,4060
REN0371,2026-05-03,CUST389,Individual Patient,Aundh,CPAP Machine,Respiratory Equipment,7,330,2310,7300,200,120,UPI,Returned,Good,4.0,2026-05-10,2026-04-21,2026-05-03,2026-05-10,2026-05-10,Completed,Not Cancelled,411057.0,CP-012,2025-05-31,2025-12-09,2026-04-08,1.2,19,13,0,0,2310
REN0372,2026-02-10,CUST167,Hospital,Erandwane,Patient Monitor,Monitoring Equipment,3,560,1680,10400,250,60,UPI,Cancelled,Fair,,,2026-02-09,2026-02-10,,,Cancelled,Cancelled,411052.0,,,,,,13,13,0,1,1680
REN0373,2026-06-16,CUST399,Individual Patient,Hadapsar,Oxygen Concentrator,Respiratory Equipment,30,260,7800,6600,150,470,UPI,Active,Excellent,,,2026-06-08,2026-06-16,2026-07-16,,Confirmed,Not Cancelled,411046.0,OC-012,2022-09-21,2025-04-21,2025-10-18,3.9,16,7,0,0,7800
REN0374,2026-05-15,CUST237,Individual Patient,Viman Nagar,Patient Monitor,Monitoring Equipment,5,630,3150,10600,250,260,UPI,Active,Good,,,2026-05-03,2026-05-15,2026-05-20,,Confirmed,Not Cancelled,411058.0,PM-002,2024-11-14,2025-12-21,2026-04-20,1.7,13,9,0,0,3150
REN0375,2026-04-23,CUST382,Clinic,Hadapsar,Hospital Bed,Patient Care Equipment,10,340,3400,5700,150,150,Debit Card,Active,Fair,,,2026-04-17,2026-04-23,2026-05-03,,Confirmed,Not Cancelled,411040.0,HB-023,2023-09-05,2024-01-10,2024-05-09,2.9,23,14,0,0,3400
REN0376,2026-02-09,CUST205,Individual Patient,Hadapsar,ECG Machine,Diagnostic Equipment,7,500,3500,9200,350,280,UPI,Returned,Good,5.0,2026-02-16,2026-01-29,2026-02-09,2026-02-16,2026-02-16,Completed,Not Cancelled,411014.0,ECG-009,2024-04-18,2026-03-30,2026-09-26,2.3,9,8,0,0,3500
REN0377,2026-04-11,CUST344,Home Care,Bibwewadi,Oxygen Concentrator,Respiratory Equipment,14,300,4200,5800,500,260,Cash,Returned,Good,4.0,2026-04-25,2026-04-03,2026-04-11,2026-04-25,2026-04-25,Completed,Not Cancelled,411043.0,OC-016,2022-05-08,2026-06-18,2026-09-16,4.2,16,5,0,0,4200
REN0378,2026-02-16,CUST339,Clinic,Shivajinagar,Fowler Bed,Patient Care Equipment,3,440,1320,6800,450,90,UPI,Returned,Good,4.5,2026-02-19,2026-02-15,2026-02-16,2026-02-19,2026-02-19,Completed,Not Cancelled,411007.0,FB-004,2022-08-26,2025-11-03,2026-11-03,3.9,15,11,0,0,1320
REN0379,2026-04-17,CUST221,Clinic,Shivajinagar,Suction Machine,Surgical Equipment,10,230,2300,4800,200,190,UPI,Returned,Good,4.5,2026-04-27,2026-04-09,2026-04-17,2026-04-27,2026-04-27,Completed,Not Cancelled,411037.0,SM-001,2022-01-16,2022-11-13,2023-11-13,4.5,14,12,0,0,2300
REN0380,2026-07-16,CUST266,Individual Patient,Kharadi,Wheelchair,Mobility Equipment,21,130,2730,2600,250,200,UPI,Returned,Good,5.0,2026-08-06,2026-07-09,2026-07-16,2026-08-06,2026-08-06,Completed,Not Cancelled,411048.0,WC-020,2023-01-10,2024-02-15,2024-06-14,3.6,20,12,0,0,2730
REN0381,2026-02-13,CUST361,Home Care,Viman Nagar,Oxygen Concentrator,Respiratory Equipment,5,270,1350,6000,250,80,Cash,Active,Good,,,2026-02-12,2026-02-13,2026-02-18,,Confirmed,Not Cancelled,411014.0,OC-011,2023-11-25,,2025-07-02,2.7,16,12,0,0,1350
REN0382,2026-05-26,CUST322,Individual Patient,Erandwane,Hospital Bed,Patient Care Equipment,14,360,5040,6400,450,330,Debit Card,Returned,Good,4.5,2026-06-09,2026-05-22,2026-05-26,2026-06-09,2026-06-09,Completed,Not Cancelled,411042.0,HB-009,2022-04-28,2023-06-27,2023-09-25,4.3,23,17,0,0,5040
REN0383,2026-03-11,CUST296,Diagnostic Center,Chinchwad,BiPAP Machine,Respiratory Equipment,7,480,3360,9000,100,200,Bank Transfer,Returned,Good,,2026-03-18,2026-03-10,2026-03-11,2026-03-18,2026-03-18,Completed,Not Cancelled,411047.0,BP-009,2022-03-07,2025-12-31,2026-06-29,4.4,11,9,0,0,3360
REN0384,2026-07-31,CUST361,Individual Patient,Erandwane,CPAP Machine,Respiratory Equipment,7,370,2590,7400,150,200,UPI,Returned,Fair,4.0,2026-08-07,2026-07-28,2026-07-31,2026-08-07,2026-08-07,Completed,Not Cancelled,411047.0,CP-003,2024-07-28,2025-08-19,2026-02-15,2.0,19,13,0,0,2590
REN0385,2026-03-15,CUST163,Home Care,Wakad,Fowler Bed,Patient Care Equipment,30,450,13500,7300,250,510,Credit Card,Returned,Good,5.0,2026-04-14,2026-03-01,2026-03-15,2026-04-14,2026-04-14,Completed,Not Cancelled,411042.0,FB-010,2025-01-27,2025-09-11,2026-03-10,1.5,15,9,0,0,13500
REN0386,2026-04-24,CUST371,Home Care,Viman Nagar,CPAP Machine,Respiratory Equipment,21,360,7560,6400,450,460,Debit Card,Returned,Good,4.5,2026-05-15,2026-04-12,2026-04-24,2026-05-15,2026-05-15,Completed,Not Cancelled,411028.0,CP-010,2023-08-17,2024-01-18,2024-07-16,3.0,19,14,0,0,7560
REN0387,2026-05-11,CUST130,Home Care,Kharadi,Wheelchair,Mobility Equipment,10,140,1400,3000,250,80,Credit Card,Active,Good,,,2026-05-03,2026-05-11,2026-05-21,,Confirmed,Not Cancelled,,WC-018,2024-03-18,2025-03-11,,2.4,20,3,1,0,1400
REN0388,2026-03-27,CUST348,Clinic,Bibwewadi,ECG Machine,Diagnostic Equipment,1,450,450,10200,150,20,UPI,Returned,Good,4.0,2026-03-28,2026-03-23,2026-03-27,2026-03-28,2026-03-28,Completed,Not Cancelled,411014.0,ECG-009,2024-04-18,2026-03-30,2026-09-26,2.3,9,6,0,0,450
REN0389,2026-02-02,CUST256,Home Care,Hadapsar,Fowler Bed,Patient Care Equipment,5,460,2300,8000,150,180,Credit Card,Returned,Fair,3.5,2026-02-07,2026-01-29,2026-02-02,2026-02-07,2026-02-07,Completed,Not Cancelled,411046.0,FB-008,2023-01-30,2026-07-02,2027-07-02,3.5,15,13,0,0,2300
REN0390,2026-04-25,CUST252,Clinic,Camp,Hospital Bed,Patient Care Equipment,21,350,7350,5800,350,550,Credit Card,Returned,Good,4.0,2026-05-16,2026-04-24,2026-04-25,2026-05-16,2026-05-16,Completed,Not Cancelled,411027.0,HB-012,2022-06-28,2023-10-26,2024-02-23,4.1,23,11,0,0,7350
REN0391,2026-04-05,CUST378,Home Care,Viman Nagar,Wheelchair,Mobility Equipment,14,150,2100,2900,250,100,Credit Card,Returned,Excellent,4.5,2026-04-19,2026-04-01,2026-04-05,2026-04-19,2026-04-19,Completed,Not Cancelled,411043.0,WC-001,2024-04-30,2025-08-24,2025-11-22,2.3,20,6,0,0,2100
REN0392,2026-05-20,CUST354,Individual Patient,Kothrud,Commode Chair,Mobility Equipment,5,100,500,1900,250,50,Credit Card,Returned,Excellent,4.5,2026-05-25,2026-05-11,2026-05-20,2026-05-25,2026-05-25,Completed,Not Cancelled,411007.0,CC-007,2024-03-04,2024-05-09,2024-08-07,2.4,10,8,0,0,500
REN0393,2026-03-09,CUST397,Home Care,Shivajinagar,Wheelchair,Mobility Equipment,30,160,4800,2500,250,250,Bank Transfer,Active,Good,,,2026-03-03,2026-03-09,2026-04-08,,Confirmed,Not Cancelled,411027.0,WC-003,2022-01-25,2024-05-16,2024-08-14,4.5,20,12,0,0,4800
REN0394,2026-05-15,CUST166,Home Care,Shivajinagar,Hospital Bed,Patient Care Equipment,5,360,1800,6200,200,160,Bank Transfer,Returned,Good,5.0,2026-05-20,2026-05-10,2026-05-15,2026-05-20,2026-05-20,Completed,Not Cancelled,411030.0,HB-015,2023-12-19,2025-01-01,2025-04-01,2.6,23,14,0,0,1800
REN0395,2026-02-19,CUST259,Hospital,Viman Nagar,Oxygen Concentrator,Respiratory Equipment,5,310,1550,5600,250,90,Credit Card,Returned,Good,4.5,2026-02-24,2026-02-18,2026-02-19,2026-02-24,2026-02-24,Completed,Not Cancelled,411047.0,OC-015,2023-09-05,2024-03-04,2024-07-02,2.9,16,12,0,0,1550
REN0396,2026-06-18,CUST290,Clinic,Shivajinagar,Ventilator,Critical Care Equipment,3,1050,3150,21200,300,230,Bank Transfer,Returned,Good,3.5,2026-06-21,2026-06-06,2026-06-18,2026-06-21,2026-06-21,Completed,Not Cancelled,411008.0,VT-002,2024-07-09,2026-04-04,2026-08-02,2.1,8,6,0,0,3150
REN0397,2026-07-20,CUST382,Home Care,Koregaon Park,Surgical Headlight,Surgical Equipment,21,190,3990,3900,300,190,Bank Transfer,Returned,Excellent,5.0,2026-08-10,2026-07-17,2026-07-20,2026-08-10,2026-08-10,Completed,Not Cancelled,411038.0,SH-001,2022-09-11,2023-01-30,2023-07-29,3.9,8,3,0,0,3990
REN0398,2026-03-15,CUST315,Clinic,Bibwewadi,Wheelchair,Mobility Equipment,3,140,420,2600,250,20,UPI,Returned,Good,4.5,2026-03-18,2026-03-11,2026-03-15,2026-03-18,2026-03-18,Completed,Not Cancelled,411038.0,WC-010,2022-10-28,2026-07-19,2027-01-15,3.8,20,13,0,0,420
REN0399,2026-05-23,CUST224,Hospital,Chinchwad,BiPAP Machine,Respiratory Equipment,5,580,2900,9400,300,180,UPI,Returned,Fair,5.0,2026-05-28,2026-05-19,2026-05-23,2026-05-28,2026-05-28,Completed,Not Cancelled,411028.0,BP-007,2024-05-15,2025-06-19,2026-06-19,2.2,11,6,0,0,2900
REN0400,2026-05-29,CUST247,Clinic,Hadapsar,Fowler Bed,Patient Care Equipment,5,440,2200,6600,150,200,Credit Card,Returned,Good,5.0,2026-06-03,2026-05-25,2026-05-29,2026-06-03,2026-06-03,Completed,Not Cancelled,411047.0,FB-003,2022-09-27,2023-02-09,2023-08-08,3.8,15,10,0,0,2200
REN0401,2026-04-06,CUST242,Hospital,Erandwane,Wheelchair,Mobility Equipment,5,150,750,3000,200,60,Debit Card,Returned,Good,3.5,2026-04-11,2026-03-30,2026-04-06,2026-04-11,2026-04-11,Completed,Not Cancelled,411058.0,WC-020,2023-01-10,2024-02-15,2024-06-14,3.6,20,7,0,0,750
REN0402,2026-06-05,CUST318,Diagnostic Center,Chinchwad,Patient Monitor,Monitoring Equipment,3,630,1890,10500,250,90,Cash,Returned,Good,4.5,2026-06-08,2026-05-29,2026-06-05,2026-06-08,2026-06-08,Completed,Not Cancelled,411007.0,PM-011,2023-07-09,2025-11-09,2026-03-09,3.1,13,7,0,0,1890
REN0403,2026-05-19,CUST356,Individual Patient,Dhankawadi,Surgical Loupe,Surgical Equipment,14,230,3220,4000,300,200,UPI,Returned,Excellent,3.0,2026-06-02,2026-05-12,2026-05-19,2026-06-02,2026-06-02,Completed,Not Cancelled,411057.0,SL-007,2025-04-06,2025-11-22,2026-05-21,1.3,7,5,0,0,3220
REN0404,2026-07-05,CUST227,Home Care,Hinjawadi,Suction Machine,Surgical Equipment,30,240,7200,4700,450,580,Bank Transfer,Returned,Good,4.0,2026-08-04,2026-07-04,2026-07-05,2026-08-04,2026-08-04,Completed,Not Cancelled,411052.0,SM-006,2024-01-04,2024-10-23,2025-02-20,2.6,14,11,0,0,7200
REN0405,2026-03-17,CUST148,Individual Patient,Erandwane,Wheelchair,Mobility Equipment,45,140,6300,2500,250,430,Credit Card,Returned,Good,4.0,2026-05-01,2026-03-04,2026-03-17,2026-05-01,2026-05-01,Completed,Not Cancelled,411048.0,WC-013,2024-09-18,2026-02-24,,1.9,20,12,0,0,6300
REN0406,2026-07-28,CUST377,Hospital,Pimpri,Hospital Bed,Patient Care Equipment,3,350,1050,6700,150,70,UPI,Returned,Good,4.0,2026-07-31,2026-07-20,2026-07-28,2026-07-31,2026-07-31,Completed,Not Cancelled,411009.0,HB-019,2022-04-24,2024-04-14,2025-04-14,4.3,23,15,0,0,1050
REN0407,2026-04-16,CUST145,Home Care,Kharadi,Oxygen Concentrator,Respiratory Equipment,45,270,12150,6400,300,680,UPI,Returned,Good,,2026-05-31,2026-04-05,2026-04-16,2026-05-31,2026-05-31,Completed,Not Cancelled,411030.0,OC-001,2025-03-23,2025-09-09,2026-01-07,1.4,16,3,0,0,12150
REN0408,2026-07-06,CUST107,Individual Patient,Dhankawadi,Oxygen Concentrator,Respiratory Equipment,10,310,3100,6400,200,190,Credit Card,Returned,Fair,4.5,2026-07-16,2026-07-04,2026-07-06,2026-07-16,2026-07-16,Completed,Not Cancelled,411045.0,OC-010,2022-01-22,2023-03-21,2024-03-20,4.5,16,11,0,0,3100
REN0409,2026-05-12,CUST359,Individual Patient,Erandwane,BiPAP Machine,Respiratory Equipment,14,510,7140,11100,100,510,Credit Card,Returned,Good,4.0,2026-05-26,2026-04-30,2026-05-12,2026-05-26,2026-05-26,Completed,Not Cancelled,411015.0,BP-011,2025-01-04,2025-09-04,2026-09-04,1.6,11,7,0,0,7140
REN0410,2026-06-05,CUST309,Home Care,Vishrantwadi,Fowler Bed,Patient Care Equipment,21,470,9870,7600,150,890,UPI,Returned,Good,3.5,2026-06-26,2026-05-28,2026-06-05,2026-06-26,2026-06-26,Completed,Not Cancelled,411015.0,FB-013,2024-04-21,2025-09-22,2026-01-20,2.3,15,9,0,0,9870
REN0411,2026-05-24,CUST266,Home Care,Camp,Oxygen Concentrator,Respiratory Equipment,3,280,840,6800,200,80,Cash,Returned,Excellent,,2026-05-27,2026-05-18,2026-05-24,2026-05-27,2026-05-27,Completed,Not Cancelled,411042.0,OC-011,2023-11-25,2025-04-03,2025-07-02,2.7,16,5,0,0,840
REN0412,2026-04-07,CUST197,Hospital,Vishrantwadi,Suction Machine,Surgical Equipment,1,240,240,5200,350,20,Bank Transfer,Returned,Good,5.0,2026-04-08,2026-04-06,2026-04-07,2026-04-08,2026-04-08,Completed,Not Cancelled,411048.0,SM-007,2025-04-15,2025-08-10,2025-11-08,1.3,14,12,0,0,240
REN0413,2026-07-02,CUST184,Individual Patient,Wanowrie,Suction Machine,Surgical Equipment,14,230,3220,4500,250,150,Cash,Returned,Good,4.0,2026-07-16,2026-06-29,2026-07-02,2026-07-16,2026-07-16,Completed,Not Cancelled,411014.0,SM-012,2022-09-12,2025-07-02,2025-12-29,3.9,14,13,0,0,3220
REN0414,2026-02-15,CUST293,Individual Patient,Hadapsar,Walker,Mobility Equipment,5,70,350,1300,300,30,Credit Card,Returned,Good,4.0,2026-02-20,2026-02-05,2026-02-15,2026-02-20,2026-02-20,Completed,Not Cancelled,411007.0,WK-001,2023-09-04,2024-11-20,2025-03-20,2.9,7,7,0,0,350
REN0415,2026-06-10,CUST153,Hospital,Wanowrie,Surgical Loupe,Surgical Equipment,1,210,210,4200,100,10,Credit Card,Returned,Excellent,4.5,2026-06-11,2026-06-06,2026-06-10,2026-06-11,2026-06-11,Completed,Not Cancelled,411058.0,SL-005,2022-05-04,,,4.2,7,3,0,0,210
REN0416,2026-04-03,CUST133,Hospital,Baner,Infusion Pump,Critical Care Equipment,7,350,2450,6800,250,180,Cash,Returned,Fair,4.5,2026-04-10,2026-03-26,2026-04-03,2026-04-10,2026-04-10,Completed,Not Cancelled,411037.0,IP-007,2023-02-08,2024-04-26,2024-08-24,3.5,10,8,0,0,2450
REN0417,2026-07-27,CUST147,Individual Patient,Wakad,Commode Chair,Mobility Equipment,7,90,630,1900,200,40,UPI,Returned,Fair,3.5,2026-08-03,2026-07-18,2026-07-27,2026-08-03,2026-08-03,Completed,Not Cancelled,411008.0,CC-007,2024-03-04,2024-05-09,2024-08-07,2.4,10,3,0,0,630
REN0418,2026-02-14,CUST389,Clinic,Kothrud,Oxygen Concentrator,Respiratory Equipment,21,280,5880,5300,250,340,Credit Card,Returned,Excellent,4.0,2026-03-07,2026-02-05,2026-02-14,2026-03-07,2026-03-07,Completed,Not Cancelled,411058.0,OC-008,2022-01-13,2023-05-05,2023-08-03,4.5,16,11,0,0,5880
REN0419,2026-07-09,CUST199,Home Care,Aundh,Hospital Bed,Patient Care Equipment,10,340,3400,6000,100,160,Debit Card,Returned,Good,5.0,2026-07-19,2026-07-05,2026-07-09,2026-07-19,2026-07-19,Completed,Not Cancelled,411027.0,HB-001,2024-10-28,2025-07-27,2025-11-24,1.8,23,16,0,0,3400
REN0420,2026-04-15,CUST133,Hospital,Viman Nagar,BiPAP Machine,Respiratory Equipment,5,540,2700,9600,150,140,Credit Card,Returned,Good,4.5,2026-04-20,2026-04-04,2026-04-15,2026-04-20,2026-04-20,Completed,Not Cancelled,411009.0,BP-008,2024-04-21,2024-11-06,2025-02-04,2.3,11,7,0,0,2700
REN0421,2026-04-17,CUST342,Individual Patient,Wakad,Hospital Bed,Patient Care Equipment,10,330,3300,7100,200,260,UPI,Returned,Good,4.5,2026-04-27,2026-04-14,2026-04-17,2026-04-27,2026-04-27,Completed,Not Cancelled,411045.0,HB-018,2023-03-16,2025-07-16,2025-11-13,3.4,23,16,0,0,3300
REN0422,2026-07-30,CUST199,Hospital,Chinchwad,CPAP Machine,Respiratory Equipment,21,350,7350,8200,200,640,Bank Transfer,Returned,Fair,5.0,2026-08-20,2026-07-20,2026-07-30,2026-08-20,2026-08-20,Completed,Not Cancelled,411047.0,CP-001,2022-11-27,2025-01-06,2025-04-06,3.7,19,14,0,0,7350
REN0423,2026-07-05,CUST385,Individual Patient,Vishrantwadi,Oxygen Concentrator,Respiratory Equipment,14,300,4200,6800,150,330,UPI,Returned,Good,5.0,2026-07-19,2026-06-30,2026-07-05,2026-07-19,2026-07-19,Completed,Not Cancelled,411009.0,OC-016,2022-05-08,2026-06-18,2026-09-16,4.2,16,11,0,0,4200
REN0424,2026-03-09,CUST193,Home Care,Vishrantwadi,Ventilator,Critical Care Equipment,14,1050,14700,24200,250,1280,UPI,Returned,Fair,4.5,2026-03-23,2026-03-06,2026-03-09,2026-03-23,2026-03-23,Completed,Not Cancelled,411046.0,VT-006,2023-05-13,2023-08-14,,3.2,8,6,0,0,14700
REN0425,2026-03-30,CUST104,Home Care,Hinjawadi,Hospital Bed,Patient Care Equipment,14,380,5320,7300,200,390,Cash,Returned,Good,4.0,2026-04-13,2026-03-26,2026-03-30,2026-04-13,2026-04-13,Completed,Not Cancelled,411030.0,HB-014,2025-06-29,2026-07-26,2027-07-26,1.1,23,8,0,0,5320
REN0426,2026-07-31,CUST376,Home Care,Hinjawadi,Commode Chair,Mobility Equipment,7,90,630,1900,100,40,UPI,Returned,Good,4.5,2026-08-07,2026-07-22,2026-07-31,2026-08-07,2026-08-07,Completed,Not Cancelled,411028.0,CC-008,2024-10-02,2026-06-23,2026-12-20,1.8,10,3,0,0,630
REN0427,2026-04-04,CUST185,Home Care,Kothrud,Fowler Bed,Patient Care Equipment,30,430,12900,7900,200,1040,Credit Card,Returned,Good,4.0,2026-05-04,2026-03-28,2026-04-04,2026-05-04,2026-05-04,Completed,Not Cancelled,411045.0,FB-014,2023-07-25,2025-06-16,2025-10-14,3.0,15,11,0,0,12900
REN0428,2026-06-21,CUST139,Individual Patient,Hinjawadi,BiPAP Machine,Respiratory Equipment,7,490,3430,9600,350,240,UPI,Returned,Good,5.0,2026-06-28,2026-06-19,2026-06-21,2026-06-28,2026-06-28,Completed,Not Cancelled,411008.0,BP-009,2022-03-07,2025-12-31,2026-06-29,4.4,11,8,0,0,3430
REN0429,2026-06-01,CUST298,Individual Patient,Koregaon Park,Nebulizer,Respiratory Equipment,14,90,1260,1600,450,90,UPI,Returned,Good,5.0,2026-06-15,2026-05-30,2026-06-01,2026-06-15,2026-06-15,Completed,Not Cancelled,411014.0,NB-005,2023-08-11,2025-09-26,,3.0,12,10,0,0,1260
REN0430,2026-07-04,CUST278,Individual Patient,Kothrud,Nebulizer,Respiratory Equipment,45,80,3600,1600,350,300,Credit Card,Returned,Excellent,5.0,2026-08-18,2026-06-26,2026-07-04,2026-08-18,2026-08-18,Completed,Not Cancelled,411048.0,NB-010,2024-09-03,2026-05-18,2027-05-18,1.9,12,10,0,0,3600
REN0431,2026-05-20,CUST317,Clinic,Wanowrie,Patient Monitor,Monitoring Equipment,3,660,1980,12000,200,150,UPI,Returned,Good,4.0,2026-05-23,2026-05-17,2026-05-20,2026-05-23,2026-05-23,Completed,Not Cancelled,411058.0,PM-008,2023-02-24,2024-12-23,2025-06-21,3.4,13,8,0,0,1980
REN0432,2026-03-08,CUST240,Individual Patient,Wakad,Oxygen Concentrator,Respiratory Equipment,14,280,3920,5900,500,240,UPI,Returned,Good,4.0,2026-03-22,2026-03-06,2026-03-08,2026-03-22,2026-03-22,Completed,Not Cancelled,411057.0,OC-010,2022-01-22,2023-03-21,2024-03-20,4.5,16,5,0,0,3920
REN0433,2026-05-05,CUST133,Diagnostic Center,Bibwewadi,Wheelchair,Mobility Equipment,3,150,450,2500,300,30,UPI,Returned,Excellent,5.0,2026-05-08,2026-04-26,2026-05-05,2026-05-08,2026-05-08,Completed,Not Cancelled,411047.0,WC-018,2024-03-18,2025-03-11,,2.4,20,9,0,0,450
REN0434,2026-06-21,CUST241,Home Care,Hadapsar,Fowler Bed,Patient Care Equipment,3,470,1410,7200,150,80,Bank Transfer,Returned,Excellent,5.0,2026-06-24,2026-06-17,2026-06-21,2026-06-24,2026-06-24,Completed,Not Cancelled,411009.0,FB-001,2023-08-15,2025-12-12,2026-06-10,3.0,15,9,0,0,1410
REN0435,2026-02-25,CUST233,Individual Patient,Chinchwad,Nebulizer,Respiratory Equipment,30,80,2400,1600,200,180,UPI,Returned,Good,3.5,2026-03-27,2026-02-24,2026-02-25,2026-03-27,2026-03-27,Completed,Not Cancelled,411028.0,NB-009,2025-06-25,2025-08-24,2025-12-22,1.1,12,5,0,0,2400
REN0436,2026-02-09,CUST300,Hospital,Dhankawadi,Fowler Bed,Patient Care Equipment,14,460,6440,6900,300,600,UPI,Returned,Good,4.5,2026-02-23,2026-02-04,2026-02-09,2026-02-23,2026-02-23,Completed,Not Cancelled,411048.0,FB-009,2024-02-22,2025-12-15,2026-12-15,2.4,15,11,0,0,6440
REN0437,2026-04-22,CUST153,Individual Patient,Dhankawadi,CPAP Machine,Respiratory Equipment,30,360,10800,6800,150,800,UPI,Returned,Excellent,4.5,2026-05-22,2026-04-16,2026-04-22,2026-05-22,2026-05-22,Completed,Not Cancelled,411046.0,CP-009,2022-05-28,2024-08-06,2025-08-06,4.2,19,15,0,0,10800
REN0438,2026-06-17,CUST374,Individual Patient,Wanowrie,Hospital Bed,Patient Care Equipment,21,340,7140,6700,250,290,UPI,Returned,Excellent,5.0,2026-07-08,2026-06-10,2026-06-17,2026-07-08,2026-07-08,Completed,Not Cancelled,411048.0,HB-002,2024-02-10,2024-08-21,,2.5,23,13,0,0,7140
REN0439,2026-06-04,CUST272,Home Care,Koregaon Park,Wheelchair,Mobility Equipment,45,130,5850,2700,100,330,Bank Transfer,Active,Fair,,,2026-06-03,2026-06-04,2026-07-19,,Confirmed,Not Cancelled,411037.0,WC-007,2024-08-29,2026-04-11,2026-07-10,1.9,20,9,0,0,5850
REN0440,2026-06-29,CUST169,Individual Patient,Kothrud,Oxygen Concentrator,Respiratory Equipment,7,290,2030,6600,200,110,UPI,Returned,Good,5.0,2026-07-06,2026-06-24,2026-06-29,2026-07-06,2026-07-06,Completed,Not Cancelled,411042.0,OC-011,2023-11-25,2025-04-03,2025-07-02,2.7,16,6,0,0,2030
REN0441,2026-02-05,CUST300,Home Care,Chinchwad,Fowler Bed,Patient Care Equipment,14,460,6440,7200,200,290,Cash,Returned,Excellent,4.5,2026-02-19,2026-02-01,2026-02-05,2026-02-19,2026-02-19,Completed,Not Cancelled,411046.0,FB-011,2022-05-13,2023-03-15,2023-06-13,4.2,15,11,0,0,6440
REN0442,2026-05-09,CUST116,Hospital,Wakad,Commode Chair,Mobility Equipment,3,90,270,2000,250,20,Bank Transfer,Returned,Good,4.5,2026-05-12,2026-05-04,2026-05-09,2026-05-12,2026-05-12,Completed,Not Cancelled,411047.0,CC-010,2022-12-23,2023-04-16,2023-10-13,3.6,10,8,0,0,270
REN0443,2026-03-23,CUST387,Hospital,Kothrud,Wheelchair,Mobility Equipment,14,140,1960,2700,350,130,Credit Card,Returned,Good,5.0,2026-04-06,2026-03-22,2026-03-23,2026-04-06,2026-04-06,Completed,Not Cancelled,411046.0,WC-007,2024-08-29,2026-04-11,2026-07-10,1.9,20,6,0,0,1960
REN0444,2026-04-28,CUST266,Individual Patient,Kharadi,Hospital Bed,Patient Care Equipment,14,370,5180,7300,300,270,UPI,Returned,Good,4.5,2026-05-12,2026-04-25,2026-04-28,2026-05-12,2026-05-12,Completed,Not Cancelled,411007.0,HB-014,2025-06-29,2026-07-26,2027-07-26,1.1,23,12,0,0,5180
REN0445,2026-07-26,CUST289,Hospital,Aundh,Commode Chair,Mobility Equipment,10,100,1000,2100,200,50,UPI,Returned,Good,5.0,2026-08-05,2026-07-19,2026-07-26,2026-08-05,2026-08-05,Completed,Not Cancelled,,CC-002,2023-03-30,2023-10-02,2024-10-01,3.3,10,4,1,0,1000
REN0446,2026-02-19,CUST102,Clinic,Chinchwad,Nebulizer,Respiratory Equipment,3,80,240,1400,400,10,Bank Transfer,Returned,Good,5.0,2026-02-22,2026-02-17,2026-02-19,2026-02-22,2026-02-22,Completed,Not Cancelled,411038.0,NB-001,2024-01-01,2024-11-22,2025-05-21,2.6,12,8,0,0,240
REN0447,2026-02-24,CUST326,Individual Patient,Wanowrie,Patient Monitor,Monitoring Equipment,21,610,12810,11800,200,1000,UPI,Active,Good,,,2026-02-11,2026-02-24,2026-03-17,,Confirmed,Not Cancelled,411045.0,PM-008,2023-02-24,2024-12-23,2025-06-21,3.4,13,9,0,0,12810
REN0448,2026-05-15,CUST155,Diagnostic Center,Shivajinagar,CPAP Machine,Respiratory Equipment,14,360,5040,7700,100,350,Cash,Active,Good,,,2026-05-01,2026-05-15,2026-05-29,,Confirmed,Not Cancelled,411058.0,CP-006,2022-06-19,2025-01-14,2025-04-14,4.1,19,12,0,0,5040
REN0449,2026-05-15,CUST370,Hospital,Hadapsar,Suction Machine,Surgical Equipment,21,250,5250,5200,250,200,Debit Card,Returned,Excellent,4.5,2026-06-05,2026-05-11,2026-05-15,2026-06-05,2026-06-05,Completed,Not Cancelled,411028.0,SM-014,2024-10-23,2025-06-25,2025-12-22,1.8,14,12,0,0,5250
REN0450,2026-06-22,CUST150,Home Care,Hadapsar,BiPAP Machine,Respiratory Equipment,7,530,3710,9000,350,260,UPI,Returned,Good,4.0,2026-06-29,2026-06-14,2026-06-22,2026-06-29,2026-06-29,Completed,Not Cancelled,411047.0,BP-006,2023-06-13,2023-11-02,2024-04-30,3.1,11,6,0,0,3710
REN0451,2026-05-23,CUST254,Individual Patient,Chinchwad,CPAP Machine,Respiratory Equipment,3,340,1020,7200,350,50,Debit Card,Returned,Good,3.5,2026-05-26,2026-05-16,2026-05-23,2026-05-26,2026-05-26,Completed,Not Cancelled,411045.0,CP-010,2023-08-17,2024-01-18,2024-07-16,3.0,19,6,0,0,1020
REN0452,2026-03-20,CUST185,Home Care,Wakad,Hospital Bed,Patient Care Equipment,21,380,7980,6000,250,580,Bank Transfer,Returned,Good,3.5,2026-04-10,2026-03-18,2026-03-20,2026-04-10,2026-04-10,Completed,Not Cancelled,411027.0,HB-017,2022-03-17,2026-02-27,2026-08-26,4.4,23,15,0,0,7980
REN0453,2026-03-06,CUST188,Home Care,Wakad,Oxygen Concentrator,Respiratory Equipment,7,270,1890,5400,500,160,UPI,Returned,Excellent,,2026-03-13,2026-03-02,2026-03-06,2026-03-13,2026-03-13,Completed,Not Cancelled,411014.0,OC-009,2024-12-24,2025-05-23,2025-11-19,1.6,16,7,0,0,1890
REN0454,2026-05-07,CUST178,Home Care,Erandwane,Wheelchair,Mobility Equipment,30,150,4500,3100,350,320,Bank Transfer,Returned,Good,,2026-06-06,2026-04-23,2026-05-07,2026-06-06,2026-06-06,Completed,Not Cancelled,411043.0,WC-002,2024-11-25,2025-02-12,2025-06-12,1.7,20,7,0,0,4500
REN0455,2026-05-17,CUST293,Individual Patient,Kothrud,CPAP Machine,Respiratory Equipment,10,380,3800,7600,200,170,Debit Card,Returned,Excellent,,2026-05-27,2026-05-15,2026-05-17,2026-05-27,2026-05-27,Completed,Not Cancelled,411028.0,CP-013,2024-04-10,2026-03-03,2027-03-03,2.3,19,8,0,0,3800
REN0456,2026-03-08,CUST132,Home Care,Aundh,Infusion Pump,Critical Care Equipment,14,350,4900,5800,600,260,UPI,Active,Good,,,2026-03-02,2026-03-08,2026-03-22,,Confirmed,Not Cancelled,411015.0,IP-003,2023-01-09,2025-06-17,,3.6,10,4,0,0,4900
REN0457,2026-04-04,CUST367,Hospital,Camp,Hospital Bed,Patient Care Equipment,14,370,5180,7100,250,460,Bank Transfer,Returned,Good,4.5,2026-04-18,2026-03-28,2026-04-04,2026-04-18,2026-04-18,Completed,Not Cancelled,411015.0,HB-004,2025-03-24,2026-06-21,2026-12-18,1.4,23,5,0,0,5180
REN0458,2026-05-11,CUST160,Hospital,Viman Nagar,Patient Monitor,Monitoring Equipment,14,680,9520,11900,150,390,Bank Transfer,Returned,Fair,3.5,2026-05-25,2026-05-09,2026-05-11,2026-05-25,2026-05-25,Completed,Not Cancelled,411015.0,PM-004,2025-02-22,2025-11-29,2026-03-29,1.4,13,11,0,0,9520
REN0459,2026-06-21,CUST247,Clinic,Vishrantwadi,BiPAP Machine,Respiratory Equipment,21,520,10920,10700,200,960,Credit Card,Active,Excellent,,,2026-06-15,2026-06-21,2026-07-12,,Confirmed,Not Cancelled,411008.0,BP-008,2024-04-21,2024-11-06,2025-02-04,2.3,11,8,0,0,10920
REN0460,2026-07-23,CUST224,Individual Patient,Wakad,BiPAP Machine,Respiratory Equipment,21,550,11550,10700,400,1030,Bank Transfer,Returned,Fair,4.0,2026-08-13,2026-07-11,2026-07-23,2026-08-13,2026-08-13,Completed,Not Cancelled,411014.0,BP-010,2023-08-08,2025-05-07,2025-11-03,3.0,11,6,0,0,11550
REN0461,2026-07-26,CUST328,Diagnostic Center,Hadapsar,Hospital Bed,Patient Care Equipment,14,330,4620,6500,300,200,Bank Transfer,Returned,Excellent,3.5,2026-08-09,2026-07-24,2026-07-26,2026-08-09,2026-08-09,Completed,Not Cancelled,411058.0,HB-015,2023-12-19,2025-01-01,2025-04-01,2.6,23,16,0,0,4620
REN0462,2026-04-04,CUST395,Home Care,Wanowrie,Nebulizer,Respiratory Equipment,10,80,800,1800,300,40,UPI,Returned,Excellent,5.0,2026-04-14,2026-04-02,2026-04-04,2026-04-14,2026-04-14,Completed,Not Cancelled,411014.0,NB-012,2022-05-08,2024-10-27,,4.2,12,6,0,0,800
REN0463,2026-05-07,CUST265,Home Care,Bibwewadi,Hospital Bed,Patient Care Equipment,21,330,6930,6400,500,660,Bank Transfer,Returned,Good,4.0,2026-05-28,2026-05-04,2026-05-07,2026-05-28,2026-05-28,Completed,Not Cancelled,411037.0,HB-018,2023-03-16,2025-07-16,2025-11-13,3.4,23,13,0,0,6930
REN0464,2026-07-26,CUST256,Home Care,Camp,Surgical Headlight,Surgical Equipment,30,190,5700,4000,150,240,UPI,Returned,Fair,4.5,2026-08-25,2026-07-17,2026-07-26,2026-08-25,2026-08-25,Completed,Not Cancelled,411038.0,SH-004,2023-12-02,2026-02-21,2026-08-20,2.7,8,5,0,0,5700
REN0465,2026-05-31,CUST329,Home Care,Bibwewadi,Oxygen Concentrator,Respiratory Equipment,14,290,4060,6500,300,310,UPI,Returned,Good,5.0,2026-06-14,2026-05-25,2026-05-31,2026-06-14,2026-06-14,Completed,Not Cancelled,411046.0,OC-004,2025-03-27,2026-06-20,2026-12-17,1.3,16,8,0,0,4060
REN0466,2026-05-28,CUST135,Home Care,Bibwewadi,Patient Monitor,Monitoring Equipment,21,600,12600,10800,150,710,UPI,Returned,Good,5.0,2026-06-18,2026-05-22,2026-05-28,2026-06-18,2026-06-18,Completed,Not Cancelled,411028.0,PM-009,2023-03-12,2024-08-21,2025-02-17,3.4,13,9,0,0,12600
REN0467,2026-03-04,CUST175,Home Care,Wanowrie,Fowler Bed,Patient Care Equipment,14,460,6440,7100,300,340,Bank Transfer,Returned,Excellent,4.5,2026-03-18,2026-02-23,2026-03-04,2026-03-18,2026-03-18,Completed,Not Cancelled,411048.0,FB-002,2025-01-02,2026-02-11,2026-06-11,1.6,15,7,0,0,6440
REN0468,2026-07-11,CUST363,Hospital,Koregaon Park,Suction Machine,Surgical Equipment,5,240,1200,5000,200,80,UPI,Active,Fair,,,2026-06-28,2026-07-11,2026-07-16,,Confirmed,Not Cancelled,411047.0,SM-010,2024-01-18,2026-06-17,2026-12-14,2.5,14,10,0,0,1200
REN0469,2026-03-12,CUST360,Individual Patient,Vishrantwadi,Ventilator,Critical Care Equipment,3,1030,3090,23600,100,260,Credit Card,Returned,Excellent,4.5,2026-03-15,2026-03-10,2026-03-12,2026-03-15,2026-03-15,Completed,Not Cancelled,411040.0,VT-008,2025-06-28,2025-09-10,2026-03-09,1.1,8,4,0,0,3090
REN0470,2026-05-15,CUST274,Individual Patient,Baner,BiPAP Machine,Respiratory Equipment,14,520,7280,9200,350,570,UPI,Returned,Good,4.5,2026-05-29,2026-05-05,2026-05-15,2026-05-29,2026-05-29,Completed,Not Cancelled,411052.0,BP-002,2022-07-01,2023-06-08,2023-10-06,4.1,11,5,0,0,7280
REN0471,2026-02-22,CUST283,Home Care,Koregaon Park,Fowler Bed,Patient Care Equipment,7,450,3150,6800,200,170,UPI,Returned,Good,5.0,2026-03-01,2026-02-18,2026-02-22,2026-03-01,2026-03-01,Completed,Not Cancelled,411028.0,FB-008,2023-01-30,2026-07-02,2027-07-02,3.5,15,8,0,0,3150
REN0472,2026-04-12,CUST256,Individual Patient,Hinjawadi,Fowler Bed,Patient Care Equipment,5,470,2350,6500,250,200,Credit Card,Returned,Good,3.5,2026-04-17,2026-04-10,2026-04-12,2026-04-17,2026-04-17,Completed,Not Cancelled,411038.0,FB-015,2024-03-17,2025-01-08,2025-05-08,2.4,15,9,0,0,2350
REN0473,2026-07-24,CUST316,Hospital,Aundh,Surgical Loupe,Surgical Equipment,3,240,720,4300,250,60,UPI,Returned,Excellent,4.0,2026-07-27,2026-07-21,2026-07-24,2026-07-27,2026-07-27,Completed,Not Cancelled,411042.0,SL-004,2024-02-17,2025-06-05,2025-12-02,2.5,7,5,0,0,720
REN0474,2026-07-24,CUST347,Clinic,Chinchwad,Suction Machine,Surgical Equipment,7,270,1890,4800,350,160,Credit Card,Returned,Good,3.0,2026-07-31,2026-07-20,2026-07-24,2026-07-31,2026-07-31,Completed,Not Cancelled,411014.0,SM-005,2023-02-15,2024-02-13,2025-02-12,3.5,14,11,0,0,1890
REN0475,2026-03-27,CUST346,Individual Patient,Wanowrie,Fowler Bed,Patient Care Equipment,30,390,11700,7000,500,580,UPI,Returned,Good,4.0,2026-04-26,2026-03-16,2026-03-27,2026-04-26,2026-04-26,Completed,Not Cancelled,411008.0,FB-001,2023-08-15,2025-12-12,2026-06-10,3.0,15,13,0,0,11700
REN0476,2026-05-14,CUST260,Individual Patient,Viman Nagar,BiPAP Machine,Respiratory Equipment,21,550,11550,8900,150,970,Credit Card,Returned,Good,3.5,2026-06-04,2026-05-09,2026-05-14,2026-06-04,2026-06-04,Completed,Not Cancelled,411058.0,BP-010,2023-08-08,2025-05-07,2025-11-03,3.0,11,7,0,0,11550
REN0477,2026-04-08,CUST238,Home Care,Koregaon Park,Commode Chair,Mobility Equipment,3,90,270,1800,300,20,UPI,Returned,Excellent,4.0,2026-04-11,2026-04-01,2026-04-08,2026-04-11,2026-04-11,Completed,Not Cancelled,411007.0,CC-004,2025-02-10,2026-02-10,2026-08-09,1.5,10,5,0,0,270
REN0478,2026-07-29,CUST243,Home Care,Shivajinagar,Commode Chair,Mobility Equipment,7,100,700,2200,200,50,Bank Transfer,Returned,Good,3.5,2026-08-05,2026-07-28,2026-07-29,2026-08-05,2026-08-05,Completed,Not Cancelled,411007.0,CC-010,2022-12-23,2023-04-16,2023-10-13,3.6,10,4,0,0,700
REN0479,2026-07-31,CUST272,Individual Patient,Kharadi,Wheelchair,Mobility Equipment,5,150,750,3000,300,50,UPI,Returned,Good,4.5,2026-08-05,2026-07-30,2026-07-31,2026-08-05,2026-08-05,Completed,Not Cancelled,411009.0,WC-012,2025-04-29,2026-05-02,2027-05-02,1.3,20,5,0,0,750
REN0480,2026-02-08,CUST208,Home Care,Chinchwad,Nebulizer,Respiratory Equipment,21,90,1890,1600,450,130,Cash,Returned,Good,5.0,2026-03-01,2026-01-27,2026-02-08,2026-03-01,2026-03-01,Completed,Not Cancelled,411040.0,NB-012,2022-05-08,2024-10-27,,4.2,12,8,0,0,1890
REN0481,2026-06-29,CUST147,Home Care,Koregaon Park,Hospital Bed,Patient Care Equipment,3,360,1080,7000,300,90,UPI,Returned,Good,5.0,2026-07-02,2026-06-19,2026-06-29,2026-07-02,2026-07-02,Completed,Not Cancelled,411027.0,HB-021,2025-06-17,2026-06-19,2026-12-16,1.1,23,12,0,0,1080
REN0482,2026-03-03,CUST385,Hospital,Chinchwad,Hospital Bed,Patient Care Equipment,3,390,1170,7200,400,110,Bank Transfer,Returned,Good,5.0,2026-03-06,2026-02-26,2026-03-03,2026-03-06,2026-03-06,Completed,Not Cancelled,411015.0,HB-001,2024-10-28,2025-07-27,2025-11-24,1.8,23,14,0,0,1170
REN0483,2026-06-23,CUST239,Individual Patient,Kothrud,Hospital Bed,Patient Care Equipment,7,350,2450,5600,250,100,UPI,Cancelled,Fair,,,2026-06-21,2026-06-23,,,Cancelled,Cancelled,411052.0,,,,,,23,23,0,1,2450
REN0484,2026-07-16,CUST236,Diagnostic Center,Viman Nagar,Wheelchair,Mobility Equipment,1,160,160,2700,500,10,Credit Card,Returned,Excellent,3.5,2026-07-17,2026-07-15,2026-07-16,2026-07-17,2026-07-17,Completed,Not Cancelled,411057.0,WC-001,2024-04-30,2025-08-24,2025-11-22,2.3,20,12,0,0,160
REN0485,2026-06-10,CUST364,Individual Patient,Viman Nagar,Suction Machine,Surgical Equipment,7,230,1610,5200,100,70,UPI,Returned,Good,5.0,2026-06-17,2026-05-28,2026-06-10,2026-06-17,2026-06-17,Completed,Not Cancelled,411052.0,SM-002,2023-03-01,2023-10-28,2024-04-25,3.4,14,10,0,0,1610
REN0486,2026-04-14,CUST362,Clinic,Erandwane,Oxygen Concentrator,Respiratory Equipment,7,270,1890,6700,200,80,Bank Transfer,Returned,Excellent,3.0,2026-04-21,2026-04-13,2026-04-14,2026-04-21,2026-04-21,Completed,Not Cancelled,411028.0,OC-005,2024-02-15,2026-06-16,2026-10-14,2.5,16,6,0,0,1890
REN0487,2026-02-23,CUST257,Clinic,Koregaon Park,BiPAP Machine,Respiratory Equipment,1,570,570,10400,150,20,UPI,Returned,Good,3.5,2026-02-24,2026-02-20,2026-02-23,2026-02-24,2026-02-24,Completed,Not Cancelled,411008.0,BP-010,2023-08-08,2025-05-07,2025-11-03,3.0,11,8,0,0,570
REN0488,2026-04-30,CUST120,Home Care,Bibwewadi,Commode Chair,Mobility Equipment,5,100,500,2000,300,50,UPI,Returned,Good,4.5,2026-05-05,2026-04-22,2026-04-30,2026-05-05,2026-05-05,Completed,Not Cancelled,411058.0,CC-002,2023-03-30,2023-10-02,2024-10-01,3.3,10,9,0,0,500
REN0489,2026-05-08,CUST255,Individual Patient,Koregaon Park,Wheelchair,Mobility Equipment,30,150,4500,2500,500,420,UPI,Returned,Excellent,4.5,2026-06-07,2026-04-26,2026-05-08,2026-06-07,2026-06-07,Completed,Not Cancelled,411040.0,WC-014,2025-07-05,2026-01-27,2026-04-27,1.1,20,4,0,0,4500
REN0490,2026-04-11,CUST329,Diagnostic Center,Aundh,Walker,Mobility Equipment,5,60,300,1200,350,10,UPI,Returned,Good,4.5,2026-04-16,2026-04-09,2026-04-11,2026-04-16,2026-04-16,Completed,Not Cancelled,411058.0,WK-003,2024-07-22,2024-11-09,2025-05-08,2.0,7,6,0,0,300
REN0491,2026-03-17,CUST182,Hospital,Hadapsar,Wheelchair,Mobility Equipment,7,140,980,2900,200,70,UPI,Returned,Excellent,4.0,2026-03-24,2026-03-08,2026-03-17,2026-03-24,2026-03-24,Completed,Not Cancelled,411014.0,WC-008,2024-11-30,2025-04-12,2025-07-11,1.7,20,12,0,0,980
REN0492,2026-07-24,CUST157,Diagnostic Center,Bibwewadi,Fowler Bed,Patient Care Equipment,3,400,1200,7700,300,90,Debit Card,Returned,Fair,4.0,2026-07-27,2026-07-20,2026-07-24,2026-07-27,2026-07-27,Completed,Not Cancelled,411057.0,FB-002,2025-01-02,2026-02-11,2026-06-11,1.6,15,6,0,0,1200
REN0493,2026-06-19,CUST102,Clinic,Camp,Patient Monitor,Monitoring Equipment,5,610,3050,9700,150,190,UPI,Returned,Good,5.0,2026-06-24,2026-06-11,2026-06-19,2026-06-24,2026-06-24,Completed,Not Cancelled,411028.0,PM-001,2023-06-06,2026-05-23,2026-08-21,3.2,13,7,0,0,3050
REN0494,2026-05-13,CUST296,Individual Patient,Vishrantwadi,CPAP Machine,Respiratory Equipment,14,350,4900,8400,200,380,Cash,Returned,Good,4.5,2026-05-27,2026-05-12,2026-05-13,2026-05-27,2026-05-27,Completed,Not Cancelled,411047.0,CP-004,2023-07-31,2023-10-18,2024-01-16,3.0,19,13,0,0,4900
REN0495,2026-03-13,CUST107,Clinic,Erandwane,Patient Monitor,Monitoring Equipment,5,610,3050,12000,100,200,UPI,Returned,Good,4.0,2026-03-18,2026-03-02,2026-03-13,2026-03-18,2026-03-18,Completed,Not Cancelled,411009.0,PM-007,2023-09-28,2024-02-25,2024-05-25,2.8,13,9,0,0,3050
REN0496,2026-06-11,CUST352,Home Care,Baner,CPAP Machine,Respiratory Equipment,5,330,1650,7200,250,60,Bank Transfer,Returned,Good,4.0,2026-06-16,2026-06-03,2026-06-11,2026-06-16,2026-06-16,Completed,Not Cancelled,411046.0,CP-012,2025-05-31,2025-12-09,2026-04-08,1.2,19,12,0,0,1650
REN0497,2026-02-10,CUST247,Home Care,Koregaon Park,Suction Machine,Surgical Equipment,7,230,1610,4800,300,90,UPI,Returned,Excellent,5.0,2026-02-17,2026-01-28,2026-02-10,2026-02-17,2026-02-17,Completed,Not Cancelled,411038.0,SM-011,2024-04-13,2025-11-27,2026-11-27,2.3,14,11,0,0,1610
REN0498,2026-06-16,CUST270,Clinic,Hinjawadi,CPAP Machine,Respiratory Equipment,7,370,2590,7300,150,160,UPI,Returned,Excellent,4.5,2026-06-23,2026-06-10,2026-06-16,2026-06-23,2026-06-23,Completed,Not Cancelled,411058.0,CP-001,2022-11-27,2025-01-06,2025-04-06,3.7,19,15,0,0,2590
REN0499,2026-05-04,CUST348,Clinic,Hinjawadi,Suction Machine,Surgical Equipment,5,270,1350,4700,300,110,Bank Transfer,Returned,Good,3.5,2026-05-09,2026-04-23,2026-05-04,2026-05-09,2026-05-09,Completed,Not Cancelled,411009.0,SM-005,2023-02-15,2024-02-13,2025-02-12,3.5,14,11,0,0,1350
REN0500,2026-06-02,CUST154,Home Care,Baner,CPAP Machine,Respiratory Equipment,3,370,1110,8300,150,40,UPI,Active,Good,,,2026-05-27,2026-06-02,2026-06-05,,Confirmed,Not Cancelled,,CP-005,2022-05-05,2023-05-04,2023-10-31,4.2,19,10,1,0,1110
REN0501,2026-03-04,CUST235,Diagnostic Center,Camp,Wheelchair,Mobility Equipment,5,160,800,2500,450,60,UPI,Returned,Fair,4.0,2026-03-09,2026-02-26,2026-03-04,2026-03-09,2026-03-09,Completed,Not Cancelled,411043.0,WC-009,2024-08-16,2024-11-16,2025-11-16,2.0,20,13,0,0,800
REN0502,2026-02-26,CUST121,Home Care,Kharadi,Patient Monitor,Monitoring Equipment,5,660,3300,11000,200,120,Debit Card,Returned,Excellent,4.5,2026-03-03,2026-02-25,2026-02-26,2026-03-03,2026-03-03,Completed,Not Cancelled,411048.0,PM-006,2024-01-04,2024-06-05,2024-12-02,2.6,13,9,0,0,3300
REN0503,2026-02-07,CUST164,Home Care,Wakad,Wheelchair,Mobility Equipment,3,150,450,2500,300,30,UPI,Returned,Good,4.5,2026-02-10,2026-01-28,2026-02-07,2026-02-10,2026-02-10,Completed,Not Cancelled,411052.0,WC-007,2024-08-29,2026-04-11,2026-07-10,1.9,20,17,0,0,450
REN0504,2026-07-26,CUST379,Home Care,Dhankawadi,Infusion Pump,Critical Care Equipment,30,360,10800,7000,150,890,UPI,Returned,Fair,4.0,2026-08-25,2026-07-21,2026-07-26,2026-08-25,2026-08-25,Completed,Not Cancelled,411009.0,IP-005,2022-06-29,2025-01-12,2025-05-12,4.1,10,9,0,0,10800
REN0505,2026-07-20,CUST113,Hospital,Shivajinagar,Suction Machine,Surgical Equipment,10,230,2300,4900,300,200,UPI,Returned,Good,4.0,2026-07-30,2026-07-13,2026-07-20,2026-07-30,2026-07-30,Completed,Not Cancelled,411007.0,SM-009,2023-07-17,2026-04-30,2027-04-30,3.0,14,11,0,0,2300
REN0506,2026-07-23,CUST260,Home Care,Aundh,Patient Monitor,Monitoring Equipment,21,620,13020,10700,300,640,UPI,Returned,Good,3.5,2026-08-13,2026-07-16,2026-07-23,2026-08-13,2026-08-13,Completed,Not Cancelled,411030.0,PM-004,2025-02-22,2025-11-29,2026-03-29,1.4,13,7,0,0,13020
REN0507,2026-07-04,CUST269,Diagnostic Center,Vishrantwadi,CPAP Machine,Respiratory Equipment,3,350,1050,7300,500,70,UPI,Returned,Good,4.5,2026-07-07,2026-06-25,2026-07-04,2026-07-07,2026-07-07,Completed,Not Cancelled,411008.0,CP-019,2023-08-01,2024-08-24,2025-08-24,3.0,19,15,0,0,1050
REN0508,2026-04-02,CUST372,Individual Patient,Erandwane,Patient Monitor,Monitoring Equipment,30,620,18600,12500,200,1360,Debit Card,Returned,Good,4.5,2026-05-02,2026-03-27,2026-04-02,2026-05-02,2026-05-02,Completed,Not Cancelled,411037.0,PM-008,2023-02-24,2024-12-23,2025-06-21,3.4,13,9,0,0,18600
REN0509,2026-05-24,CUST376,Diagnostic Center,Dhankawadi,ECG Machine,Diagnostic Equipment,5,500,2500,9300,200,230,UPI,Returned,Good,4.5,2026-05-29,2026-05-17,2026-05-24,2026-05-29,2026-05-29,Completed,Not Cancelled,411038.0,ECG-008,2022-02-10,2023-09-04,2024-09-03,4.5,9,6,0,0,2500
REN0510,2026-05-06,CUST353,Clinic,Chinchwad,Infusion Pump,Critical Care Equipment,3,330,990,5700,350,90,UPI,Cancelled,Good,,,2026-04-30,2026-05-06,,,Cancelled,Cancelled,411058.0,,,,,,10,10,0,1,990
REN0511,2026-03-24,CUST143,Individual Patient,Hinjawadi,Wheelchair,Mobility Equipment,10,150,1500,3000,350,110,Bank Transfer,Returned,Good,5.0,2026-04-03,2026-03-17,2026-03-24,2026-04-03,2026-04-03,Completed,Not Cancelled,411007.0,WC-009,2024-08-16,2024-11-16,2025-11-16,2.0,20,7,0,0,1500
REN0512,2026-02-24,CUST288,Hospital,Koregaon Park,Wheelchair,Mobility Equipment,5,140,700,3000,300,60,UPI,Returned,Good,4.5,2026-03-01,2026-02-19,2026-02-24,2026-03-01,2026-03-01,Completed,Not Cancelled,411028.0,WC-011,2024-06-14,2024-10-17,2025-04-15,2.1,20,11,0,0,700
REN0513,2026-03-29,CUST163,Home Care,Wakad,Hospital Bed,Patient Care Equipment,7,380,2660,6000,500,200,Bank Transfer,Returned,Good,,2026-04-05,2026-03-20,2026-03-29,2026-04-05,2026-04-05,Completed,Not Cancelled,411028.0,HB-022,2022-10-26,2023-05-17,2024-05-16,3.8,23,10,0,0,2660
REN0514,2026-05-06,CUST375,Diagnostic Center,Koregaon Park,Fowler Bed,Patient Care Equipment,3,460,1380,7500,300,80,UPI,Returned,Excellent,,2026-05-09,2026-04-26,2026-05-06,2026-05-09,2026-05-09,Completed,Not Cancelled,411042.0,FB-011,2022-05-13,2023-03-15,2023-06-13,4.2,15,9,0,0,1380
REN0515,2026-02-05,CUST141,Home Care,Dhankawadi,Oxygen Concentrator,Respiratory Equipment,10,280,2800,6200,150,250,Bank Transfer,Returned,Good,4.5,2026-02-15,2026-01-30,2026-02-05,2026-02-15,2026-02-15,Completed,Not Cancelled,411028.0,OC-009,2024-12-24,2025-05-23,2025-11-19,1.6,16,15,0,0,2800
REN0516,2026-03-17,CUST146,Individual Patient,Pimpri,Suction Machine,Surgical Equipment,30,270,8100,5000,200,620,UPI,Returned,Good,5.0,2026-04-16,2026-03-15,2026-03-17,2026-04-16,2026-04-16,Completed,Not Cancelled,411043.0,SM-006,2024-01-04,2024-10-23,2025-02-20,2.6,14,8,0,0,8100
REN0517,2026-07-18,CUST311,Home Care,Shivajinagar,Wheelchair,Mobility Equipment,21,150,3150,2900,300,210,Credit Card,Returned,Good,5.0,2026-08-08,2026-07-14,2026-07-18,2026-08-08,2026-08-08,Completed,Not Cancelled,411048.0,WC-016,2024-07-04,2025-08-17,2025-12-15,2.1,20,10,0,0,3150
REN0518,2026-03-21,CUST321,Clinic,Vishrantwadi,Surgical Loupe,Surgical Equipment,30,240,7200,4700,250,510,Debit Card,Returned,Excellent,3.5,2026-04-20,2026-03-11,2026-03-21,2026-04-20,2026-04-20,Completed,Not Cancelled,411045.0,SL-001,2025-06-04,2025-12-06,2026-06-04,1.2,7,5,0,0,7200
REN0519,2026-03-20,CUST105,Clinic,Viman Nagar,Wheelchair,Mobility Equipment,14,150,2100,3100,350,170,UPI,Active,Excellent,,,2026-03-08,2026-03-20,2026-04-03,,Confirmed,Not Cancelled,411045.0,WC-019,2023-12-24,2026-05-27,2026-08-25,2.6,20,7,0,0,2100
REN0520,2026-05-31,CUST303,Clinic,Chinchwad,Walker,Mobility Equipment,14,60,840,1400,400,30,UPI,Returned,Good,4.5,2026-06-14,2026-05-28,2026-05-31,2026-06-14,2026-06-14,Completed,Not Cancelled,411009.0,WK-006,2024-09-05,2025-05-31,2025-09-28,1.9,7,7,0,0,840
REN0521,2026-07-16,CUST332,Individual Patient,Dhankawadi,CPAP Machine,Respiratory Equipment,3,390,1170,7600,100,80,Debit Card,Returned,Excellent,4.0,2026-07-19,2026-07-04,2026-07-16,2026-07-19,2026-07-19,Completed,Not Cancelled,411052.0,CP-007,2023-05-05,2026-04-29,2026-10-26,3.2,19,18,0,0,1170
REN0522,2026-03-10,CUST144,Individual Patient,Kothrud,Oxygen Concentrator,Respiratory Equipment,14,270,3780,5900,200,350,UPI,Returned,Good,4.0,2026-03-24,2026-03-07,2026-03-10,2026-03-24,2026-03-24,Completed,Not Cancelled,411042.0,OC-016,2022-05-08,2026-06-18,2026-09-16,4.2,16,5,0,0,3780
REN0523,2026-07-31,CUST111,Home Care,Hinjawadi,Hospital Bed,Patient Care Equipment,7,400,2800,6400,300,110,Debit Card,Returned,Good,4.0,2026-08-07,2026-07-19,2026-07-31,2026-08-07,2026-08-07,Completed,Not Cancelled,411014.0,HB-012,2022-06-28,2023-10-26,2024-02-23,4.1,23,14,0,0,2800
REN0524,2026-05-03,CUST377,Clinic,Kothrud,Infusion Pump,Critical Care Equipment,7,310,2170,6600,350,80,UPI,Returned,Good,4.0,2026-05-10,2026-04-21,2026-05-03,2026-05-10,2026-05-10,Completed,Not Cancelled,,IP-002,2023-07-05,2024-03-20,2025-03-20,3.1,10,8,1,0,2170
REN0525,2026-02-16,CUST259,Hospital,Vishrantwadi,Hospital Bed,Patient Care Equipment,5,390,1950,6000,150,170,Cash,Returned,Excellent,4.5,2026-02-21,2026-02-10,2026-02-16,2026-02-21,2026-02-21,Completed,Not Cancelled,411038.0,HB-014,2025-06-29,2026-07-26,2027-07-26,1.1,23,12,0,0,1950
REN0526,2026-07-21,CUST251,Home Care,Wanowrie,Patient Monitor,Monitoring Equipment,14,670,9380,11500,300,630,Cash,Returned,Good,4.5,2026-08-04,2026-07-08,2026-07-21,2026-08-04,2026-08-04,Completed,Not Cancelled,411057.0,PM-012,2023-12-20,2024-10-07,2025-02-04,2.6,13,8,0,0,9380
REN0527,2026-07-21,CUST356,Individual Patient,Wanowrie,Walker,Mobility Equipment,30,70,2100,1400,300,100,Credit Card,Returned,Fair,3.0,2026-08-20,2026-07-15,2026-07-21,2026-08-20,2026-08-20,Completed,Not Cancelled,411043.0,WK-006,2024-09-05,,2025-09-28,1.9,7,5,0,0,2100
REN0528,2026-07-07,CUST231,Home Care,Viman Nagar,Wheelchair,Mobility Equipment,30,160,4800,2600,200,240,UPI,Returned,Excellent,4.5,2026-08-06,2026-07-03,2026-07-07,2026-08-06,2026-08-06,Completed,Not Cancelled,411058.0,WC-002,2024-11-25,2025-02-12,2025-06-12,1.7,20,11,0,0,4800
REN0529,2026-07-31,CUST133,Individual Patient,Hinjawadi,Fowler Bed,Patient Care Equipment,5,460,2300,7800,250,80,Bank Transfer,Returned,Excellent,4.5,2026-08-05,2026-07-21,2026-07-31,2026-08-05,2026-08-05,Completed,Not Cancelled,411058.0,FB-008,2023-01-30,2026-07-02,2027-07-02,3.5,15,8,0,0,2300
REN0530,2026-06-11,CUST398,Individual Patient,Kothrud,Oxygen Concentrator,Respiratory Equipment,7,270,1890,5200,350,100,Credit Card,Returned,Fair,3.0,2026-06-18,2026-06-09,2026-06-11,2026-06-18,2026-06-18,Completed,Not Cancelled,411015.0,OC-013,2023-06-29,2024-03-06,2025-03-06,3.1,16,8,0,0,1890
REN0531,2026-05-28,CUST117,Home Care,Chinchwad,Wheelchair,Mobility Equipment,3,160,480,2600,350,40,UPI,Returned,Good,4.5,2026-05-31,2026-05-25,2026-05-28,2026-05-31,2026-05-31,Completed,Not Cancelled,411027.0,WC-010,2022-10-28,2026-07-19,2027-01-15,3.8,20,7,0,0,480
REN0532,2026-04-11,CUST202,Clinic,Wanowrie,Surgical Headlight,Surgical Equipment,10,170,1700,4100,100,60,Credit Card,Returned,Fair,4.5,2026-04-21,2026-04-08,2026-04-11,2026-04-21,2026-04-21,Completed,Not Cancelled,411015.0,SH-006,2025-01-03,2025-04-27,2025-07-26,1.6,8,5,0,0,1700
REN0533,2026-05-02,CUST348,Diagnostic Center,Koregaon Park,Suction Machine,Surgical Equipment,7,270,1890,4900,350,110,UPI,Active,Excellent,,,2026-04-25,2026-05-02,2026-05-09,,Confirmed,Not Cancelled,411015.0,SM-013,2022-07-24,2024-05-07,2025-05-07,4.0,14,11,0,0,1890
REN0534,2026-07-04,CUST244,Individual Patient,Erandwane,Patient Monitor,Monitoring Equipment,7,660,4620,11100,200,250,Cash,Returned,Excellent,,2026-07-11,2026-06-26,2026-07-04,2026-07-11,2026-07-11,Completed,Not Cancelled,411045.0,PM-012,2023-12-20,2024-10-07,2025-02-04,2.6,13,7,0,0,4620
REN0535,2026-07-31,CUST207,Home Care,Dhankawadi,Hospital Bed,Patient Care Equipment,14,390,5460,6000,300,460,Cash,Returned,Fair,5.0,2026-08-14,2026-07-21,2026-07-31,2026-08-14,2026-08-14,Completed,Not Cancelled,411057.0,HB-004,2025-03-24,2026-06-21,2026-12-18,1.4,23,14,0,0,5460
REN0536,2026-05-12,CUST190,Hospital,Wakad,Oxygen Concentrator,Respiratory Equipment,14,280,3920,5400,300,220,Bank Transfer,Returned,Excellent,4.5,2026-05-26,2026-05-01,2026-05-12,2026-05-26,2026-05-26,Completed,Not Cancelled,411038.0,OC-004,2025-03-27,2026-06-20,2026-12-17,1.3,16,9,0,0,3920
REN0537,2026-05-24,CUST249,Home Care,Dhankawadi,Hospital Bed,Patient Care Equipment,5,370,1850,5900,300,80,Credit Card,Returned,Good,4.0,2026-05-29,2026-05-13,2026-05-24,2026-05-29,2026-05-29,Completed,Not Cancelled,411048.0,HB-003,2022-11-12,2024-06-27,2024-09-25,3.7,23,16,0,0,1850
REN0538,2026-04-11,CUST197,Individual Patient,Vishrantwadi,ECG Machine,Diagnostic Equipment,14,500,7000,9000,250,400,UPI,Returned,Good,4.5,2026-04-25,2026-04-03,2026-04-11,2026-04-25,2026-04-25,Completed,Not Cancelled,411046.0,ECG-005,2022-01-24,2022-08-13,,4.5,9,6,0,0,7000
REN0539,2026-02-07,CUST219,Home Care,Chinchwad,ECG Machine,Diagnostic Equipment,14,540,7560,10400,450,310,Credit Card,Returned,Good,4.5,2026-02-21,2026-01-26,2026-02-07,2026-02-21,2026-02-21,Completed,Not Cancelled,411027.0,ECG-003,2022-12-29,2023-07-22,2024-01-18,3.6,9,9,0,0,7560
REN0540,2026-04-02,CUST103,Hospital,Wanowrie,Commode Chair,Mobility Equipment,1,90,90,2000,300,10,Debit Card,Returned,Good,3.0,2026-04-03,2026-03-30,2026-04-02,2026-04-03,2026-04-03,Completed,Not Cancelled,411048.0,CC-003,2023-05-29,2025-12-14,2026-03-14,3.2,10,7,0,0,90
REN0541,2026-05-20,CUST298,Hospital,Dhankawadi,Oxygen Concentrator,Respiratory Equipment,14,310,4340,5300,250,220,Credit Card,Returned,Good,5.0,2026-06-03,2026-05-12,2026-05-20,2026-06-03,2026-06-03,Completed,Not Cancelled,411038.0,OC-013,2023-06-29,2024-03-06,2025-03-06,3.1,16,9,0,0,4340
REN0542,2026-03-30,CUST346,Home Care,Shivajinagar,Surgical Loupe,Surgical Equipment,10,220,2200,4700,250,140,Credit Card,Returned,Good,4.5,2026-04-09,2026-03-29,2026-03-30,2026-04-09,2026-04-09,Completed,Not Cancelled,411007.0,SL-005,2022-05-04,2025-12-20,2026-06-18,4.2,7,4,0,0,2200
REN0543,2026-03-09,CUST297,Diagnostic Center,Kharadi,ECG Machine,Diagnostic Equipment,5,510,2550,9100,150,170,UPI,Returned,Good,5.0,2026-03-14,2026-03-07,2026-03-09,2026-03-14,2026-03-14,Completed,Not Cancelled,411046.0,ECG-001,2025-06-16,2025-11-07,2026-02-05,1.1,9,9,0,0,2550
REN0544,2026-06-23,CUST189,Home Care,Hadapsar,Patient Monitor,Monitoring Equipment,14,630,8820,11300,350,410,UPI,Returned,Good,4.5,2026-07-07,2026-06-20,2026-06-23,2026-07-07,2026-07-07,Completed,Not Cancelled,411052.0,PM-011,2023-07-09,2025-11-09,2026-03-09,3.1,13,5,0,0,8820
REN0545,2026-05-01,CUST258,Individual Patient,Wanowrie,Infusion Pump,Critical Care Equipment,45,320,14400,6100,350,650,UPI,Returned,Good,3.5,2026-06-15,2026-04-29,2026-05-01,2026-06-15,2026-06-15,Completed,Not Cancelled,411015.0,IP-005,2022-06-29,2025-01-12,2025-05-12,4.1,10,9,0,0,14400
REN0546,2026-06-20,CUST247,Hospital,Chinchwad,Fowler Bed,Patient Care Equipment,30,450,13500,7500,450,500,Credit Card,Returned,Good,3.0,2026-07-20,2026-06-07,2026-06-20,2026-07-20,2026-07-20,Completed,Not Cancelled,411027.0,FB-007,2022-07-03,2023-06-21,2023-10-19,4.1,15,11,0,0,13500
REN0547,2026-02-17,CUST318,Home Care,Wanowrie,Suction Machine,Surgical Equipment,7,270,1890,4500,250,80,Bank Transfer,Returned,Fair,5.0,2026-02-24,2026-02-12,2026-02-17,2026-02-24,2026-02-24,Completed,Not Cancelled,411046.0,SM-003,2025-06-21,2026-01-30,2026-07-29,1.1,14,7,0,0,1890
REN0548,2026-06-08,CUST274,Clinic,Hinjawadi,ECG Machine,Diagnostic Equipment,1,470,470,10400,300,20,Cash,Cancelled,Good,,,2026-05-28,2026-06-08,,,Cancelled,Cancelled,411058.0,,,,,,9,9,0,1,470
REN0549,2026-06-09,CUST171,Clinic,Camp,Fowler Bed,Patient Care Equipment,5,410,2050,8200,150,100,UPI,Returned,Good,4.0,2026-06-14,2026-06-04,2026-06-09,2026-06-14,2026-06-14,Completed,Not Cancelled,411027.0,FB-005,2023-12-06,2025-12-27,2026-12-27,2.7,15,9,0,0,2050
REN0550,2026-03-24,CUST370,Home Care,Koregaon Park,Hospital Bed,Patient Care Equipment,14,380,5320,6200,250,330,Credit Card,Returned,Excellent,4.5,2026-04-07,2026-03-16,2026-03-24,2026-04-07,2026-04-07,Completed,Not Cancelled,411037.0,HB-013,2025-05-03,2025-11-16,2026-03-16,1.2,23,10,0,0,5320
REN0551,2026-04-01,CUST296,Hospital,Vishrantwadi,Hospital Bed,Patient Care Equipment,5,380,1900,6300,450,180,Credit Card,Returned,Good,4.5,2026-04-06,2026-03-28,2026-04-01,2026-04-06,2026-04-06,Completed,Not Cancelled,411045.0,HB-020,2025-01-09,2025-06-27,2025-10-25,1.6,23,6,0,0,1900
REN0552,2026-04-27,CUST334,Clinic,Hadapsar,Hospital Bed,Patient Care Equipment,3,340,1020,6700,450,40,Credit Card,Active,Good,,,2026-04-14,2026-04-27,2026-04-30,,Confirmed,Not Cancelled,411052.0,HB-001,2024-10-28,2025-07-27,2025-11-24,1.8,23,12,0,0,1020
REN0553,2026-05-07,CUST122,Home Care,Chinchwad,Commode Chair,Mobility Equipment,21,100,2100,2200,600,120,Bank Transfer,Returned,Good,4.5,2026-05-28,2026-05-06,2026-05-07,2026-05-28,2026-05-28,Completed,Not Cancelled,411007.0,CC-004,2025-02-10,2026-02-10,2026-08-09,1.5,10,9,0,0,2100
REN0554,2026-06-16,CUST185,Home Care,Aundh,Commode Chair,Mobility Equipment,14,100,1400,2000,350,80,Bank Transfer,Returned,Excellent,4.0,2026-06-30,2026-06-08,2026-06-16,2026-06-30,2026-06-30,Completed,Not Cancelled,411014.0,CC-009,2025-02-05,2026-03-20,2026-07-18,1.5,10,8,0,0,1400
REN0555,2026-02-20,CUST294,Clinic,Hadapsar,Walker,Mobility Equipment,10,70,700,1500,300,50,UPI,Active,Good,,,2026-02-07,2026-02-20,2026-03-02,,Confirmed,Not Cancelled,411052.0,WK-007,2022-10-31,2023-01-01,2024-01-01,3.8,7,5,0,0,700
REN0556,2026-02-13,CUST265,Home Care,Koregaon Park,Patient Monitor,Monitoring Equipment,14,610,8540,11700,350,670,Bank Transfer,Returned,Good,5.0,2026-02-27,2026-02-04,2026-02-13,2026-02-27,2026-02-27,Completed,Not Cancelled,411040.0,PM-009,2023-03-12,2024-08-21,2025-02-17,3.4,13,9,0,0,8540
REN0557,2026-04-10,CUST232,Home Care,Kothrud,BiPAP Machine,Respiratory Equipment,10,510,5100,11300,250,290,UPI,Returned,Good,4.0,2026-04-20,2026-03-31,2026-04-10,2026-04-20,2026-04-20,Completed,Not Cancelled,411047.0,BP-001,2024-10-27,2025-12-27,2026-03-27,1.8,11,6,0,0,5100
REN0558,2026-04-13,CUST152,Home Care,Vishrantwadi,CPAP Machine,Respiratory Equipment,14,360,5040,6900,350,290,UPI,Active,Good,,,2026-04-10,2026-04-13,2026-04-27,,Confirmed,Not Cancelled,411008.0,CP-015,2022-06-26,2023-01-19,2023-07-18,4.1,19,13,0,0,5040
REN0559,2026-06-08,CUST341,Individual Patient,Camp,Wheelchair,Mobility Equipment,21,160,3360,3000,500,170,UPI,Returned,Good,4.5,2026-06-29,2026-06-03,2026-06-08,2026-06-29,2026-06-29,Completed,Not Cancelled,411008.0,WC-010,2022-10-28,2026-07-19,2027-01-15,3.8,20,14,0,0,3360
REN0560,2026-02-10,CUST178,Hospital,Aundh,Hospital Bed,Patient Care Equipment,21,360,7560,6900,350,640,Debit Card,Returned,Good,,2026-03-03,2026-02-08,2026-02-10,2026-03-03,2026-03-03,Completed,Not Cancelled,411046.0,HB-015,2023-12-19,2025-01-01,2025-04-01,2.6,23,20,0,0,7560
REN0561,2026-02-17,CUST278,Home Care,Dhankawadi,CPAP Machine,Respiratory Equipment,30,350,10500,6400,350,400,Debit Card,Returned,Fair,3.5,2026-03-19,2026-02-13,2026-02-17,2026-03-19,2026-03-19,Completed,Not Cancelled,411030.0,CP-015,2022-06-26,2023-01-19,2023-07-18,4.1,19,18,0,0,10500
REN0562,2026-02-01,CUST215,Individual Patient,Koregaon Park,Wheelchair,Mobility Equipment,3,130,390,3100,250,40,Credit Card,Returned,Excellent,4.5,2026-02-04,2026-01-31,2026-02-01,2026-02-04,2026-02-04,Completed,Not Cancelled,411057.0,WC-011,2024-06-14,2024-10-17,2025-04-15,2.1,20,16,0,0,390
REN0563,2026-03-22,CUST163,Home Care,Pimpri,Wheelchair,Mobility Equipment,30,130,3900,2500,200,170,Bank Transfer,Returned,Good,3.5,2026-04-21,2026-03-13,2026-03-22,2026-04-21,2026-04-21,Completed,Not Cancelled,411037.0,WC-004,2024-04-11,2025-03-19,2025-07-17,2.3,20,5,0,0,3900
REN0564,2026-03-13,CUST394,Hospital,Dhankawadi,BiPAP Machine,Respiratory Equipment,1,510,510,9900,500,50,UPI,Returned,Good,4.5,2026-03-14,2026-02-28,2026-03-13,2026-03-14,2026-03-14,Completed,Not Cancelled,411048.0,BP-006,2023-06-13,2023-11-02,2024-04-30,3.1,11,8,0,0,510
REN0565,2026-07-28,CUST138,Diagnostic Center,Baner,Oxygen Concentrator,Respiratory Equipment,5,310,1550,5900,150,110,UPI,Returned,Good,3.0,2026-08-02,2026-07-20,2026-07-28,2026-08-02,2026-08-02,Completed,Not Cancelled,411040.0,OC-006,2024-06-08,2024-10-26,2025-04-24,2.1,16,12,0,0,1550
REN0566,2026-04-11,CUST300,Home Care,Kharadi,Surgical Headlight,Surgical Equipment,30,180,5400,3500,300,260,UPI,Returned,Good,5.0,2026-05-11,2026-04-01,2026-04-11,2026-05-11,2026-05-11,Completed,Not Cancelled,411045.0,SH-003,2023-01-16,2024-03-16,2024-09-12,3.5,8,5,0,0,5400
REN0567,2026-04-23,CUST135,Individual Patient,Erandwane,Hospital Bed,Patient Care Equipment,30,390,11700,6700,350,560,UPI,Returned,Good,5.0,2026-05-23,2026-04-17,2026-04-23,2026-05-23,2026-05-23,Completed,Not Cancelled,411045.0,HB-007,2023-05-24,2024-04-15,2025-04-15,3.2,23,14,0,0,11700
REN0568,2026-03-05,CUST352,Home Care,Koregaon Park,Suction Machine,Surgical Equipment,21,260,5460,4900,200,350,UPI,Returned,Good,3.0,2026-03-26,2026-03-03,2026-03-05,2026-03-26,2026-03-26,Completed,Not Cancelled,411009.0,SM-003,2025-06-21,2026-01-30,2026-07-29,1.1,14,8,0,0,5460
REN0569,2026-07-01,CUST202,Clinic,Pimpri,Hospital Bed,Patient Care Equipment,1,370,370,7300,250,20,Bank Transfer,Returned,Good,4.5,2026-07-02,2026-06-23,2026-07-01,2026-07-02,2026-07-02,Completed,Not Cancelled,411047.0,HB-020,2025-01-09,2025-06-27,2025-10-25,1.6,23,12,0,0,370
REN0570,2026-05-19,CUST364,Home Care,Dhankawadi,Oxygen Concentrator,Respiratory Equipment,7,290,2030,6800,250,70,Cash,Returned,Fair,4.0,2026-05-26,2026-05-16,2026-05-19,2026-05-26,2026-05-26,Completed,Not Cancelled,411058.0,OC-016,2022-05-08,2026-06-18,2026-09-16,4.2,16,9,0,0,2030
REN0571,2026-03-30,CUST236,Clinic,Erandwane,Surgical Loupe,Surgical Equipment,10,210,2100,4400,250,110,UPI,Returned,Good,4.0,2026-04-09,2026-03-25,2026-03-30,2026-04-09,2026-04-09,Completed,Not Cancelled,411030.0,SL-007,2025-04-06,2025-11-22,2026-05-21,1.3,7,4,0,0,2100
REN0572,2026-05-21,CUST125,Individual Patient,Viman Nagar,Patient Monitor,Monitoring Equipment,5,670,3350,11900,300,190,Bank Transfer,Returned,Good,4.5,2026-05-26,2026-05-10,2026-05-21,2026-05-26,2026-05-26,Completed,Not Cancelled,,PM-003,2022-02-04,2022-07-21,2023-01-17,4.5,13,6,1,0,3350
REN0573,2026-06-13,CUST324,Individual Patient,Kothrud,CPAP Machine,Respiratory Equipment,30,390,11700,7600,150,530,Bank Transfer,Returned,Good,4.5,2026-07-13,2026-06-09,2026-06-13,2026-07-13,2026-07-13,Completed,Not Cancelled,411042.0,CP-013,2024-04-10,2026-03-03,2027-03-03,2.3,19,13,0,0,11700
REN0574,2026-02-11,CUST209,Hospital,Viman Nagar,Patient Monitor,Monitoring Equipment,7,560,3920,11800,250,270,Bank Transfer,Returned,Excellent,4.5,2026-02-18,2026-02-08,2026-02-11,2026-02-18,2026-02-18,Completed,Not Cancelled,411043.0,PM-007,2023-09-28,2024-02-25,2024-05-25,2.8,13,10,0,0,3920
REN0575,2026-02-21,CUST178,Clinic,Shivajinagar,Nebulizer,Respiratory Equipment,5,90,450,1600,200,20,Credit Card,Returned,Excellent,4.0,2026-02-26,2026-02-20,2026-02-21,2026-02-26,2026-02-26,Completed,Not Cancelled,411030.0,NB-007,2025-05-13,2025-09-25,2026-01-23,1.2,12,6,0,0,450
REN0576,2026-04-05,CUST205,Home Care,Koregaon Park,Wheelchair,Mobility Equipment,10,160,1600,3100,500,70,UPI,Returned,Good,4.5,2026-04-15,2026-03-28,2026-04-05,2026-04-15,2026-04-15,Completed,Not Cancelled,411027.0,WC-016,2024-07-04,2025-08-17,2025-12-15,2.1,20,6,0,0,1600
REN0577,2026-04-04,CUST221,Home Care,Erandwane,Walker,Mobility Equipment,14,60,840,1400,150,60,Bank Transfer,Returned,Good,4.5,2026-04-18,2026-04-01,2026-04-04,2026-04-18,2026-04-18,Completed,Not Cancelled,411058.0,WK-002,2024-03-18,2025-12-13,2026-06-11,2.4,7,4,0,0,840
REN0578,2026-07-08,CUST321,Home Care,Aundh,Patient Monitor,Monitoring Equipment,7,590,4130,11200,200,190,UPI,Returned,Excellent,4.5,2026-07-15,2026-07-01,2026-07-08,2026-07-15,2026-07-15,Completed,Not Cancelled,411048.0,PM-008,2023-02-24,2024-12-23,2025-06-21,3.4,13,4,0,0,4130
REN0579,2026-02-05,CUST191,Individual Patient,Erandwane,Fowler Bed,Patient Care Equipment,7,410,2870,8000,200,200,Bank Transfer,Returned,Good,4.5,2026-02-12,2026-02-01,2026-02-05,2026-02-12,2026-02-12,Completed,Not Cancelled,411042.0,FB-015,2024-03-17,2025-01-08,2025-05-08,2.4,15,11,0,0,2870
REN0580,2026-07-23,CUST364,Home Care,Pimpri,Wheelchair,Mobility Equipment,30,150,4500,3000,500,210,Bank Transfer,Returned,Good,4.5,2026-08-22,2026-07-14,2026-07-23,2026-08-22,2026-08-22,Completed,Not Cancelled,411030.0,WC-008,2024-11-30,2025-04-12,2025-07-11,1.7,20,10,0,0,4500
REN0581,2026-04-06,CUST116,Hospital,Pimpri,Suction Machine,Surgical Equipment,7,270,1890,5500,350,170,UPI,Returned,Good,3.0,2026-04-13,2026-03-26,2026-04-06,2026-04-13,2026-04-13,Completed,Not Cancelled,411030.0,SM-014,2024-10-23,2025-06-25,2025-12-22,1.8,14,13,0,0,1890
REN0582,2026-07-26,CUST207,Individual Patient,Hadapsar,BiPAP Machine,Respiratory Equipment,10,570,5700,9500,450,210,Credit Card,Returned,Good,5.0,2026-08-05,2026-07-23,2026-07-26,2026-08-05,2026-08-05,Completed,Not Cancelled,411030.0,BP-008,2024-04-21,2024-11-06,2025-02-04,2.3,11,4,0,0,5700
REN0583,2026-05-30,CUST126,Home Care,Baner,ECG Machine,Diagnostic Equipment,5,470,2350,10000,450,210,UPI,Returned,Excellent,4.5,2026-06-04,2026-05-21,2026-05-30,2026-06-04,2026-06-04,Completed,Not Cancelled,411042.0,ECG-007,2025-02-25,2025-07-31,2026-07-31,1.4,9,7,0,0,2350
REN0584,2026-03-10,CUST124,Hospital,Hinjawadi,Surgical Headlight,Surgical Equipment,10,200,2000,3800,300,180,Cash,Returned,Fair,4.5,2026-03-20,2026-03-08,2026-03-10,2026-03-20,2026-03-20,Completed,Not Cancelled,411007.0,SH-006,2025-01-03,2025-04-27,2025-07-26,1.6,8,8,0,0,2000
REN0585,2026-04-03,CUST276,Hospital,Koregaon Park,Oxygen Concentrator,Respiratory Equipment,14,260,3640,5700,250,210,Bank Transfer,Returned,Good,4.5,2026-04-17,2026-04-01,2026-04-03,2026-04-17,2026-04-17,Completed,Not Cancelled,411045.0,OC-002,2023-10-02,2025-09-17,2026-03-16,2.8,16,6,0,0,3640
REN0586,2026-03-04,CUST199,Home Care,Bibwewadi,Walker,Mobility Equipment,3,60,180,1500,250,20,UPI,Returned,Good,5.0,2026-03-07,2026-02-27,2026-03-04,2026-03-07,2026-03-07,Completed,Not Cancelled,411042.0,WK-005,2023-08-31,2024-06-28,2025-06-28,2.9,7,5,0,0,180
REN0587,2026-05-26,CUST139,Individual Patient,Viman Nagar,Wheelchair,Mobility Equipment,10,150,1500,2900,200,130,UPI,Returned,Fair,4.0,2026-06-05,2026-05-22,2026-05-26,2026-06-05,2026-06-05,Completed,Not Cancelled,411009.0,WC-011,2024-06-14,2024-10-17,2025-04-15,2.1,20,10,0,0,1500
REN0588,2026-05-10,CUST310,Hospital,Kharadi,Infusion Pump,Critical Care Equipment,7,320,2240,5800,250,110,Credit Card,Returned,Fair,4.0,2026-05-17,2026-04-26,2026-05-10,2026-05-17,2026-05-17,Completed,Not Cancelled,411027.0,IP-006,2025-03-23,2025-07-23,2025-11-20,1.4,10,6,0,0,2240
REN0589,2026-05-16,CUST387,Home Care,Hinjawadi,Oxygen Concentrator,Respiratory Equipment,7,290,2030,6700,250,160,Debit Card,Returned,Excellent,4.0,2026-05-23,2026-05-06,2026-05-16,2026-05-23,2026-05-23,Completed,Not Cancelled,411027.0,OC-007,2022-03-01,2024-09-16,2025-01-14,4.4,16,10,0,0,2030
REN0590,2026-03-03,CUST190,Individual Patient,Shivajinagar,Nebulizer,Respiratory Equipment,30,80,2400,1500,350,160,UPI,Returned,Good,5.0,2026-04-02,2026-02-20,2026-03-03,2026-04-02,2026-04-02,Completed,Not Cancelled,411057.0,NB-002,2025-06-20,2026-04-29,2026-08-27,1.1,12,7,0,0,2400
REN0591,2026-05-10,CUST265,Individual Patient,Kharadi,Oxygen Concentrator,Respiratory Equipment,3,260,780,5300,400,30,UPI,Returned,Excellent,4.0,2026-05-13,2026-05-08,2026-05-10,2026-05-13,2026-05-13,Completed,Not Cancelled,411057.0,OC-008,2022-01-13,2023-05-05,2023-08-03,4.5,16,9,0,0,780
REN0592,2026-03-14,CUST167,Individual Patient,Wanowrie,Surgical Loupe,Surgical Equipment,10,220,2200,4200,500,180,UPI,Returned,Good,4.0,2026-03-24,2026-03-06,2026-03-14,2026-03-24,2026-03-24,Completed,Not Cancelled,411047.0,SL-006,2024-02-17,2025-07-19,2026-01-15,2.5,7,5,0,0,2200
REN0593,2026-05-10,CUST277,Home Care,Dhankawadi,Walker,Mobility Equipment,7,70,490,1400,300,20,Bank Transfer,Returned,Excellent,5.0,2026-05-17,2026-05-03,2026-05-10,2026-05-17,2026-05-17,Completed,Not Cancelled,411045.0,WK-002,2024-03-18,2025-12-13,2026-06-11,2.4,7,5,0,0,490
REN0594,2026-06-08,CUST193,Hospital,Shivajinagar,Hospital Bed,Patient Care Equipment,3,350,1050,5900,250,80,Bank Transfer,Cancelled,Excellent,,,2026-06-07,2026-06-08,,,Cancelled,Cancelled,411058.0,,,,,,23,23,0,1,1050
REN0595,2026-05-20,CUST315,Home Care,Wanowrie,Surgical Loupe,Surgical Equipment,5,200,1000,4000,250,40,Bank Transfer,Returned,Fair,5.0,2026-05-25,2026-05-11,2026-05-20,2026-05-25,2026-05-25,Completed,Not Cancelled,411046.0,SL-001,2025-06-04,2025-12-06,2026-06-04,1.2,7,4,0,0,1000
REN0596,2026-07-05,CUST131,Hospital,Bibwewadi,Fowler Bed,Patient Care Equipment,10,440,4400,7400,200,280,Bank Transfer,Returned,Good,4.0,2026-07-15,2026-06-25,2026-07-05,2026-07-15,2026-07-15,Completed,Not Cancelled,411030.0,FB-015,2024-03-17,2025-01-08,2025-05-08,2.4,15,7,0,0,4400
REN0597,2026-05-21,CUST206,Individual Patient,Chinchwad,Suction Machine,Surgical Equipment,5,260,1300,4500,350,90,UPI,Active,Fair,,,2026-05-09,2026-05-21,2026-05-26,,Confirmed,Not Cancelled,411030.0,SM-008,2022-11-17,2026-01-26,2026-04-26,3.7,14,11,0,0,1300
REN0598,2026-02-01,CUST207,Individual Patient,Hinjawadi,Fowler Bed,Patient Care Equipment,7,460,3220,7200,250,200,Bank Transfer,Returned,Good,4.5,2026-02-08,2026-01-20,2026-02-01,2026-02-08,2026-02-08,Completed,Not Cancelled,411045.0,FB-012,2024-03-04,,2026-04-09,2.4,15,13,0,0,3220
REN0599,2026-04-18,CUST266,Individual Patient,Baner,Suction Machine,Surgical Equipment,21,240,5040,4400,350,260,Bank Transfer,Returned,Fair,3.0,2026-05-09,2026-04-16,2026-04-18,2026-05-09,2026-05-09,Completed,Not Cancelled,411037.0,SM-003,2025-06-21,2026-01-30,,1.1,14,10,0,0,5040
REN0600,2026-03-21,CUST211,Individual Patient,Wanowrie,Hospital Bed,Patient Care Equipment,21,350,7350,5600,250,550,Credit Card,Returned,Excellent,5.0,2026-04-11,2026-03-10,2026-03-21,2026-04-11,2026-04-11,Completed,Not Cancelled,411038.0,HB-006,2023-04-29,2023-10-02,2024-01-30,3.3,23,14,0,0,7350
REN0601,2026-04-22,CUST355,Individual Patient,Bibwewadi,ECG Machine,Diagnostic Equipment,14,510,7140,8100,300,480,Bank Transfer,Returned,Good,4.5,2026-05-06,2026-04-10,2026-04-22,2026-05-06,2026-05-06,Completed,Not Cancelled,411058.0,ECG-006,2024-08-17,2026-03-18,2026-07-16,2.0,9,5,0,0,7140
REN0602,2026-04-26,CUST315,Hospital,Bibwewadi,Commode Chair,Mobility Equipment,1,90,90,1900,250,0,UPI,Returned,Good,,2026-04-27,2026-04-18,2026-04-26,2026-04-27,2026-04-27,Completed,Not Cancelled,411057.0,CC-005,2024-07-20,2024-10-24,2025-04-22,2.0,10,8,0,0,90
REN0603,2026-04-11,CUST296,Hospital,Wakad,Hospital Bed,Patient Care Equipment,1,350,350,7000,550,20,Credit Card,Returned,Fair,4.0,2026-04-12,2026-04-09,2026-04-11,2026-04-12,2026-04-12,Completed,Not Cancelled,,HB-009,2022-04-28,2023-06-27,2023-09-25,4.3,23,13,1,0,350
REN0604,2026-04-11,CUST192,Home Care,Dhankawadi,Walker,Mobility Equipment,14,60,840,1500,150,30,Credit Card,Returned,Excellent,4.0,2026-04-25,2026-04-07,2026-04-11,2026-04-25,2026-04-25,Completed,Not Cancelled,411028.0,WK-006,2024-09-05,2025-05-31,2025-09-28,1.9,7,6,0,0,840
REN0605,2026-07-09,CUST382,Clinic,Dhankawadi,Wheelchair,Mobility Equipment,14,160,2240,2500,450,120,Credit Card,Returned,Fair,4.0,2026-07-23,2026-07-08,2026-07-09,2026-07-23,2026-07-23,Completed,Not Cancelled,411037.0,WC-010,2022-10-28,2026-07-19,2027-01-15,3.8,20,12,0,0,2240
REN0606,2026-02-07,CUST296,Individual Patient,Kothrud,Nebulizer,Respiratory Equipment,30,80,2400,1900,200,90,UPI,Active,Excellent,,,2026-02-06,2026-02-07,2026-03-09,,Confirmed,Not Cancelled,411028.0,NB-010,2024-09-03,2026-05-18,2027-05-18,1.9,12,10,0,0,2400
REN0607,2026-06-28,CUST214,Individual Patient,Kharadi,Wheelchair,Mobility Equipment,5,160,800,3100,350,30,Bank Transfer,Returned,Good,4.5,2026-07-03,2026-06-16,2026-06-28,2026-07-03,2026-07-03,Completed,Not Cancelled,411037.0,WC-009,2024-08-16,2024-11-16,2025-11-16,2.0,20,8,0,0,800
REN0608,2026-07-17,CUST111,Home Care,Camp,Surgical Headlight,Surgical Equipment,30,170,5100,3800,300,300,Credit Card,Cancelled,Fair,,,2026-07-04,2026-07-17,,,Cancelled,Cancelled,411030.0,,,,,,8,8,0,1,5100
REN0609,2026-05-04,CUST334,Individual Patient,Bibwewadi,Nebulizer,Respiratory Equipment,3,80,240,1800,450,20,Bank Transfer,Returned,Good,4.5,2026-05-07,2026-04-22,2026-05-04,2026-05-07,2026-05-07,Completed,Not Cancelled,411037.0,NB-004,2022-09-18,2023-08-03,2023-12-01,3.9,12,9,0,0,240
REN0610,2026-04-03,CUST262,Home Care,Hadapsar,Patient Monitor,Monitoring Equipment,30,600,18000,10000,300,750,UPI,Returned,Fair,3.5,2026-05-03,2026-03-31,2026-04-03,2026-05-03,2026-05-03,Completed,Not Cancelled,411038.0,PM-013,2023-07-23,2024-09-22,2025-03-21,3.0,13,8,0,0,18000
REN0611,2026-07-14,CUST247,Home Care,Pimpri,Surgical Loupe,Surgical Equipment,30,230,6900,4200,250,240,UPI,Active,Good,,,2026-07-07,2026-07-14,2026-08-13,,Confirmed,Not Cancelled,411043.0,SL-006,2024-02-17,2025-07-19,2026-01-15,2.5,7,6,0,0,6900
REN0612,2026-04-09,CUST227,Clinic,Pimpri,Nebulizer,Respiratory Equipment,10,80,800,1600,200,50,UPI,Returned,Excellent,5.0,2026-04-19,2026-04-04,2026-04-09,2026-04-19,2026-04-19,Completed,Not Cancelled,411052.0,NB-002,2025-06-20,2026-04-29,2026-08-27,1.1,12,5,0,0,800
REN0613,2026-05-07,CUST282,Individual Patient,Wakad,Wheelchair,Mobility Equipment,21,140,2940,3100,350,180,Debit Card,Returned,Excellent,5.0,2026-05-28,2026-05-02,2026-05-07,2026-05-28,2026-05-28,Completed,Not Cancelled,411040.0,WC-009,2024-08-16,2024-11-16,2025-11-16,2.0,20,7,0,0,2940
REN0614,2026-04-23,CUST162,Home Care,Chinchwad,Oxygen Concentrator,Respiratory Equipment,45,270,12150,6000,500,720,Bank Transfer,Returned,Fair,4.0,2026-06-07,2026-04-18,2026-04-23,2026-06-07,2026-06-07,Completed,Not Cancelled,411015.0,OC-002,2023-10-02,2025-09-17,2026-03-16,2.8,16,6,0,0,12150
REN0615,2026-07-15,CUST125,Home Care,Pimpri,Walker,Mobility Equipment,30,60,1800,1500,400,120,Cash,Returned,Excellent,4.5,2026-08-14,2026-07-03,2026-07-15,2026-08-14,2026-08-14,Completed,Not Cancelled,411014.0,WK-003,2024-07-22,2024-11-09,2025-05-08,2.0,7,6,0,0,1800
REN0616,2026-04-18,CUST276,Clinic,Hadapsar,Wheelchair,Mobility Equipment,5,160,800,2500,150,60,Cash,Returned,Good,4.5,2026-04-23,2026-04-09,2026-04-18,2026-04-23,2026-04-23,Completed,Not Cancelled,411045.0,WC-018,2024-03-18,2025-03-11,2026-03-11,2.4,20,6,0,0,800
REN0617,2026-06-20,CUST108,Home Care,Koregaon Park,Fowler Bed,Patient Care Equipment,10,450,4500,7300,250,370,Bank Transfer,Returned,Excellent,4.0,2026-06-30,2026-06-10,2026-06-20,2026-06-30,2026-06-30,Completed,Not Cancelled,,FB-003,2022-09-27,2023-02-09,2023-08-08,3.8,15,11,1,0,4500
REN0618,2026-05-09,CUST159,Diagnostic Center,Viman Nagar,ECG Machine,Diagnostic Equipment,14,460,6440,9000,250,560,UPI,Returned,Good,4.0,2026-05-23,2026-05-08,2026-05-09,2026-05-23,2026-05-23,Completed,Not Cancelled,411028.0,ECG-005,2022-01-24,2022-08-13,2022-12-11,4.5,9,5,0,0,6440
REN0619,2026-06-22,CUST322,Clinic,Chinchwad,Oxygen Concentrator,Respiratory Equipment,3,300,900,5300,300,60,Bank Transfer,Returned,Good,4.5,2026-06-25,2026-06-17,2026-06-22,2026-06-25,2026-06-25,Completed,Not Cancelled,411008.0,OC-009,2024-12-24,2025-05-23,2025-11-19,1.6,16,6,0,0,900
REN0620,2026-05-30,CUST377,Home Care,Dhankawadi,Ventilator,Critical Care Equipment,14,1110,15540,25400,200,1300,Bank Transfer,Returned,Good,5.0,2026-06-13,2026-05-23,2026-05-30,2026-06-13,2026-06-13,Completed,Not Cancelled,411008.0,VT-008,2025-06-28,2025-09-10,2026-03-09,1.1,8,8,0,0,15540
REN0621,2026-04-18,CUST205,Hospital,Hadapsar,Hospital Bed,Patient Care Equipment,7,350,2450,6100,450,120,UPI,Returned,Good,3.0,2026-04-25,2026-04-11,2026-04-18,2026-04-25,2026-04-25,Completed,Not Cancelled,411027.0,HB-002,2024-02-10,2024-08-21,2025-02-17,2.5,23,16,0,0,2450
REN0622,2026-03-20,CUST258,Hospital,Erandwane,Patient Monitor,Monitoring Equipment,1,570,570,10900,500,40,Debit Card,Returned,Excellent,5.0,2026-03-21,2026-03-09,2026-03-20,2026-03-21,2026-03-21,Completed,Not Cancelled,411058.0,PM-004,2025-02-22,2025-11-29,2026-03-29,1.4,13,9,0,0,570
REN0623,2026-06-08,CUST167,Home Care,Dhankawadi,Wheelchair,Mobility Equipment,10,160,1600,2800,300,140,UPI,Returned,Good,4.5,2026-06-18,2026-06-06,2026-06-08,2026-06-18,2026-06-18,Completed,Not Cancelled,411047.0,WC-015,2022-05-31,2025-11-16,2026-11-16,4.2,20,14,0,0,1600
REN0624,2026-06-26,CUST133,Individual Patient,Viman Nagar,BiPAP Machine,Respiratory Equipment,7,580,4060,9300,200,210,Credit Card,Returned,Good,,2026-07-03,2026-06-25,2026-06-26,2026-07-03,2026-07-03,Completed,Not Cancelled,411047.0,BP-011,2025-01-04,2025-09-04,2026-09-04,1.6,11,5,0,0,4060
REN0625,2026-03-13,CUST384,Clinic,Hadapsar,Ventilator,Critical Care Equipment,1,1000,1000,21600,250,80,Credit Card,Returned,Good,4.0,2026-03-14,2026-03-02,2026-03-13,2026-03-14,2026-03-14,Completed,Not Cancelled,411028.0,VT-002,2024-07-09,2026-04-04,2026-08-02,2.1,8,3,0,0,1000
REN0626,2026-04-07,CUST274,Home Care,Erandwane,Oxygen Concentrator,Respiratory Equipment,14,280,3920,5500,200,370,Bank Transfer,Returned,Good,4.0,2026-04-21,2026-04-01,2026-04-07,2026-04-21,2026-04-21,Completed,Not Cancelled,411058.0,OC-007,2022-03-01,2024-09-16,2025-01-14,4.4,16,5,0,0,3920
REN0627,2026-03-06,CUST308,Hospital,Viman Nagar,Patient Monitor,Monitoring Equipment,7,600,4200,11800,200,330,UPI,Returned,Excellent,5.0,2026-03-13,2026-02-28,2026-03-06,2026-03-13,2026-03-13,Completed,Not Cancelled,411037.0,PM-005,2024-05-27,,2025-05-13,2.2,13,9,0,0,4200
REN0628,2026-04-24,CUST311,Clinic,Pimpri,Hospital Bed,Patient Care Equipment,7,350,2450,7100,200,170,Debit Card,Returned,Excellent,4.5,2026-05-01,2026-04-13,2026-04-24,2026-05-01,2026-05-01,Completed,Not Cancelled,411037.0,HB-017,2022-03-17,,2026-08-26,4.4,23,12,0,0,2450
REN0629,2026-03-29,CUST139,Individual Patient,Wakad,Wheelchair,Mobility Equipment,21,150,3150,3000,200,200,Credit Card,Returned,Excellent,3.0,2026-04-19,2026-03-20,2026-03-29,2026-04-19,2026-04-19,Completed,Not Cancelled,411057.0,WC-010,2022-10-28,2026-07-19,2027-01-15,3.8,20,8,0,0,3150
REN0630,2026-06-05,CUST138,Hospital,Bibwewadi,Hospital Bed,Patient Care Equipment,3,330,990,6700,250,40,UPI,Returned,Fair,5.0,2026-06-08,2026-05-27,2026-06-05,2026-06-08,2026-06-08,Completed,Not Cancelled,411047.0,HB-015,2023-12-19,2025-01-01,2025-04-01,2.6,23,15,0,0,990
REN0631,2026-03-22,CUST118,Home Care,Aundh,Commode Chair,Mobility Equipment,10,90,900,2100,200,70,UPI,Returned,Excellent,5.0,2026-04-01,2026-03-20,2026-03-22,2026-04-01,2026-04-01,Completed,Not Cancelled,411027.0,CC-001,2024-04-22,2025-08-07,2025-11-05,2.3,10,6,0,0,900
REN0632,2026-07-15,CUST208,Home Care,Kharadi,BiPAP Machine,Respiratory Equipment,5,580,2900,11400,250,210,Credit Card,Returned,Excellent,5.0,2026-07-20,2026-07-08,2026-07-15,2026-07-20,2026-07-20,Completed,Not Cancelled,411045.0,BP-006,2023-06-13,2023-11-02,2024-04-30,3.1,11,7,0,0,2900
REN0633,2026-07-23,CUST263,Clinic,Camp,Suction Machine,Surgical Equipment,30,230,6900,5600,250,600,Bank Transfer,Cancelled,Fair,,,2026-07-18,2026-07-23,,,Cancelled,Cancelled,411030.0,,,,,,14,14,0,1,6900
REN0634,2026-02-10,CUST219,Home Care,Bibwewadi,Oxygen Concentrator,Respiratory Equipment,30,290,8700,5500,350,410,UPI,Returned,Good,3.0,2026-03-12,2026-02-03,2026-02-10,2026-03-12,2026-03-12,Completed,Not Cancelled,411043.0,OC-001,2025-03-23,2025-09-09,2026-01-07,1.4,16,12,0,0,8700
REN0635,2026-02-14,CUST169,Hospital,Pimpri,Hospital Bed,Patient Care Equipment,10,350,3500,6700,300,170,Credit Card,Returned,Good,4.5,2026-02-24,2026-02-08,2026-02-14,2026-02-24,2026-02-24,Completed,Not Cancelled,411009.0,HB-010,2022-05-26,2023-11-28,2024-05-26,4.2,23,14,0,0,3500
REN0636,2026-05-03,CUST297,Individual Patient,Pimpri,Wheelchair,Mobility Equipment,10,140,1400,3100,550,100,UPI,Returned,Good,5.0,2026-05-13,2026-05-02,2026-05-03,2026-05-13,2026-05-13,Completed,Not Cancelled,411007.0,WC-006,2023-07-15,2024-01-01,,3.0,20,10,0,0,1400
REN0637,2026-04-19,CUST314,Individual Patient,Hinjawadi,Hospital Bed,Patient Care Equipment,5,350,1750,7000,400,80,UPI,Returned,Excellent,5.0,2026-04-24,2026-04-15,2026-04-19,2026-04-24,2026-04-24,Completed,Not Cancelled,411058.0,HB-003,2022-11-12,2024-06-27,2024-09-25,3.7,23,15,0,0,1750
REN0638,2026-04-11,CUST352,Home Care,Chinchwad,Fowler Bed,Patient Care Equipment,3,460,1380,8200,550,130,Bank Transfer,Returned,Fair,4.5,2026-04-14,2026-04-06,2026-04-11,2026-04-14,2026-04-14,Completed,Not Cancelled,411008.0,FB-006,2024-01-01,2025-08-08,2025-11-06,2.6,15,10,0,0,1380
REN0639,2026-04-14,CUST201,Clinic,Erandwane,ECG Machine,Diagnostic Equipment,21,550,11550,9400,300,1000,UPI,Active,Excellent,,,2026-04-08,2026-04-14,2026-05-05,,Confirmed,Not Cancelled,,ECG-009,2024-04-18,,2026-09-26,2.3,9,6,1,0,11550
REN0640,2026-07-07,CUST244,Hospital,Shivajinagar,Commode Chair,Mobility Equipment,3,100,300,1900,250,30,Credit Card,Returned,Good,5.0,2026-07-10,2026-07-06,2026-07-07,2026-07-10,2026-07-10,Completed,Not Cancelled,411014.0,CC-006,2024-10-14,2025-03-18,,1.8,10,5,0,0,300
REN0641,2026-03-12,CUST190,Home Care,Camp,Surgical Loupe,Surgical Equipment,45,230,10350,3600,300,590,Credit Card,Returned,Good,5.0,2026-04-26,2026-03-01,2026-03-12,2026-04-26,2026-04-26,Completed,Not Cancelled,411007.0,SL-003,2025-07-17,2026-01-20,2027-01-20,1.0,7,6,0,0,10350
REN0642,2026-04-01,CUST105,Clinic,Hinjawadi,Wheelchair,Mobility Equipment,5,140,700,2900,350,40,UPI,Active,Good,,,2026-03-28,2026-04-01,2026-04-06,,Confirmed,Not Cancelled,411046.0,WC-008,2024-11-30,2025-04-12,2025-07-11,1.7,20,6,0,0,700
REN0643,2026-05-18,CUST101,Clinic,Shivajinagar,CPAP Machine,Respiratory Equipment,14,350,4900,8100,250,200,Cash,Returned,Good,4.5,2026-06-01,2026-05-13,2026-05-18,2026-06-01,2026-06-01,Completed,Not Cancelled,411027.0,CP-001,2022-11-27,2025-01-06,2025-04-06,3.7,19,7,0,0,4900
REN0644,2026-04-18,CUST331,Home Care,Dhankawadi,Wheelchair,Mobility Equipment,45,150,6750,3000,300,400,Credit Card,Active,Good,,,2026-04-10,2026-04-18,2026-06-02,,Confirmed,Not Cancelled,411047.0,WC-020,2023-01-10,2024-02-15,2024-06-14,3.6,20,6,0,0,6750
REN0645,2026-07-20,CUST313,Clinic,Dhankawadi,CPAP Machine,Respiratory Equipment,21,360,7560,7900,200,510,UPI,Active,Excellent,,,2026-07-12,2026-07-20,2026-08-10,,Confirmed,Not Cancelled,411040.0,CP-015,2022-06-26,2023-01-19,2023-07-18,4.1,19,17,0,0,7560
REN0646,2026-04-22,CUST256,Individual Patient,Viman Nagar,Fowler Bed,Patient Care Equipment,10,440,4400,8400,200,270,Bank Transfer,Returned,Excellent,,2026-05-02,2026-04-18,2026-04-22,2026-05-02,2026-05-02,Completed,Not Cancelled,411043.0,FB-004,2022-08-26,2025-11-03,2026-11-03,3.9,15,10,0,0,4400
REN0647,2026-07-28,CUST124,Home Care,Hadapsar,Wheelchair,Mobility Equipment,14,140,1960,2500,350,180,UPI,Returned,Good,3.5,2026-08-11,2026-07-26,2026-07-28,2026-08-11,2026-08-11,Completed,Not Cancelled,411045.0,WC-006,2023-07-15,,2024-03-31,3.0,20,8,0,0,1960
REN0648,2026-02-20,CUST236,Hospital,Hinjawadi,Walker,Mobility Equipment,14,60,840,1300,300,80,Credit Card,Returned,Good,5.0,2026-03-06,2026-02-18,2026-02-20,2026-03-06,2026-03-06,Completed,Not Cancelled,411014.0,WK-003,2024-07-22,2024-11-09,2025-05-08,2.0,7,5,0,0,840
REN0649,2026-05-02,CUST168,Individual Patient,Baner,Wheelchair,Mobility Equipment,14,150,2100,3100,200,110,UPI,Returned,Fair,4.0,2026-05-16,2026-04-30,2026-05-02,2026-05-16,2026-05-16,Completed,Not Cancelled,411038.0,WC-004,2024-04-11,2025-03-19,2025-07-17,2.3,20,10,0,0,2100
REN0650,2026-05-17,CUST393,Home Care,Kharadi,Oxygen Concentrator,Respiratory Equipment,14,300,4200,5800,200,380,Credit Card,Returned,Good,4.5,2026-05-31,2026-05-14,2026-05-17,2026-05-31,2026-05-31,Completed,Not Cancelled,411047.0,OC-014,2025-02-15,2026-03-30,2026-09-26,1.5,16,10,0,0,4200
REN0651,2026-04-21,CUST204,Individual Patient,Wakad,Nebulizer,Respiratory Equipment,7,80,560,1800,350,20,UPI,Returned,Excellent,4.0,2026-04-28,2026-04-14,2026-04-21,2026-04-28,2026-04-28,Completed,Not Cancelled,411015.0,NB-009,2025-06-25,2025-08-24,2025-12-22,1.1,12,9,0,0,560
REN0652,2026-03-24,CUST177,Home Care,Dhankawadi,CPAP Machine,Respiratory Equipment,7,380,2660,7400,150,170,Bank Transfer,Returned,Good,5.0,2026-03-31,2026-03-18,2026-03-24,2026-03-31,2026-03-31,Completed,Not Cancelled,411009.0,CP-010,2023-08-17,2024-01-18,2024-07-16,3.0,19,15,0,0,2660
REN0653,2026-03-18,CUST266,Clinic,Vishrantwadi,Wheelchair,Mobility Equipment,5,140,700,2600,250,30,UPI,Returned,Good,4.5,2026-03-23,2026-03-16,2026-03-18,2026-03-23,2026-03-23,Completed,Not Cancelled,411037.0,WC-001,2024-04-30,2025-08-24,2025-11-22,2.3,20,10,0,0,700
REN0654,2026-07-27,CUST308,Individual Patient,Bibwewadi,Oxygen Concentrator,Respiratory Equipment,14,290,4060,6200,100,360,UPI,Returned,Good,4.5,2026-08-10,2026-07-19,2026-07-27,2026-08-10,2026-08-10,Completed,Not Cancelled,411052.0,OC-011,2023-11-25,2025-04-03,2025-07-02,2.7,16,11,0,0,4060
REN0655,2026-07-25,CUST114,Hospital,Wanowrie,Suction Machine,Surgical Equipment,5,270,1350,5300,200,80,Bank Transfer,Returned,Good,4.5,2026-07-30,2026-07-24,2026-07-25,2026-07-30,2026-07-30,Completed,Not Cancelled,411028.0,SM-003,2025-06-21,2026-01-30,2026-07-29,1.1,14,10,0,0,1350
REN0656,2026-02-21,CUST288,Home Care,Wanowrie,Nebulizer,Respiratory Equipment,7,80,560,1900,150,20,UPI,Returned,Good,4.5,2026-02-28,2026-02-10,2026-02-21,2026-02-28,2026-02-28,Completed,Not Cancelled,,NB-008,2022-12-18,2025-07-25,2026-07-25,3.6,12,6,1,0,560
REN0657,2026-06-10,CUST150,Home Care,Viman Nagar,Commode Chair,Mobility Equipment,45,90,4050,2100,500,300,Cash,Returned,Good,3.5,2026-07-25,2026-06-04,2026-06-10,2026-07-25,2026-07-25,Completed,Not Cancelled,411009.0,CC-007,2024-03-04,2024-05-09,2024-08-07,2.4,10,7,0,0,4050
REN0658,2026-05-15,CUST336,Clinic,Erandwane,Surgical Headlight,Surgical Equipment,5,200,1000,3900,200,40,UPI,Returned,Good,5.0,2026-05-20,2026-05-08,2026-05-15,2026-05-20,2026-05-20,Completed,Not Cancelled,411046.0,SH-004,2023-12-02,2026-02-21,2026-08-20,2.7,8,5,0,0,1000
REN0659,2026-05-10,CUST257,Home Care,Wakad,Nebulizer,Respiratory Equipment,30,80,2400,1600,450,180,UPI,Returned,Fair,5.0,2026-06-09,2026-05-07,2026-05-10,2026-06-09,2026-06-09,Completed,Not Cancelled,,NB-010,2024-09-03,2026-05-18,2027-05-18,1.9,12,8,1,0,2400
REN0660,2026-02-06,CUST326,Hospital,Dhankawadi,Fowler Bed,Patient Care Equipment,1,420,420,6700,100,20,Debit Card,Returned,Good,5.0,2026-02-07,2026-01-31,2026-02-06,2026-02-07,2026-02-07,Completed,Not Cancelled,411014.0,FB-005,2023-12-06,2025-12-27,2026-12-27,2.7,15,9,0,0,420
REN0661,2026-03-09,CUST271,Individual Patient,Baner,Wheelchair,Mobility Equipment,10,140,1400,2900,350,130,UPI,Active,Fair,,,2026-03-04,2026-03-09,2026-03-19,,Confirmed,Not Cancelled,411009.0,WC-005,2022-09-10,2026-02-09,2026-06-09,3.9,20,12,0,0,1400
REN0662,2026-05-31,CUST338,Home Care,Wanowrie,Commode Chair,Mobility Equipment,5,100,500,2000,300,30,Cash,Returned,Fair,5.0,2026-06-05,2026-05-18,2026-05-31,2026-06-05,2026-06-05,Completed,Not Cancelled,411028.0,CC-010,2022-12-23,2023-04-16,2023-10-13,3.6,10,8,0,0,500
REN0663,2026-03-31,CUST252,Diagnostic Center,Aundh,CPAP Machine,Respiratory Equipment,1,330,330,7100,250,30,Cash,Returned,Fair,5.0,2026-04-01,2026-03-30,2026-03-31,2026-04-01,2026-04-01,Completed,Not Cancelled,411015.0,CP-005,2022-05-05,2023-05-04,2023-10-31,4.2,19,17,0,0,330
REN0664,2026-06-15,CUST329,Diagnostic Center,Baner,Patient Monitor,Monitoring Equipment,10,600,6000,11700,100,330,UPI,Returned,Good,4.0,2026-06-25,2026-06-10,2026-06-15,2026-06-25,2026-06-25,Completed,Not Cancelled,411038.0,PM-003,2022-02-04,2022-07-21,2023-01-17,4.5,13,8,0,0,6000
REN0665,2026-06-17,CUST128,Home Care,Chinchwad,Patient Monitor,Monitoring Equipment,45,670,30150,10500,250,1110,UPI,Returned,Fair,4.5,2026-08-01,2026-06-08,2026-06-17,2026-08-01,2026-08-01,Completed,Not Cancelled,411037.0,PM-005,2024-05-27,2025-01-13,2025-05-13,2.2,13,8,0,0,30150
REN0666,2026-07-08,CUST264,Hospital,Baner,Oxygen Concentrator,Respiratory Equipment,1,310,310,6300,350,10,UPI,Returned,Good,5.0,2026-07-09,2026-07-02,2026-07-08,2026-07-09,2026-07-09,Completed,Not Cancelled,,OC-009,2024-12-24,2025-05-23,2025-11-19,1.6,16,11,1,0,310
REN0667,2026-02-17,CUST133,Home Care,Chinchwad,Hospital Bed,Patient Care Equipment,7,380,2660,6900,400,160,UPI,Returned,Good,4.5,2026-02-24,2026-02-11,2026-02-17,2026-02-24,2026-02-24,Completed,Not Cancelled,411030.0,HB-004,2025-03-24,2026-06-21,2026-12-18,1.4,23,12,0,0,2660
REN0668,2026-05-11,CUST293,Home Care,Camp,Suction Machine,Surgical Equipment,5,230,1150,5600,100,100,Credit Card,Returned,Good,,2026-05-16,2026-04-29,2026-05-11,2026-05-16,2026-05-16,Completed,Not Cancelled,411008.0,SM-002,2023-03-01,2023-10-28,2024-04-25,3.4,14,13,0,0,1150
REN0669,2026-06-25,CUST149,Individual Patient,Baner,Hospital Bed,Patient Care Equipment,7,390,2730,6600,250,160,Debit Card,Cancelled,Excellent,,,2026-06-21,2026-06-25,,,Cancelled,Cancelled,411047.0,,,,,,23,23,0,1,2730
REN0670,2026-05-10,CUST291,Diagnostic Center,Kharadi,Hospital Bed,Patient Care Equipment,7,340,2380,6900,250,170,Credit Card,Returned,Good,4.5,2026-05-17,2026-05-09,2026-05-10,2026-05-17,2026-05-17,Completed,Not Cancelled,411040.0,HB-020,2025-01-09,2025-06-27,2025-10-25,1.6,23,12,0,0,2380
REN0671,2026-02-23,CUST275,Clinic,Pimpri,Hospital Bed,Patient Care Equipment,3,360,1080,6600,500,70,Debit Card,Returned,Good,4.5,2026-02-26,2026-02-11,2026-02-23,2026-02-26,2026-02-26,Completed,Not Cancelled,411014.0,HB-009,2022-04-28,2023-06-27,2023-09-25,4.3,23,11,0,0,1080
REN0672,2026-04-17,CUST393,Home Care,Aundh,Suction Machine,Surgical Equipment,21,270,5670,4600,350,370,UPI,Returned,Fair,5.0,2026-05-08,2026-04-16,2026-04-17,2026-05-08,2026-05-08,Completed,Not Cancelled,411008.0,SM-012,2022-09-12,2025-07-02,2025-12-29,3.9,14,12,0,0,5670
REN0673,2026-06-30,CUST305,Individual Patient,Bibwewadi,Patient Monitor,Monitoring Equipment,21,620,13020,9900,300,690,UPI,Returned,Good,5.0,2026-07-21,2026-06-21,2026-06-30,2026-07-21,2026-07-21,Completed,Not Cancelled,411057.0,PM-002,2024-11-14,2025-12-21,2026-04-20,1.7,13,6,0,0,13020
REN0674,2026-02-11,CUST153,Individual Patient,Aundh,Wheelchair,Mobility Equipment,14,160,2240,3000,200,150,UPI,Returned,Good,5.0,2026-02-25,2026-02-09,2026-02-11,2026-02-25,2026-02-25,Completed,Not Cancelled,411057.0,WC-003,2022-01-25,2024-05-16,2024-08-14,4.5,20,18,0,0,2240
REN0675,2026-02-02,CUST329,Home Care,Vishrantwadi,Infusion Pump,Critical Care Equipment,21,320,6720,5900,350,610,Cash,Returned,Good,4.0,2026-02-23,2026-02-01,2026-02-02,2026-02-23,2026-02-23,Completed,Not Cancelled,411014.0,IP-005,2022-06-29,2025-01-12,2025-05-12,4.1,10,8,0,0,6720
REN0676,2026-07-17,CUST251,Diagnostic Center,Vishrantwadi,Hospital Bed,Patient Care Equipment,10,340,3400,5800,350,310,Bank Transfer,Returned,Excellent,5.0,2026-07-27,2026-07-13,2026-07-17,2026-07-27,2026-07-27,Completed,Not Cancelled,411037.0,HB-018,2023-03-16,2025-07-16,,3.4,23,14,0,0,3400
REN0677,2026-02-15,CUST266,Home Care,Bibwewadi,Infusion Pump,Critical Care Equipment,30,340,10200,6700,300,870,Credit Card,Returned,Good,4.5,2026-03-17,2026-02-04,2026-02-15,2026-03-17,2026-03-17,Completed,Not Cancelled,411042.0,IP-001,2025-02-21,2026-06-24,2026-09-22,1.4,10,6,0,0,10200
REN0678,2026-06-18,CUST170,Individual Patient,Kharadi,Oxygen Concentrator,Respiratory Equipment,10,260,2600,5900,250,210,UPI,Returned,Excellent,5.0,2026-06-28,2026-06-17,2026-06-18,2026-06-28,2026-06-28,Completed,Not Cancelled,411037.0,OC-014,2025-02-15,2026-03-30,2026-09-26,1.5,16,8,0,0,2600
REN0679,2026-05-15,CUST102,Individual Patient,Camp,CPAP Machine,Respiratory Equipment,30,390,11700,7800,100,970,Credit Card,Returned,Good,5.0,2026-06-14,2026-05-12,2026-05-15,2026-06-14,2026-06-14,Completed,Not Cancelled,411048.0,CP-015,2022-06-26,2023-01-19,2023-07-18,4.1,19,12,0,0,11700
REN0680,2026-07-11,CUST375,Hospital,Kothrud,Suction Machine,Surgical Equipment,7,230,1610,4600,100,130,Credit Card,Returned,Good,4.5,2026-07-18,2026-07-08,2026-07-11,2026-07-18,2026-07-18,Completed,Not Cancelled,411042.0,SM-007,2025-04-15,2025-08-10,2025-11-08,1.3,14,10,0,0,1610
REN0681,2026-05-20,CUST389,Individual Patient,Hinjawadi,Nebulizer,Respiratory Equipment,7,80,560,1700,250,30,Credit Card,Active,Excellent,,,2026-05-19,2026-05-20,2026-05-27,,Confirmed,Not Cancelled,411027.0,NB-008,2022-12-18,2025-07-25,2026-07-25,3.6,12,9,0,0,560
REN0682,2026-02-05,CUST280,Clinic,Aundh,CPAP Machine,Respiratory Equipment,30,350,10500,8000,150,890,UPI,Returned,Excellent,5.0,2026-03-07,2026-02-04,2026-02-05,2026-03-07,2026-03-07,Completed,Not Cancelled,411047.0,CP-005,2022-05-05,2023-05-04,2023-10-31,4.2,19,15,0,0,10500
REN0683,2026-05-28,CUST322,Individual Patient,Baner,Wheelchair,Mobility Equipment,7,140,980,2600,450,40,Bank Transfer,Returned,Good,3.0,2026-06-04,2026-05-17,2026-05-28,2026-06-04,2026-06-04,Completed,Not Cancelled,411052.0,WC-003,2022-01-25,2024-05-16,2024-08-14,4.5,20,7,0,0,980
REN0684,2026-07-04,CUST283,Individual Patient,Kharadi,Suction Machine,Surgical Equipment,14,260,3640,5500,350,270,Credit Card,Returned,Excellent,5.0,2026-07-18,2026-06-26,2026-07-04,2026-07-18,2026-07-18,Completed,Not Cancelled,411008.0,SM-014,2024-10-23,2025-06-25,2025-12-22,1.8,14,12,0,0,3640
REN0685,2026-07-09,CUST349,Individual Patient,Wanowrie,Wheelchair,Mobility Equipment,7,140,980,2700,350,50,Debit Card,Returned,Good,5.0,2026-07-16,2026-07-05,2026-07-09,2026-07-16,2026-07-16,Completed,Not Cancelled,411052.0,WC-006,2023-07-15,2024-01-01,2024-03-31,3.0,20,12,0,0,980
REN0686,2026-06-06,CUST341,Individual Patient,Erandwane,BiPAP Machine,Respiratory Equipment,10,580,5800,9500,250,210,UPI,Returned,Good,4.0,2026-06-16,2026-06-03,2026-06-06,2026-06-16,2026-06-16,Completed,Not Cancelled,411046.0,BP-007,2024-05-15,2025-06-19,2026-06-19,2.2,11,6,0,0,5800
REN0687,2026-03-28,CUST208,Individual Patient,Koregaon Park,Hospital Bed,Patient Care Equipment,10,340,3400,6700,250,220,UPI,Returned,Fair,3.5,2026-04-07,2026-03-27,2026-03-28,2026-04-07,2026-04-07,Completed,Not Cancelled,411057.0,HB-011,2023-11-04,2025-12-22,2026-03-22,2.7,23,10,0,0,3400
REN0688,2026-04-24,CUST295,Home Care,Camp,Ventilator,Critical Care Equipment,10,1060,10600,21900,250,400,Cash,Cancelled,Good,,,2026-04-20,2026-04-24,,,Cancelled,Cancelled,411057.0,,,,,,8,8,0,1,10600
REN0689,2026-07-25,CUST293,Clinic,Hinjawadi,ECG Machine,Diagnostic Equipment,3,470,1410,8300,400,60,UPI,Returned,Good,4.5,2026-07-28,2026-07-22,2026-07-25,2026-07-28,2026-07-28,Completed,Not Cancelled,411007.0,ECG-002,2022-10-22,2024-10-03,2025-01-31,3.8,9,6,0,0,1410
REN0690,2026-07-08,CUST349,Home Care,Wanowrie,Nebulizer,Respiratory Equipment,7,90,630,1600,200,20,Credit Card,Active,Good,,,2026-06-26,2026-07-08,2026-07-15,,Confirmed,Not Cancelled,411037.0,NB-005,2023-08-11,2025-09-26,2026-03-25,3.0,12,9,0,0,630
REN0691,2026-07-07,CUST292,Hospital,Dhankawadi,Suction Machine,Surgical Equipment,1,250,250,5100,200,10,UPI,Returned,Fair,4.0,2026-07-08,2026-07-04,2026-07-07,2026-07-08,2026-07-08,Completed,Not Cancelled,411008.0,SM-002,2023-03-01,2023-10-28,2024-04-25,3.4,14,9,0,0,250
REN0692,2026-03-07,CUST225,Diagnostic Center,Hadapsar,Commode Chair,Mobility Equipment,10,90,900,1900,250,70,UPI,Active,Fair,,,2026-03-03,2026-03-07,2026-03-17,,Confirmed,Not Cancelled,411007.0,CC-004,2025-02-10,2026-02-10,2026-08-09,1.5,10,7,0,0,900
REN0693,2026-02-22,CUST248,Hospital,Chinchwad,Wheelchair,Mobility Equipment,7,140,980,3100,250,50,Cash,Active,Excellent,,,2026-02-14,2026-02-22,2026-03-01,,Confirmed,Not Cancelled,411057.0,WC-016,2024-07-04,2025-08-17,2025-12-15,2.1,20,10,0,0,980
REN0694,2026-05-30,CUST345,Home Care,Hinjawadi,Patient Monitor,Monitoring Equipment,3,600,1800,10000,600,80,Credit Card,Returned,Good,5.0,2026-06-02,2026-05-26,2026-05-30,2026-06-02,2026-06-02,Completed,Not Cancelled,411015.0,PM-006,2024-01-04,2024-06-05,2024-12-02,2.6,13,9,0,0,1800
REN0695,2026-06-21,CUST272,Home Care,Chinchwad,Fowler Bed,Patient Care Equipment,30,410,12300,6900,250,1010,UPI,Returned,Good,5.0,2026-07-21,2026-06-12,2026-06-21,2026-07-21,2026-07-21,Completed,Not Cancelled,411008.0,FB-002,2025-01-02,2026-02-11,2026-06-11,1.6,15,9,0,0,12300
REN0696,2026-04-01,CUST203,Individual Patient,Pimpri,Hospital Bed,Patient Care Equipment,5,350,1750,6100,200,70,Cash,Returned,Good,,2026-04-06,2026-03-24,2026-04-01,2026-04-06,2026-04-06,Completed,Not Cancelled,411057.0,HB-003,2022-11-12,2024-06-27,2024-09-25,3.7,23,6,0,0,1750
REN0697,2026-04-28,CUST276,Hospital,Pimpri,Fowler Bed,Patient Care Equipment,5,450,2250,7800,150,180,Credit Card,Returned,Excellent,3.0,2026-05-03,2026-04-27,2026-04-28,2026-05-03,2026-05-03,Completed,Not Cancelled,411037.0,FB-010,2025-01-27,2025-09-11,2026-03-10,1.5,15,10,0,0,2250
REN0698,2026-02-11,CUST248,Individual Patient,Hadapsar,Hospital Bed,Patient Care Equipment,21,380,7980,7300,250,720,UPI,Returned,Good,4.0,2026-03-04,2026-02-01,2026-02-11,2026-03-04,2026-03-04,Completed,Not Cancelled,411009.0,HB-017,2022-03-17,2026-02-27,2026-08-26,4.4,23,18,0,0,7980
REN0699,2026-02-04,CUST301,Home Care,Koregaon Park,Oxygen Concentrator,Respiratory Equipment,21,270,5670,6500,250,310,Debit Card,Returned,Good,3.0,2026-02-25,2026-01-31,2026-02-04,2026-02-25,2026-02-25,Completed,Not Cancelled,411027.0,OC-010,2022-01-22,2023-03-21,2024-03-20,4.5,16,16,0,0,5670
REN0700,2026-03-03,CUST309,Diagnostic Center,Bibwewadi,CPAP Machine,Respiratory Equipment,14,370,5180,7200,250,410,UPI,Returned,Excellent,5.0,2026-03-17,2026-03-02,2026-03-03,2026-03-17,2026-03-17,Completed,Not Cancelled,411007.0,CP-008,2024-06-15,2025-04-22,2025-08-20,2.1,19,10,0,0,5180
REN0701,2026-01-01,CUST026,Home Care,Kothrud,Hospital Bed,Patient Care Equipment,30,330,9900,5940,250,63,UPI,Returned,Good,4.5,2026-01-31,2025-12-24,2026-01-01,2026-01-31,2026-01-31,Completed,Not Cancelled,411045.0,HB-013,2025-05-03,2025-11-16,2026-03-16,1.2,23,17,0,0,9900
REN0702,2025-02-22,CUST599,Clinic,Aundh,Suction Machine,Surgical Equipment,21,250,5250,3000,150,87,UPI,Returned,Excellent,4.5,2025-03-15,2025-02-13,2025-02-22,2025-03-15,2025-03-15,Completed,Not Cancelled,411057.0,SM-001,2022-01-16,2022-11-13,2023-11-13,4.5,14,11,0,0,5250
REN0703,2026-03-27,CUST111,Home Care,Viman Nagar,BiPAP Machine,Respiratory Equipment,1,570,570,8550,300,100,UPI,Returned,Excellent,4.5,2026-03-28,2026-03-26,2026-03-27,2026-03-28,2026-03-28,Completed,Not Cancelled,411030.0,BP-001,2024-10-27,2025-12-27,2026-03-27,1.8,11,6,0,0,570
REN0704,2025-10-16,CUST161,Hospital,Shivajinagar,Nebulizer,Respiratory Equipment,14,80,1120,1040,150,18,Bank Transfer,Returned,Excellent,5.0,2025-10-30,2025-10-12,2025-10-16,2025-10-30,2025-10-30,Completed,Not Cancelled,411052.0,NB-001,2024-01-01,2024-11-22,2025-05-21,2.6,12,9,0,0,1120
REN0705,2024-04-04,CUST262,Hospital,Aundh,Wheelchair,Mobility Equipment,7,160,1120,1600,500,56,Credit Card,Returned,Excellent,3.5,2024-04-11,2024-03-24,2024-04-04,2024-04-11,2024-04-11,Completed,Not Cancelled,411028.0,WC-013,2024-09-18,2026-02-24,2026-08-23,1.9,20,17,0,0,1120
REN0706,2026-07-11,CUST164,Hospital,Wakad,Infusion Pump,Critical Care Equipment,30,340,10200,6800,400,50,Debit Card,Returned,Good,,2026-08-10,2026-07-03,2026-07-11,2026-08-10,2026-08-10,Completed,Not Cancelled,411038.0,IP-008,2023-06-01,2023-09-22,2024-01-20,3.2,10,6,0,0,10200
REN0707,2025-12-19,CUST125,Home Care,Pimpri,BiPAP Machine,Respiratory Equipment,3,560,1680,9520,500,66,UPI,Returned,Good,3.5,2025-12-22,2025-12-13,2025-12-19,2025-12-22,2025-12-22,Completed,Not Cancelled,411015.0,BP-006,2023-06-13,2023-11-02,2024-04-30,3.1,11,10,0,0,1680
REN0708,2026-01-13,CUST251,Home Care,Dhankawadi,Hospital Bed,Patient Care Equipment,21,350,7350,7700,250,42,UPI,Active,Fair,4.0,,2026-01-07,2026-01-13,2026-02-03,,Confirmed,Not Cancelled,411007.0,HB-009,2022-04-28,2023-06-27,2023-09-25,4.3,23,16,0,0,7350
REN0709,2024-05-06,CUST261,Individual Patient,Dhankawadi,CPAP Machine,Respiratory Equipment,7,380,2660,7600,600,86,UPI,Returned,Good,4.5,2024-05-13,2024-04-29,2024-05-06,2024-05-13,2024-05-13,Completed,Not Cancelled,411014.0,CP-002,2022-02-22,2023-07-14,2024-07-13,4.4,19,14,0,0,2660
REN0710,2025-03-06,CUST224,Home Care,Shivajinagar,Commode Chair,Mobility Equipment,21,90,1890,1620,550,7,UPI,Returned,Excellent,3.0,2025-03-27,2025-02-27,2025-03-06,2025-03-27,2025-03-27,Completed,Not Cancelled,411042.0,CC-010,2022-12-23,2023-04-16,2023-10-13,3.6,10,8,0,0,1890
REN0711,2024-12-15,CUST374,Hospital,Dhankawadi,Oxygen Concentrator,Respiratory Equipment,3,280,840,2800,600,23,Cash,Returned,Good,4.5,2024-12-18,2024-12-14,2024-12-15,2024-12-18,2024-12-18,Completed,Not Cancelled,411008.0,OC-013,2023-06-29,2024-03-06,2025-03-06,3.1,16,14,0,0,840
REN0712,2026-05-29,CUST341,Individual Patient,Baner,CPAP Machine,Respiratory Equipment,7,380,2660,5700,450,43,Bank Transfer,Returned,Fair,5.0,2026-06-05,2026-05-25,2026-05-29,2026-06-05,2026-06-05,Completed,Not Cancelled,411048.0,CP-009,2022-05-28,2024-08-06,2025-08-06,4.2,19,10,0,0,2660
REN0713,2025-08-27,CUST289,Individual Patient,Dhankawadi,Suction Machine,Surgical Equipment,14,250,3500,4000,200,51,Bank Transfer,Returned,Fair,,2025-09-10,2025-08-21,2025-08-27,2025-09-10,2025-09-10,Completed,Not Cancelled,411057.0,SM-007,2025-04-15,2025-08-10,2025-11-08,1.3,14,10,0,0,3500
REN0714,2026-02-20,CUST019,Home Care,Bibwewadi,Hospital Bed,Patient Care Equipment,3,380,1140,6840,150,114,Bank Transfer,Returned,Good,3.0,2026-02-23,2026-02-11,2026-02-20,2026-02-23,2026-02-23,Completed,Not Cancelled,411027.0,HB-013,2025-05-03,2025-11-16,2026-03-16,1.2,23,9,0,0,1140
REN0715,2025-02-27,CUST229,Individual Patient,Hinjawadi,Ventilator,Critical Care Equipment,14,1040,14560,17680,600,207,UPI,Active,Fair,5.0,,2025-02-18,2025-02-27,2025-03-13,,Confirmed,Not Cancelled,411027.0,VT-005,2024-12-01,2025-11-16,2026-03-16,1.7,8,8,0,0,14560
REN0716,2024-07-31,CUST368,Home Care,Baner,Wheelchair,Mobility Equipment,30,140,4200,2800,550,39,UPI,Active,Good,5.0,,2024-07-24,2024-07-31,2024-08-30,,Confirmed,Not Cancelled,411014.0,WC-013,2024-09-18,2026-02-24,2026-08-23,1.9,20,16,0,0,4200
REN0717,2025-06-11,CUST425,Hospital,Hadapsar,Hospital Bed,Patient Care Equipment,10,330,3300,3300,550,111,Credit Card,Returned,Good,3.0,2025-06-21,2025-06-04,2025-06-11,2025-06-21,2025-06-21,Completed,Not Cancelled,411037.0,HB-015,2023-12-19,2025-01-01,2025-04-01,2.6,23,21,0,0,3300
REN0718,2024-03-05,CUST284,Home Care,Dhankawadi,Hospital Bed,Patient Care Equipment,10,340,3400,3740,450,91,Debit Card,Returned,Excellent,4.5,2024-03-15,2024-03-01,2024-03-05,2024-03-15,2024-03-15,Completed,Not Cancelled,411057.0,HB-003,2022-11-12,2024-06-27,2024-09-25,3.7,23,16,0,0,3400
REN0719,2026-02-25,CUST517,Diagnostic Center,Dhankawadi,CPAP Machine,Respiratory Equipment,7,370,2590,8140,550,87,UPI,Returned,Good,4.0,2026-03-04,2026-02-15,2026-02-25,2026-03-04,2026-03-04,Completed,Not Cancelled,411030.0,CP-010,2023-08-17,2024-01-18,2024-07-16,3.0,19,12,0,0,2590
REN0720,2025-08-16,CUST266,Hospital,Shivajinagar,Infusion Pump,Critical Care Equipment,45,340,15300,5100,350,11,UPI,Returned,Good,4.5,2025-09-30,2025-08-04,2025-08-16,2025-09-30,2025-09-30,Completed,Not Cancelled,411047.0,IP-003,2023-01-09,2025-06-17,2025-09-15,3.6,10,9,0,0,15300
REN0721,2025-12-16,CUST124,Home Care,Baner,ECG Machine,Diagnostic Equipment,30,450,13500,9000,150,78,Bank Transfer,Returned,Excellent,4.5,2026-01-15,2025-12-06,2025-12-16,2026-01-15,2026-01-15,Completed,Not Cancelled,411028.0,ECG-007,2025-02-25,2025-07-31,2026-07-31,1.4,9,9,0,0,13500
REN0722,2024-11-29,CUST147,Home Care,Baner,Surgical Headlight,Surgical Equipment,30,190,5700,3990,200,22,UPI,Returned,Fair,4.0,2024-12-29,2024-11-18,2024-11-29,2024-12-29,2024-12-29,Completed,Not Cancelled,411037.0,SH-001,2022-09-11,2023-01-30,2023-07-29,3.9,8,6,0,0,5700
REN0723,2026-07-07,CUST300,Individual Patient,Hadapsar,Patient Monitor,Monitoring Equipment,30,580,17400,6380,550,113,Credit Card,Returned,Good,4.0,2026-08-06,2026-06-26,2026-07-07,2026-08-06,2026-08-06,Completed,Not Cancelled,411038.0,PM-003,2022-02-04,2022-07-21,2023-01-17,4.5,13,8,0,0,17400
REN0724,2026-04-29,CUST491,Home Care,Wakad,CPAP Machine,Respiratory Equipment,10,360,3600,6840,450,120,UPI,Active,Excellent,4.5,,2026-04-27,2026-04-29,2026-05-09,,Confirmed,Not Cancelled,411057.0,CP-016,2023-08-18,2025-09-17,2026-01-15,3.0,19,14,0,0,3600
REN0725,2026-01-05,CUST308,Home Care,Wanowrie,CPAP Machine,Respiratory Equipment,1,350,350,4200,600,46,Credit Card,Returned,Good,4.5,2026-01-06,2025-12-30,2026-01-05,2026-01-06,2026-01-06,Completed,Not Cancelled,,CP-010,2023-08-17,2024-01-18,2024-07-16,3.0,19,16,1,0,350
REN0726,2024-07-04,CUST335,Clinic,Shivajinagar,Hospital Bed,Patient Care Equipment,10,360,3600,3960,550,29,UPI,Returned,Good,5.0,2024-07-14,2024-06-28,2024-07-04,2024-07-14,2024-07-14,Completed,Not Cancelled,411043.0,HB-001,2024-10-28,2025-07-27,2025-11-24,1.8,23,15,0,0,3600
REN0727,2025-03-21,CUST097,Hospital,Viman Nagar,Surgical Headlight,Surgical Equipment,10,180,1800,2340,500,53,Debit Card,Returned,Excellent,,2025-03-31,2025-03-16,2025-03-21,2025-03-31,2025-03-31,Completed,Not Cancelled,411052.0,SH-001,2022-09-11,2023-01-30,2023-07-29,3.9,8,7,0,0,1800
REN0728,2024-02-14,CUST143,Home Care,Hinjawadi,Fowler Bed,Patient Care Equipment,7,460,3220,8740,100,160,Bank Transfer,Returned,Good,5.0,2024-02-21,2024-02-04,2024-02-14,2024-02-21,2024-02-21,Completed,Not Cancelled,411057.0,FB-003,2022-09-27,2023-02-09,2023-08-08,3.8,15,15,0,0,3220
REN0729,2024-05-29,CUST119,Individual Patient,Viman Nagar,Fowler Bed,Patient Care Equipment,7,470,3290,5170,200,131,UPI,Returned,Excellent,4.5,2024-06-05,2024-05-25,2024-05-29,2024-06-05,2024-06-05,Completed,Not Cancelled,411052.0,FB-013,2024-04-21,2025-09-22,2026-01-20,2.3,15,12,0,0,3290
REN0730,2025-10-02,CUST131,Home Care,Aundh,Fowler Bed,Patient Care Equipment,30,450,13500,8100,300,33,Bank Transfer,Returned,Excellent,4.5,2025-11-01,2025-09-30,2025-10-02,2025-11-01,2025-11-01,Completed,Not Cancelled,411009.0,FB-007,2022-07-03,2023-06-21,2023-10-19,4.1,15,10,0,0,13500
REN0731,2025-12-03,CUST147,Diagnostic Center,Dhankawadi,Commode Chair,Mobility Equipment,5,90,450,1260,100,19,Bank Transfer,Returned,Fair,4.0,2025-12-08,2025-11-30,2025-12-03,2025-12-08,2025-12-08,Completed,Not Cancelled,411009.0,CC-006,2024-10-14,2025-03-18,2025-07-16,1.8,10,8,0,0,450
REN0732,2026-07-04,CUST218,Home Care,Hinjawadi,Wheelchair,Mobility Equipment,30,160,4800,2080,600,26,Bank Transfer,Returned,Excellent,4.0,2026-08-03,2026-07-02,2026-07-04,2026-08-03,2026-08-03,Completed,Not Cancelled,411037.0,WC-018,2024-03-18,2025-03-11,2026-03-11,2.4,20,10,0,0,4800
REN0733,2024-10-31,CUST186,Hospital,Hinjawadi,Nebulizer,Respiratory Equipment,1,90,90,1170,200,21,Cash,Returned,Good,4.5,2024-11-01,2024-10-27,2024-10-31,2024-11-01,2024-11-01,Completed,Not Cancelled,411030.0,NB-005,2023-08-11,2025-09-26,2026-03-25,3.0,12,12,0,0,90
REN0734,2024-12-15,CUST378,Hospital,Wanowrie,Nebulizer,Respiratory Equipment,5,80,400,1120,300,20,Bank Transfer,Returned,Excellent,3.5,2024-12-20,2024-12-13,2024-12-15,2024-12-20,2024-12-20,Completed,Not Cancelled,411045.0,NB-003,2023-10-05,2025-10-07,2026-01-05,2.8,12,7,0,0,400
REN0735,2025-03-24,CUST398,Home Care,Koregaon Park,ECG Machine,Diagnostic Equipment,14,530,7420,7420,450,153,UPI,Returned,Excellent,3.0,2025-04-07,2025-03-23,2025-03-24,2025-04-07,2025-04-07,Completed,Not Cancelled,411037.0,ECG-007,2025-02-25,2025-07-31,2026-07-31,1.4,9,5,0,0,7420
REN0736,2024-06-30,CUST251,Home Care,Vishrantwadi,Hospital Bed,Patient Care Equipment,3,330,990,4620,100,35,UPI,Returned,Good,3.0,2024-07-03,2024-06-25,2024-06-30,2024-07-03,2024-07-03,Completed,Not Cancelled,411037.0,HB-012,2022-06-28,2023-10-26,2024-02-23,4.1,23,17,0,0,990
REN0737,2024-05-07,CUST350,Individual Patient,Wanowrie,Wheelchair,Mobility Equipment,14,150,2100,2400,400,51,UPI,Returned,Excellent,,2024-05-21,2024-04-30,2024-05-07,2024-05-21,2024-05-21,Completed,Not Cancelled,411008.0,WC-008,2024-11-30,2025-04-12,2025-07-11,1.7,20,17,0,0,2100
REN0738,2025-03-30,CUST111,Clinic,Kothrud,Fowler Bed,Patient Care Equipment,30,430,12900,9460,150,42,Credit Card,Returned,Excellent,4.5,2025-04-29,2025-03-23,2025-03-30,2025-04-29,2025-04-29,Completed,Not Cancelled,411028.0,FB-006,2024-01-01,2025-08-08,2025-11-06,2.6,15,13,0,0,12900
REN0739,2024-07-31,CUST211,Individual Patient,Aundh,ECG Machine,Diagnostic Equipment,10,480,4800,7200,550,33,Cash,Returned,Good,5.0,2024-08-10,2024-07-30,2024-07-31,2024-08-10,2024-08-10,Completed,Not Cancelled,411042.0,ECG-009,2024-04-18,2026-03-30,2026-09-26,2.3,9,7,0,0,4800
REN0740,2025-09-20,CUST534,Hospital,Kharadi,Ventilator,Critical Care Equipment,10,1050,10500,12600,450,310,Credit Card,Returned,Good,5.0,2025-09-30,2025-09-07,2025-09-20,2025-09-30,2025-09-30,Completed,Not Cancelled,411045.0,VT-004,2023-09-08,2024-10-14,2025-04-12,2.9,8,8,0,0,10500
REN0741,2025-02-20,CUST387,Hospital,Vishrantwadi,Suction Machine,Surgical Equipment,10,250,2500,4250,250,45,UPI,Returned,Good,4.5,2025-03-02,2025-02-18,2025-02-20,2025-03-02,2025-03-02,Completed,Not Cancelled,411014.0,SM-009,2023-07-17,2026-04-30,2027-04-30,3.0,14,12,0,0,2500
REN0742,2026-03-02,CUST384,Clinic,Koregaon Park,Wheelchair,Mobility Equipment,10,140,1400,2800,450,26,Cash,Returned,Good,4.5,2026-03-12,2026-02-22,2026-03-02,2026-03-12,2026-03-12,Completed,Not Cancelled,411043.0,WC-001,2024-04-30,2025-08-24,2025-11-22,2.3,20,11,0,0,1400
REN0743,2025-10-19,CUST319,Individual Patient,Wanowrie,Wheelchair,Mobility Equipment,7,150,1050,2550,250,20,Bank Transfer,Returned,Fair,4.5,2025-10-26,2025-10-08,2025-10-19,2025-10-26,2025-10-26,Completed,Not Cancelled,411042.0,WC-012,2025-04-29,2026-05-02,2027-05-02,1.3,20,18,0,0,1050
REN0744,2024-10-17,CUST323,Individual Patient,Hinjawadi,Suction Machine,Surgical Equipment,7,250,1750,4000,150,11,UPI,Returned,Good,5.0,2024-10-24,2024-10-06,2024-10-17,2024-10-24,2024-10-24,Completed,Not Cancelled,411027.0,SM-002,2023-03-01,2023-10-28,2024-04-25,3.4,14,13,0,0,1750
REN0745,2026-03-01,CUST262,Hospital,Kharadi,Wheelchair,Mobility Equipment,5,160,800,2880,100,15,Debit Card,Returned,Excellent,5.0,2026-03-06,2026-02-23,2026-03-01,2026-03-06,2026-03-06,Completed,Not Cancelled,411052.0,WC-013,2024-09-18,2026-02-24,2026-08-23,1.9,20,12,0,0,800
REN0746,2026-02-02,CUST157,Home Care,Kharadi,Patient Monitor,Monitoring Equipment,21,630,13230,13230,200,172,UPI,Returned,Excellent,5.0,2026-02-23,2026-01-30,2026-02-02,2026-02-23,2026-02-23,Completed,Not Cancelled,411037.0,PM-012,2023-12-20,2024-10-07,2025-02-04,2.6,13,12,0,0,13230
REN0747,2025-01-01,CUST495,Clinic,Hadapsar,ECG Machine,Diagnostic Equipment,14,510,7140,5100,450,52,Credit Card,Returned,Good,4.5,2025-01-15,2024-12-22,2025-01-01,2025-01-15,2025-01-15,Completed,Not Cancelled,411027.0,ECG-002,2022-10-22,2024-10-03,2025-01-31,3.8,9,7,0,0,7140
REN0748,2024-09-24,CUST562,Home Care,Chinchwad,CPAP Machine,Respiratory Equipment,7,380,2660,8360,400,132,Credit Card,Returned,Good,5.0,2024-10-01,2024-09-17,2024-09-24,2024-10-01,2024-10-01,Completed,Not Cancelled,411046.0,CP-002,2022-02-22,2023-07-14,2024-07-13,4.4,19,16,0,0,2660
REN0749,2025-10-02,CUST578,Home Care,Shivajinagar,CPAP Machine,Respiratory Equipment,7,370,2590,7770,250,104,Debit Card,Active,Good,4.5,,2025-09-23,2025-10-02,2025-10-09,,Confirmed,Not Cancelled,411014.0,CP-004,2023-07-31,2023-10-18,2024-01-16,3.0,19,18,0,0,2590
REN0750,2024-05-16,CUST584,Clinic,Chinchwad,Hospital Bed,Patient Care Equipment,5,350,1750,7700,450,106,UPI,Returned,Good,4.5,2024-05-21,2024-05-12,2024-05-16,2024-05-21,2024-05-21,Completed,Not Cancelled,411043.0,HB-021,2025-06-17,2026-06-19,2026-12-16,1.1,23,19,0,0,1750
REN0751,2024-07-09,CUST539,Individual Patient,Baner,Wheelchair,Mobility Equipment,14,130,1820,2080,300,40,UPI,Returned,Good,4.0,2024-07-23,2024-06-27,2024-07-09,2024-07-23,2024-07-23,Completed,Not Cancelled,411045.0,WC-003,2022-01-25,2024-05-16,2024-08-14,4.5,20,12,0,0,1820
REN0752,2024-01-08,CUST375,Home Care,Hinjawadi,BiPAP Machine,Respiratory Equipment,30,550,16500,11550,150,143,Bank Transfer,Returned,Good,3.0,2024-02-07,2023-12-27,2024-01-08,2024-02-07,2024-02-07,Completed,Not Cancelled,411038.0,BP-003,2022-01-03,2023-01-31,2024-01-31,4.6,11,9,0,0,16500
REN0753,2026-01-14,CUST160,Home Care,Hadapsar,Oxygen Concentrator,Respiratory Equipment,14,260,3640,2860,450,47,Debit Card,Returned,Excellent,4.0,2026-01-28,2026-01-05,2026-01-14,2026-01-28,2026-01-28,Completed,Not Cancelled,411015.0,OC-012,2022-09-21,2025-04-21,2025-10-18,3.9,16,14,0,0,3640
REN0754,2025-09-15,CUST137,Individual Patient,Erandwane,Wheelchair,Mobility Equipment,3,150,450,2250,350,49,UPI,Returned,Excellent,4.5,2025-09-18,2025-09-03,2025-09-15,2025-09-18,2025-09-18,Completed,Not Cancelled,411027.0,WC-011,2024-06-14,2024-10-17,2025-04-15,2.1,20,17,0,0,450
REN0755,2025-10-24,CUST342,Clinic,Wanowrie,Hospital Bed,Patient Care Equipment,7,360,2520,7560,450,60,UPI,Active,Good,4.0,,2025-10-19,2025-10-24,2025-10-31,,Confirmed,Not Cancelled,411015.0,HB-019,2022-04-24,2024-04-14,2025-04-14,4.3,23,21,0,0,2520
REN0756,2026-01-08,CUST318,Home Care,Hadapsar,Hospital Bed,Patient Care Equipment,10,380,3800,4940,400,23,Cash,Returned,Good,5.0,2026-01-18,2026-01-06,2026-01-08,2026-01-18,2026-01-18,Completed,Not Cancelled,411009.0,HB-018,2023-03-16,2025-07-16,2025-11-13,3.4,23,17,0,0,3800
REN0757,2025-03-14,CUST454,Home Care,Camp,BiPAP Machine,Respiratory Equipment,7,580,4060,11020,150,128,Bank Transfer,Returned,Excellent,3.5,2025-03-21,2025-03-07,2025-03-14,2025-03-21,2025-03-21,Completed,Not Cancelled,411058.0,BP-007,2024-05-15,2025-06-19,2026-06-19,2.2,11,5,0,0,4060
REN0758,2025-06-23,CUST438,Individual Patient,Koregaon Park,Suction Machine,Surgical Equipment,30,240,7200,3360,100,15,UPI,Returned,Good,3.0,2025-07-23,2025-06-16,2025-06-23,2025-07-23,2025-07-23,Completed,Not Cancelled,411048.0,SM-006,2024-01-04,2024-10-23,2025-02-20,2.6,14,12,0,0,7200
REN0759,2024-05-16,CUST187,Diagnostic Center,Viman Nagar,Fowler Bed,Patient Care Equipment,1,400,400,6800,150,96,UPI,Returned,Excellent,4.5,2024-05-17,2024-05-11,2024-05-16,2024-05-17,2024-05-17,Completed,Not Cancelled,411040.0,FB-015,2024-03-17,2025-01-08,2025-05-08,2.4,15,14,0,0,400
REN0760,2024-04-23,CUST372,Home Care,Erandwane,Fowler Bed,Patient Care Equipment,7,450,3150,8100,200,157,Credit Card,Returned,Good,4.0,2024-04-30,2024-04-20,2024-04-23,2024-04-30,2024-04-30,Completed,Not Cancelled,411048.0,FB-011,2022-05-13,2023-03-15,2023-06-13,4.2,15,9,0,0,3150
REN0761,2025-09-18,CUST235,Diagnostic Center,Koregaon Park,Wheelchair,Mobility Equipment,1,150,150,3150,200,37,Bank Transfer,Returned,Fair,3.5,2025-09-19,2025-09-11,2025-09-18,2025-09-19,2025-09-19,Completed,Not Cancelled,411045.0,WC-008,2024-11-30,2025-04-12,2025-07-11,1.7,20,16,0,0,150
REN0762,2025-03-26,CUST321,Clinic,Dhankawadi,Fowler Bed,Patient Care Equipment,7,410,2870,5740,600,40,Credit Card,Returned,Good,3.5,2025-04-02,2025-03-24,2025-03-26,2025-04-02,2025-04-02,Completed,Not Cancelled,411043.0,FB-010,2025-01-27,2025-09-11,2026-03-10,1.5,15,13,0,0,2870
REN0763,2025-06-20,CUST480,Home Care,Chinchwad,Hospital Bed,Patient Care Equipment,10,350,3500,7000,1000,26,Bank Transfer,Returned,Good,4.5,2025-06-30,2025-06-11,2025-06-20,2025-06-30,2025-06-30,Completed,Not Cancelled,411046.0,HB-005,2024-08-09,2025-01-10,2025-04-10,2.0,23,16,0,0,3500
REN0764,2025-12-23,CUST125,Clinic,Dhankawadi,Walker,Mobility Equipment,3,70,210,1050,550,10,UPI,Returned,Good,4.0,2025-12-26,2025-12-12,2025-12-23,2025-12-26,2025-12-26,Completed,Not Cancelled,411042.0,WK-006,2024-09-05,2025-05-31,2025-09-28,1.9,7,6,0,0,210
REN0765,2025-08-19,CUST208,Hospital,Hadapsar,Hospital Bed,Patient Care Equipment,7,330,2310,4950,350,25,Bank Transfer,Returned,Good,4.5,2025-08-26,2025-08-17,2025-08-19,2025-08-26,2025-08-26,Completed,Not Cancelled,411042.0,HB-003,2022-11-12,2024-06-27,2024-09-25,3.7,23,19,0,0,2310
REN0766,2025-06-10,CUST135,Individual Patient,Pimpri,CPAP Machine,Respiratory Equipment,5,340,1700,3740,250,72,UPI,Returned,Excellent,3.5,2025-06-15,2025-05-31,2025-06-10,2025-06-15,2025-06-15,Completed,Not Cancelled,411009.0,CP-015,2022-06-26,2023-01-19,2023-07-18,4.1,19,17,0,0,1700
REN0767,2025-06-15,CUST301,Individual Patient,Bibwewadi,Hospital Bed,Patient Care Equipment,14,340,4760,3400,300,95,Debit Card,Returned,Good,3.0,2025-06-29,2025-06-13,2025-06-15,2025-06-29,2025-06-29,Completed,Not Cancelled,411043.0,HB-022,2022-10-26,2023-05-17,2024-05-16,3.8,23,20,0,0,4760
REN0768,2024-10-09,CUST450,Clinic,Kharadi,Commode Chair,Mobility Equipment,3,90,270,1800,550,22,UPI,Returned,Good,3.0,2024-10-12,2024-10-03,2024-10-09,2024-10-12,2024-10-12,Completed,Not Cancelled,411037.0,CC-009,2025-02-05,2026-03-20,2026-07-18,1.5,10,9,0,0,270
REN0769,2024-02-01,CUST391,Hospital,Erandwane,Wheelchair,Mobility Equipment,5,160,800,1760,250,36,UPI,Returned,Good,3.5,2024-02-06,2024-01-20,2024-02-01,2024-02-06,2024-02-06,Completed,Not Cancelled,411015.0,WC-011,2024-06-14,2024-10-17,2025-04-15,2.1,20,16,0,0,800
REN0770,2025-02-20,CUST327,Hospital,Bibwewadi,Walker,Mobility Equipment,21,70,1470,770,400,12,UPI,Returned,Excellent,5.0,2025-03-13,2025-02-19,2025-02-20,2025-03-13,2025-03-13,Completed,Not Cancelled,411038.0,WK-002,2024-03-18,2025-12-13,2026-06-11,2.4,7,6,0,0,1470
REN0771,2024-07-21,CUST040,Diagnostic Center,Vishrantwadi,Hospital Bed,Patient Care Equipment,7,350,2450,4200,150,30,UPI,Returned,Fair,4.5,2024-07-28,2024-07-20,2024-07-21,2024-07-28,2024-07-28,Completed,Not Cancelled,411048.0,HB-009,2022-04-28,2023-06-27,2023-09-25,4.3,23,18,0,0,2450
REN0772,2025-01-22,CUST291,Individual Patient,Hinjawadi,ECG Machine,Diagnostic Equipment,1,550,550,7700,600,129,UPI,Cancelled,Good,4.5,,2025-01-09,2025-01-22,,,Cancelled,Cancelled,411038.0,,,,,,9,9,0,1,550
REN0773,2026-03-22,CUST560,Clinic,Chinchwad,BiPAP Machine,Respiratory Equipment,14,500,7000,6000,450,82,Bank Transfer,Returned,Excellent,5.0,2026-04-05,2026-03-20,2026-03-22,2026-04-05,2026-04-05,Completed,Not Cancelled,411038.0,BP-011,2025-01-04,2025-09-04,2026-09-04,1.6,11,10,0,0,7000
REN0774,2024-08-06,CUST297,Clinic,Shivajinagar,Wheelchair,Mobility Equipment,3,140,420,2380,600,18,Debit Card,Returned,Excellent,4.0,2024-08-09,2024-08-02,2024-08-06,2024-08-09,2024-08-09,Completed,Not Cancelled,411015.0,WC-001,2024-04-30,2025-08-24,2025-11-22,2.3,20,13,0,0,420
REN0775,2024-02-29,CUST163,Home Care,Pimpri,Wheelchair,Mobility Equipment,7,160,1120,3200,250,39,Credit Card,Returned,Good,5.0,2024-03-07,2024-02-24,2024-02-29,2024-03-07,2024-03-07,Completed,Not Cancelled,411048.0,WC-005,2022-09-10,2026-02-09,2026-06-09,3.9,20,18,0,0,1120
REN0776,2024-09-18,CUST365,Home Care,Wakad,Oxygen Concentrator,Respiratory Equipment,7,300,2100,4800,400,45,Credit Card,Returned,Good,5.0,2024-09-25,2024-09-17,2024-09-18,2024-09-25,2024-09-25,Completed,Not Cancelled,411009.0,OC-010,2022-01-22,2023-03-21,,4.5,16,13,0,0,2100
REN0777,2024-09-29,CUST187,Individual Patient,Hinjawadi,ECG Machine,Diagnostic Equipment,14,510,7140,9180,250,43,UPI,Returned,Good,4.5,2024-10-13,2024-09-27,2024-09-29,2024-10-13,2024-10-13,Completed,Not Cancelled,411048.0,ECG-002,2022-10-22,2024-10-03,2025-01-31,3.8,9,8,0,0,7140
REN0778,2025-09-12,CUST056,Clinic,Baner,Infusion Pump,Critical Care Equipment,3,360,1080,7560,350,67,Bank Transfer,Returned,Good,5.0,2025-09-15,2025-09-02,2025-09-12,2025-09-15,2025-09-15,Completed,Not Cancelled,411057.0,IP-007,2023-02-08,2024-04-26,2024-08-24,3.5,10,6,0,0,1080
REN0779,2025-06-13,CUST264,Home Care,Wanowrie,Wheelchair,Mobility Equipment,7,150,1050,3150,250,18,UPI,Returned,Excellent,3.5,2025-06-20,2025-06-07,2025-06-13,2025-06-20,2025-06-20,Completed,Not Cancelled,411014.0,WC-007,2024-08-29,2026-04-11,2026-07-10,1.9,20,13,0,0,1050
REN0780,2026-01-11,CUST148,Hospital,Kharadi,Oxygen Concentrator,Respiratory Equipment,10,260,2600,4680,150,69,UPI,Returned,Good,4.5,2026-01-21,2026-01-07,2026-01-11,2026-01-21,2026-01-21,Completed,Not Cancelled,411042.0,OC-003,2024-12-09,2025-07-09,2026-07-09,1.6,16,15,0,0,2600
REN0781,2025-09-15,CUST289,Home Care,Pimpri,Wheelchair,Mobility Equipment,45,150,6750,1500,300,7,UPI,Returned,Good,4.5,2025-10-30,2025-09-07,2025-09-15,2025-10-30,2025-10-30,Completed,Not Cancelled,411042.0,WC-007,2024-08-29,2026-04-11,2026-07-10,1.9,20,17,0,0,6750
REN0782,2025-01-20,CUST416,Individual Patient,Camp,Hospital Bed,Patient Care Equipment,7,340,2380,6800,350,103,UPI,Returned,Excellent,4.5,2025-01-27,2025-01-16,2025-01-20,2025-01-27,2025-01-27,Completed,Not Cancelled,411052.0,HB-021,2025-06-17,2026-06-19,2026-12-16,1.1,23,20,0,0,2380
REN0783,2026-02-11,CUST064,Hospital,Pimpri,Suction Machine,Surgical Equipment,14,270,3780,5130,150,48,Credit Card,Active,Good,4.0,,2026-02-06,2026-02-11,2026-02-25,,Confirmed,Not Cancelled,411028.0,SM-004,2023-01-10,2023-10-14,2024-01-12,3.6,14,9,0,0,3780
REN0784,2024-06-10,CUST109,Home Care,Hinjawadi,Oxygen Concentrator,Respiratory Equipment,14,300,4200,3900,300,11,UPI,Returned,Fair,3.5,2024-06-24,2024-05-27,2024-06-10,2024-06-24,2024-06-24,Completed,Not Cancelled,411045.0,OC-010,2022-01-22,2023-03-21,2024-03-20,4.5,16,11,0,0,4200
REN0785,2024-01-24,CUST206,Clinic,Vishrantwadi,Wheelchair,Mobility Equipment,14,130,1820,1560,150,9,UPI,Returned,Excellent,5.0,2024-02-07,2024-01-15,2024-01-24,2024-02-07,2024-02-07,Completed,Not Cancelled,411008.0,WC-009,2024-08-16,2024-11-16,,2.0,20,14,0,0,1820
REN0786,2024-03-31,CUST114,Home Care,Kothrud,Infusion Pump,Critical Care Equipment,10,360,3600,3960,450,120,Bank Transfer,Returned,Good,4.5,2024-04-10,2024-03-25,2024-03-31,2024-04-10,2024-04-10,Completed,Not Cancelled,411048.0,IP-003,2023-01-09,2025-06-17,2025-09-15,3.6,10,10,0,0,3600
REN0787,2025-11-10,CUST391,Clinic,Kothrud,Nebulizer,Respiratory Equipment,30,90,2700,1170,250,18,UPI,Returned,Good,4.0,2025-12-10,2025-11-04,2025-11-10,2025-12-10,2025-12-10,Completed,Not Cancelled,411047.0,NB-012,2022-05-08,2024-10-27,2025-04-25,4.2,12,9,0,0,2700
REN0788,2025-03-17,CUST342,Home Care,Chinchwad,Commode Chair,Mobility Equipment,7,90,630,1710,100,25,Credit Card,Returned,Good,3.5,2025-03-24,2025-03-07,2025-03-17,2025-03-24,2025-03-24,Completed,Not Cancelled,411015.0,CC-007,2024-03-04,2024-05-09,2024-08-07,2.4,10,7,0,0,630
REN0789,2024-06-05,CUST391,Diagnostic Center,Koregaon Park,Hospital Bed,Patient Care Equipment,14,350,4900,7700,350,109,UPI,Returned,Fair,4.5,2024-06-19,2024-05-29,2024-06-05,2024-06-19,2024-06-19,Completed,Not Cancelled,411009.0,HB-013,2025-05-03,2025-11-16,2026-03-16,1.2,23,21,0,0,4900
REN0790,2025-04-23,CUST309,Hospital,Chinchwad,Surgical Headlight,Surgical Equipment,3,190,570,2090,550,25,Debit Card,Active,Good,3.5,,2025-04-19,2025-04-23,2025-04-26,,Confirmed,Not Cancelled,411009.0,SH-002,2022-07-07,2023-03-12,2023-06-10,4.1,8,6,0,0,570
REN0791,2024-05-28,CUST055,Home Care,Wakad,Patient Monitor,Monitoring Equipment,7,560,3920,8400,600,115,Bank Transfer,Returned,Fair,4.0,2024-06-04,2024-05-23,2024-05-28,2024-06-04,2024-06-04,Completed,Not Cancelled,411048.0,PM-004,2025-02-22,2025-11-29,2026-03-29,1.4,13,10,0,0,3920
REN0792,2025-10-15,CUST244,Home Care,Viman Nagar,Fowler Bed,Patient Care Equipment,10,450,4500,9000,600,107,UPI,Returned,Fair,5.0,2025-10-25,2025-10-13,2025-10-15,2025-10-25,2025-10-25,Completed,Not Cancelled,411043.0,FB-013,2024-04-21,2025-09-22,2026-01-20,2.3,15,9,0,0,4500
REN0793,2025-03-01,CUST502,Home Care,Camp,Hospital Bed,Patient Care Equipment,1,380,380,4180,150,114,Debit Card,Active,Good,3.0,,2025-02-16,2025-03-01,2025-03-02,,Confirmed,Not Cancelled,411030.0,HB-020,2025-01-09,2025-06-27,2025-10-25,1.6,23,18,0,0,380
REN0794,2024-12-25,CUST330,Individual Patient,Kothrud,Surgical Headlight,Surgical Equipment,7,180,1260,3960,200,30,UPI,Returned,Excellent,4.0,2025-01-01,2024-12-18,2024-12-25,2025-01-01,2025-01-01,Completed,Not Cancelled,411040.0,SH-004,2023-12-02,2026-02-21,2026-08-20,2.7,8,6,0,0,1260
REN0795,2024-10-07,CUST243,Clinic,Vishrantwadi,Patient Monitor,Monitoring Equipment,10,650,6500,6500,550,217,UPI,Cancelled,Good,4.5,,2024-10-03,2024-10-07,,,Cancelled,Cancelled,411042.0,,,,,,13,13,0,1,6500
REN0796,2025-08-15,CUST166,Individual Patient,Hinjawadi,ECG Machine,Diagnostic Equipment,30,500,15000,6500,400,112,Bank Transfer,Active,Good,4.0,,2025-08-11,2025-08-15,2025-09-14,,Confirmed,Not Cancelled,411008.0,ECG-003,2022-12-29,2023-07-22,2024-01-18,3.6,9,8,0,0,15000
REN0797,2024-12-06,CUST178,Individual Patient,Wakad,BiPAP Machine,Respiratory Equipment,3,500,1500,5000,350,155,Bank Transfer,Returned,Fair,4.0,2024-12-09,2024-11-25,2024-12-06,2024-12-09,2024-12-09,Completed,Not Cancelled,411037.0,BP-011,2025-01-04,2025-09-04,2026-09-04,1.6,11,7,0,0,1500
REN0798,2024-03-29,CUST399,Individual Patient,Hadapsar,Commode Chair,Mobility Equipment,30,90,2700,1710,500,5,UPI,Returned,Good,4.5,2024-04-28,2024-03-25,2024-03-29,2024-04-28,2024-04-28,Completed,Not Cancelled,411043.0,CC-003,2023-05-29,2025-12-14,2026-03-14,3.2,10,9,0,0,2700
REN0799,2024-04-26,CUST357,Individual Patient,Hinjawadi,BiPAP Machine,Respiratory Equipment,30,550,16500,8250,100,98,UPI,Returned,Fair,4.5,2024-05-26,2024-04-17,2024-04-26,2024-05-26,2024-05-26,Completed,Not Cancelled,411043.0,BP-009,2022-03-07,2025-12-31,2026-06-29,4.4,11,6,0,0,16500
REN0800,2026-06-30,CUST061,Hospital,Dhankawadi,Surgical Headlight,Surgical Equipment,10,170,1700,2550,400,15,UPI,Returned,Excellent,4.5,2026-07-10,2026-06-20,2026-06-30,2026-07-10,2026-07-10,Completed,Not Cancelled,411014.0,SH-004,2023-12-02,2026-02-21,2026-08-20,2.7,8,6,0,0,1700
REN0801,2026-05-13,CUST274,Individual Patient,Hadapsar,Wheelchair,Mobility Equipment,10,140,1400,2380,400,45,Credit Card,Returned,Good,5.0,2026-05-23,2026-05-02,2026-05-13,2026-05-23,2026-05-23,Completed,Not Cancelled,411057.0,WC-003,2022-01-25,2024-05-16,2024-08-14,4.5,20,3,0,0,1400
REN0802,2025-10-19,CUST064,Hospital,Hinjawadi,Wheelchair,Mobility Equipment,30,150,4500,1950,600,16,Cash,Returned,Good,5.0,2025-11-18,2025-10-15,2025-10-19,2025-11-18,2025-11-18,Completed,Not Cancelled,411009.0,WC-018,2024-03-18,,2026-03-11,2.4,20,18,0,0,4500
REN0803,2024-09-03,CUST374,Diagnostic Center,Viman Nagar,Nebulizer,Respiratory Equipment,3,80,240,1520,350,21,UPI,Returned,Good,4.5,2024-09-06,2024-08-25,2024-09-03,2024-09-06,2024-09-06,Completed,Not Cancelled,411052.0,NB-012,2022-05-08,2024-10-27,2025-04-25,4.2,12,11,0,0,240
REN0804,2026-07-06,CUST108,Individual Patient,Dhankawadi,Fowler Bed,Patient Care Equipment,3,410,1230,6150,350,21,Cash,Returned,Good,4.5,2026-07-09,2026-07-02,2026-07-06,2026-07-09,2026-07-09,Completed,Not Cancelled,411058.0,FB-001,2023-08-15,2025-12-12,2026-06-10,3.0,15,6,0,0,1230
REN0805,2026-01-06,CUST005,Home Care,Chinchwad,Suction Machine,Surgical Equipment,5,250,1250,5000,500,24,UPI,Returned,Excellent,5.0,2026-01-11,2025-12-25,2026-01-06,2026-01-11,2026-01-11,Completed,Not Cancelled,411047.0,SM-004,2023-01-10,2023-10-14,2024-01-12,3.6,14,13,0,0,1250
REN0806,2025-11-05,CUST440,Home Care,Dhankawadi,Nebulizer,Respiratory Equipment,21,80,1680,1440,200,11,Bank Transfer,Returned,Good,3.0,2025-11-26,2025-11-04,2025-11-05,2025-11-26,2025-11-26,Completed,Not Cancelled,411042.0,NB-011,2022-04-03,2023-07-05,2023-10-03,4.3,12,10,0,0,1680
REN0807,2025-03-05,CUST091,Individual Patient,Vishrantwadi,Patient Monitor,Monitoring Equipment,7,620,4340,11160,100,174,Cash,Returned,Fair,4.5,2025-03-12,2025-02-27,2025-03-05,2025-03-12,2025-03-12,Completed,Not Cancelled,411014.0,PM-004,2025-02-22,2025-11-29,2026-03-29,1.4,13,13,0,0,4340
REN0808,2024-09-09,CUST012,Individual Patient,Viman Nagar,Commode Chair,Mobility Equipment,14,90,1260,1980,350,10,Bank Transfer,Returned,Good,3.5,2024-09-23,2024-09-03,2024-09-09,2024-09-23,2024-09-23,Completed,Not Cancelled,411028.0,CC-008,2024-10-02,2026-06-23,2026-12-20,1.8,10,7,0,0,1260
REN0809,2024-04-06,CUST199,Clinic,Hadapsar,Oxygen Concentrator,Respiratory Equipment,5,290,1450,4640,400,85,UPI,Returned,Good,4.0,2024-04-11,2024-03-26,2024-04-06,2024-04-11,2024-04-11,Completed,Not Cancelled,411040.0,OC-007,2022-03-01,2024-09-16,2025-01-14,4.4,16,13,0,0,1450
REN0810,2026-05-07,CUST391,Hospital,Koregaon Park,Infusion Pump,Critical Care Equipment,7,350,2450,4550,350,99,UPI,Returned,Good,5.0,2026-05-14,2026-05-04,2026-05-07,2026-05-14,2026-05-14,Completed,Not Cancelled,411008.0,IP-008,2023-06-01,2023-09-22,2024-01-20,3.2,10,6,0,0,2450
REN0811,2025-03-11,CUST368,Individual Patient,Kharadi,Hospital Bed,Patient Care Equipment,3,400,1200,7600,450,139,UPI,Returned,Good,3.0,2025-03-14,2025-03-10,2025-03-11,2025-03-14,2025-03-14,Completed,Not Cancelled,411046.0,HB-006,2023-04-29,2023-10-02,2024-01-30,3.3,23,19,0,0,1200
REN0812,2024-07-10,CUST548,Clinic,Viman Nagar,Suction Machine,Surgical Equipment,7,270,1890,5130,200,67,Credit Card,Returned,Good,4.0,2024-07-17,2024-06-30,2024-07-10,2024-07-17,2024-07-17,Completed,Not Cancelled,411057.0,SM-010,2024-01-18,2026-06-17,2026-12-14,2.5,14,14,0,0,1890
REN0813,2024-10-11,CUST136,Home Care,Bibwewadi,Surgical Headlight,Surgical Equipment,3,170,510,2720,100,40,Cash,Returned,Good,3.5,2024-10-14,2024-10-07,2024-10-11,2024-10-14,2024-10-14,Completed,Not Cancelled,411046.0,SH-002,2022-07-07,2023-03-12,2023-06-10,4.1,8,7,0,0,510
REN0814,2025-07-03,CUST307,Clinic,Shivajinagar,Wheelchair,Mobility Equipment,10,160,1600,2240,500,36,UPI,Returned,Excellent,4.5,2025-07-13,2025-06-29,2025-07-03,2025-07-13,2025-07-13,Completed,Not Cancelled,411057.0,WC-004,2024-04-11,2025-03-19,2025-07-17,2.3,20,14,0,0,1600
REN0815,2024-06-18,CUST563,Home Care,Pimpri,Oxygen Concentrator,Respiratory Equipment,14,280,3920,6160,550,18,UPI,Returned,Good,5.0,2024-07-02,2024-06-16,2024-06-18,2024-07-02,2024-07-02,Completed,Not Cancelled,411038.0,OC-002,2023-10-02,2025-09-17,2026-03-16,2.8,16,11,0,0,3920
REN0816,2026-03-25,CUST108,Hospital,Aundh,Oxygen Concentrator,Respiratory Equipment,7,260,1820,3380,400,51,UPI,Returned,Good,4.5,2026-04-01,2026-03-13,2026-03-25,2026-04-01,2026-04-01,Completed,Not Cancelled,411027.0,OC-012,2022-09-21,2025-04-21,2025-10-18,3.9,16,5,0,0,1820
REN0817,2025-12-16,CUST298,Clinic,Hadapsar,Patient Monitor,Monitoring Equipment,10,630,6300,6930,250,191,Credit Card,Returned,Good,5.0,2025-12-26,2025-12-09,2025-12-16,2025-12-26,2025-12-26,Completed,Not Cancelled,411007.0,PM-007,2023-09-28,2024-02-25,2024-05-25,2.8,13,12,0,0,6300
REN0818,2025-11-07,CUST382,Hospital,Bibwewadi,CPAP Machine,Respiratory Equipment,30,390,11700,7020,300,14,Credit Card,Cancelled,Good,4.5,,2025-10-30,2025-11-07,,,Cancelled,Cancelled,411037.0,,,,,,19,19,0,1,11700
REN0819,2025-02-15,CUST106,Clinic,Hinjawadi,Hospital Bed,Patient Care Equipment,5,380,1900,4180,350,27,UPI,Returned,Good,5.0,2025-02-20,2025-02-04,2025-02-15,2025-02-20,2025-02-20,Completed,Not Cancelled,411009.0,HB-010,2022-05-26,2023-11-28,2024-05-26,4.2,23,17,0,0,1900
REN0820,2025-08-12,CUST131,Individual Patient,Vishrantwadi,Surgical Headlight,Surgical Equipment,7,170,1190,3230,300,38,Bank Transfer,Returned,Excellent,5.0,2025-08-19,2025-08-02,2025-08-12,2025-08-19,2025-08-19,Completed,Not Cancelled,411043.0,SH-001,2022-09-11,2023-01-30,,3.9,8,8,0,0,1190
REN0821,2025-07-07,CUST583,Clinic,Erandwane,Wheelchair,Mobility Equipment,7,150,1050,3000,200,45,UPI,Active,Good,4.0,,2025-07-02,2025-07-07,2025-07-14,,Confirmed,Not Cancelled,411048.0,WC-006,2023-07-15,2024-01-01,2024-03-31,3.0,20,14,0,0,1050
REN0822,2025-09-01,CUST093,Individual Patient,Dhankawadi,Patient Monitor,Monitoring Equipment,14,640,8960,12160,300,82,Credit Card,Returned,Good,,2025-09-15,2025-08-30,2025-09-01,2025-09-15,2025-09-15,Completed,Not Cancelled,411009.0,PM-004,2025-02-22,2025-11-29,2026-03-29,1.4,13,12,0,0,8960
REN0823,2024-03-26,CUST327,Hospital,Kharadi,Suction Machine,Surgical Equipment,14,230,3220,2990,250,71,Credit Card,Returned,Good,4.0,2024-04-09,2024-03-18,2024-03-26,2024-04-09,2024-04-09,Completed,Not Cancelled,411040.0,SM-012,2022-09-12,2025-07-02,2025-12-29,3.9,14,13,0,0,3220
REN0824,2025-01-30,CUST189,Home Care,Camp,Hospital Bed,Patient Care Equipment,45,330,14850,7260,300,46,UPI,Returned,Good,4.5,2025-03-16,2025-01-23,2025-01-30,2025-03-16,2025-03-16,Completed,Not Cancelled,411040.0,HB-023,2023-09-05,2024-01-10,,2.9,23,21,0,0,14850
REN0825,2024-02-12,CUST313,Home Care,Chinchwad,Hospital Bed,Patient Care Equipment,14,350,4900,3850,300,63,Bank Transfer,Returned,Fair,4.0,2024-02-26,2024-02-11,2024-02-12,2024-02-26,2024-02-26,Completed,Not Cancelled,,HB-011,2023-11-04,2025-12-22,2026-03-22,2.7,23,19,1,0,4900
REN0826,2025-04-17,CUST010,Individual Patient,Baner,Ventilator,Critical Care Equipment,14,1070,14980,11770,350,358,Bank Transfer,Returned,Excellent,4.5,2025-05-01,2025-04-06,2025-04-17,2025-05-01,2025-05-01,Completed,Not Cancelled,411015.0,VT-007,2024-05-13,2025-03-30,2026-03-30,2.2,8,8,0,0,14980
REN0827,2024-11-04,CUST188,Home Care,Chinchwad,BiPAP Machine,Respiratory Equipment,21,480,10080,6240,500,79,Credit Card,Returned,Excellent,5.0,2024-11-25,2024-10-31,2024-11-04,2024-11-25,2024-11-25,Completed,Not Cancelled,411046.0,BP-009,2022-03-07,2025-12-31,2026-06-29,4.4,11,11,0,0,10080
REN0828,2024-05-21,CUST208,Hospital,Wakad,Hospital Bed,Patient Care Equipment,3,360,1080,6120,250,80,Bank Transfer,Returned,Good,5.0,2024-05-24,2024-05-16,2024-05-21,2024-05-24,2024-05-24,Completed,Not Cancelled,411015.0,HB-014,2025-06-29,2026-07-26,2027-07-26,1.1,23,17,0,0,1080
REN0829,2024-04-13,CUST094,Clinic,Camp,Commode Chair,Mobility Equipment,5,100,500,1900,100,33,Credit Card,Returned,Good,4.5,2024-04-18,2024-04-07,2024-04-13,2024-04-18,2024-04-18,Completed,Not Cancelled,411007.0,CC-010,2022-12-23,2023-04-16,2023-10-13,3.6,10,5,0,0,500
REN0830,2025-07-10,CUST094,Clinic,Chinchwad,Fowler Bed,Patient Care Equipment,3,430,1290,5590,500,49,UPI,Returned,Good,5.0,2025-07-13,2025-06-28,2025-07-10,2025-07-13,2025-07-13,Completed,Not Cancelled,411043.0,FB-001,2023-08-15,2025-12-12,2026-06-10,3.0,15,11,0,0,1290
REN0831,2024-06-13,CUST458,Home Care,Wakad,Hospital Bed,Patient Care Equipment,1,350,350,7350,200,21,Cash,Returned,Excellent,4.5,2024-06-14,2024-06-11,2024-06-13,2024-06-14,2024-06-14,Completed,Not Cancelled,411008.0,HB-008,2024-07-02,2025-07-25,2026-01-21,2.1,23,20,0,0,350
REN0832,2026-05-28,CUST228,Clinic,Vishrantwadi,BiPAP Machine,Respiratory Equipment,14,550,7700,11000,600,185,Cash,Returned,Good,4.0,2026-06-11,2026-05-24,2026-05-28,2026-06-11,2026-06-11,Completed,Not Cancelled,411028.0,BP-004,2024-06-27,2025-02-23,2026-02-23,2.1,11,6,0,0,7700
REN0833,2025-07-04,CUST464,Home Care,Wanowrie,Fowler Bed,Patient Care Equipment,7,450,3150,5850,350,94,UPI,Returned,Good,5.0,2025-07-11,2025-06-28,2025-07-04,2025-07-11,2025-07-11,Completed,Not Cancelled,411008.0,FB-014,2023-07-25,,2025-10-14,3.0,15,13,0,0,3150
REN0834,2024-11-21,CUST090,Individual Patient,Erandwane,Wheelchair,Mobility Equipment,21,130,2730,1300,350,44,Cash,Cancelled,Excellent,3.0,,2024-11-07,2024-11-21,,,Cancelled,Cancelled,411042.0,,,,,,20,20,0,1,2730
REN0835,2025-07-12,CUST299,Clinic,Chinchwad,Infusion Pump,Critical Care Equipment,30,310,9300,5890,300,95,Bank Transfer,Returned,Excellent,5.0,2025-08-11,2025-07-07,2025-07-12,2025-08-11,2025-08-11,Completed,Not Cancelled,411015.0,IP-005,2022-06-29,2025-01-12,2025-05-12,4.1,10,10,0,0,9300
REN0836,2024-01-24,CUST217,Home Care,Vishrantwadi,Oxygen Concentrator,Respiratory Equipment,45,270,12150,3240,450,59,UPI,Returned,Good,3.0,2024-03-09,2024-01-20,2024-01-24,2024-03-09,2024-03-09,Completed,Not Cancelled,411027.0,OC-006,2024-06-08,2024-10-26,2025-04-24,2.1,16,13,0,0,12150
REN0837,2026-06-26,CUST394,Home Care,Wanowrie,Oxygen Concentrator,Respiratory Equipment,7,270,1890,3510,450,49,Credit Card,Returned,Good,4.0,2026-07-03,2026-06-14,2026-06-26,2026-07-03,2026-07-03,Completed,Not Cancelled,411030.0,OC-003,2024-12-09,2025-07-09,2026-07-09,1.6,16,7,0,0,1890
REN0838,2025-04-06,CUST540,Home Care,Hinjawadi,Oxygen Concentrator,Respiratory Equipment,1,300,300,6000,600,55,UPI,Returned,Fair,4.0,2025-04-07,2025-03-29,2025-04-06,2025-04-07,2025-04-07,Completed,Not Cancelled,411038.0,OC-007,2022-03-01,2024-09-16,2025-01-14,4.4,16,8,0,0,300
REN0839,2026-01-10,CUST323,Individual Patient,Bibwewadi,Commode Chair,Mobility Equipment,5,90,450,1080,100,7,Credit Card,Returned,Good,4.0,2026-01-15,2026-01-08,2026-01-10,2026-01-15,2026-01-15,Completed,Not Cancelled,411046.0,CC-008,2024-10-02,2026-06-23,2026-12-20,1.8,10,9,0,0,450
REN0840,2024-03-24,CUST138,Clinic,Koregaon Park,Nebulizer,Respiratory Equipment,30,70,2100,980,200,12,Cash,Returned,Fair,4.0,2024-04-23,2024-03-22,2024-03-24,2024-04-23,2024-04-23,Completed,Not Cancelled,411057.0,NB-002,2025-06-20,2026-04-29,2026-08-27,1.1,12,9,0,0,2100
REN0841,2025-04-10,CUST384,Home Care,Erandwane,Surgical Headlight,Surgical Equipment,21,180,3780,3960,250,53,UPI,Returned,Good,3.5,2025-05-01,2025-04-03,2025-04-10,2025-05-01,2025-05-01,Completed,Not Cancelled,411043.0,SH-008,2023-07-21,2025-11-10,2026-02-08,3.0,8,8,0,0,3780
REN0842,2025-04-14,CUST273,Home Care,Bibwewadi,Wheelchair,Mobility Equipment,7,160,1120,2880,200,55,Credit Card,Returned,Fair,3.0,2025-04-21,2025-04-09,2025-04-14,2025-04-21,2025-04-21,Completed,Not Cancelled,411038.0,WC-020,2023-01-10,2024-02-15,2024-06-14,3.6,20,17,0,0,1120
REN0843,2026-06-08,CUST506,Individual Patient,Kothrud,Commode Chair,Mobility Equipment,7,90,630,1620,600,30,UPI,Returned,Fair,5.0,2026-06-15,2026-06-07,2026-06-08,2026-06-15,2026-06-15,Completed,Not Cancelled,411042.0,CC-008,2024-10-02,2026-06-23,2026-12-20,1.8,10,7,0,0,630
REN0844,2025-06-26,CUST131,Home Care,Wanowrie,Patient Monitor,Monitoring Equipment,10,650,6500,14300,100,220,Credit Card,Returned,Good,4.5,2025-07-06,2025-06-21,2025-06-26,2025-07-06,2025-07-06,Completed,Not Cancelled,411040.0,PM-004,2025-02-22,2025-11-29,2026-03-29,1.4,13,12,0,0,6500
REN0845,2025-03-28,CUST119,Hospital,Camp,Oxygen Concentrator,Respiratory Equipment,21,300,6300,6000,150,11,Bank Transfer,Returned,Excellent,4.0,2025-04-18,2025-03-16,2025-03-28,2025-04-18,2025-04-18,Completed,Not Cancelled,411007.0,OC-014,2025-02-15,2026-03-30,2026-09-26,1.5,16,11,0,0,6300
REN0846,2024-09-04,CUST122,Diagnostic Center,Bibwewadi,Hospital Bed,Patient Care Equipment,14,380,5320,5700,600,74,UPI,Returned,Good,3.5,2024-09-18,2024-08-26,2024-09-04,2024-09-18,2024-09-18,Completed,Not Cancelled,411038.0,HB-002,2024-02-10,2024-08-21,2025-02-17,2.5,23,21,0,0,5320
REN0847,2024-11-05,CUST110,Hospital,Hadapsar,ECG Machine,Diagnostic Equipment,21,510,10710,9180,200,48,Credit Card,Returned,Good,4.0,2024-11-26,2024-10-30,2024-11-05,2024-11-26,2024-11-26,Completed,Not Cancelled,411046.0,ECG-001,2025-06-16,2025-11-07,2026-02-05,1.1,9,8,0,0,10710
REN0848,2025-05-12,CUST346,Clinic,Kothrud,Wheelchair,Mobility Equipment,5,160,800,2560,250,36,UPI,Returned,Good,4.0,2025-05-17,2025-05-10,2025-05-12,2025-05-17,2025-05-17,Completed,Not Cancelled,411052.0,WC-019,2023-12-24,,2026-08-25,2.6,20,15,0,0,800
REN0849,2025-02-22,CUST533,Individual Patient,Bibwewadi,Suction Machine,Surgical Equipment,5,240,1200,3360,400,80,Bank Transfer,Returned,Excellent,4.5,2025-02-27,2025-02-18,2025-02-22,2025-02-27,2025-02-27,Completed,Not Cancelled,411008.0,SM-004,2023-01-10,2023-10-14,2024-01-12,3.6,14,11,0,0,1200
REN0850,2024-01-23,CUST223,Clinic,Viman Nagar,Patient Monitor,Monitoring Equipment,5,680,3400,14960,400,211,Bank Transfer,Returned,Good,3.5,2024-01-28,2024-01-09,2024-01-23,2024-01-28,2024-01-28,Completed,Not Cancelled,411045.0,PM-003,2022-02-04,2022-07-21,2023-01-17,4.5,13,12,0,0,3400
REN0851,2026-02-23,CUST497,Home Care,Shivajinagar,Hospital Bed,Patient Care Equipment,21,360,7560,6120,550,111,Bank Transfer,Returned,Good,5.0,2026-03-16,2026-02-16,2026-02-23,2026-03-16,2026-03-16,Completed,Not Cancelled,411009.0,HB-002,2024-02-10,2024-08-21,2025-02-17,2.5,23,11,0,0,7560
REN0852,2026-05-02,CUST315,Home Care,Kothrud,Surgical Loupe,Surgical Equipment,14,240,3360,4560,300,35,UPI,Returned,Fair,4.0,2026-05-16,2026-04-29,2026-05-02,2026-05-16,2026-05-16,Completed,Not Cancelled,411007.0,SL-006,2024-02-17,2025-07-19,2026-01-15,2.5,7,6,0,0,3360
REN0853,2024-05-17,CUST224,Hospital,Baner,ECG Machine,Diagnostic Equipment,10,490,4900,7350,600,93,Credit Card,Returned,Excellent,4.5,2024-05-27,2024-05-08,2024-05-17,2024-05-27,2024-05-27,Completed,Not Cancelled,411007.0,ECG-005,2022-01-24,2022-08-13,2022-12-11,4.5,9,8,0,0,4900
REN0854,2025-06-10,CUST370,Home Care,Viman Nagar,Fowler Bed,Patient Care Equipment,14,450,6300,5400,200,54,Bank Transfer,Returned,Good,4.5,2025-06-24,2025-06-09,2025-06-10,2025-06-24,2025-06-24,Completed,Not Cancelled,411009.0,FB-011,2022-05-13,2023-03-15,2023-06-13,4.2,15,11,0,0,6300
REN0855,2024-04-17,CUST247,Clinic,Pimpri,BiPAP Machine,Respiratory Equipment,1,550,550,6050,200,114,Bank Transfer,Returned,Good,4.0,2024-04-18,2024-04-13,2024-04-17,2024-04-18,2024-04-18,Completed,Not Cancelled,411008.0,BP-008,2024-04-21,2024-11-06,2025-02-04,2.3,11,9,0,0,550
REN0856,2025-09-22,CUST082,Hospital,Kothrud,Fowler Bed,Patient Care Equipment,30,420,12600,8400,300,53,Credit Card,Returned,Good,3.5,2025-10-22,2025-09-19,2025-09-22,2025-10-22,2025-10-22,Completed,Not Cancelled,411042.0,FB-015,2024-03-17,2025-01-08,2025-05-08,2.4,15,11,0,0,12600
REN0857,2024-09-18,CUST021,Diagnostic Center,Camp,Nebulizer,Respiratory Equipment,7,70,490,1120,150,20,Debit Card,Returned,Good,4.5,2024-09-25,2024-09-07,2024-09-18,2024-09-25,2024-09-25,Completed,Not Cancelled,411057.0,NB-002,2025-06-20,2026-04-29,,1.1,12,10,0,0,490
REN0858,2025-09-10,CUST193,Individual Patient,Kharadi,Wheelchair,Mobility Equipment,7,150,1050,2400,100,27,UPI,Returned,Fair,4.5,2025-09-17,2025-09-01,2025-09-10,2025-09-17,2025-09-17,Completed,Not Cancelled,411047.0,WC-014,2025-07-05,2026-01-27,2026-04-27,1.1,20,16,0,0,1050
REN0859,2025-11-15,CUST200,Individual Patient,Koregaon Park,CPAP Machine,Respiratory Equipment,5,390,1950,4290,300,99,UPI,Returned,Fair,5.0,2025-11-20,2025-11-10,2025-11-15,2025-11-20,2025-11-20,Completed,Not Cancelled,411046.0,CP-011,2025-03-04,2025-12-26,2026-12-26,1.4,19,16,0,0,1950
REN0860,2025-12-26,CUST101,Hospital,Koregaon Park,Oxygen Concentrator,Respiratory Equipment,5,260,1300,5200,350,80,Cash,Returned,Good,4.5,2025-12-31,2025-12-22,2025-12-26,2025-12-31,2025-12-31,Completed,Not Cancelled,411009.0,OC-011,2023-11-25,2025-04-03,2025-07-02,2.7,16,11,0,0,1300
REN0861,2024-04-17,CUST231,Home Care,Viman Nagar,Fowler Bed,Patient Care Equipment,21,430,9030,5590,250,54,UPI,Returned,Good,5.0,2024-05-08,2024-04-07,2024-04-17,2024-05-08,2024-05-08,Completed,Not Cancelled,411057.0,FB-006,2024-01-01,2025-08-08,2025-11-06,2.6,15,10,0,0,9030
REN0862,2026-05-20,CUST263,Individual Patient,Erandwane,Fowler Bed,Patient Care Equipment,10,470,4700,7990,200,108,Debit Card,Returned,Good,4.5,2026-05-30,2026-05-18,2026-05-20,2026-05-30,2026-05-30,Completed,Not Cancelled,411040.0,FB-007,2022-07-03,2023-06-21,2023-10-19,4.1,15,13,0,0,4700
REN0863,2024-08-03,CUST293,Hospital,Viman Nagar,Wheelchair,Mobility Equipment,5,140,700,1960,150,42,Credit Card,Returned,Good,4.5,2024-08-08,2024-08-02,2024-08-03,2024-08-08,2024-08-08,Completed,Not Cancelled,411007.0,WC-019,2023-12-24,2026-05-27,2026-08-25,2.6,20,13,0,0,700
REN0864,2024-02-08,CUST199,Diagnostic Center,Pimpri,Ventilator,Critical Care Equipment,30,1140,34200,13680,150,381,Debit Card,Returned,Good,3.0,2024-03-09,2024-01-29,2024-02-08,2024-03-09,2024-03-09,Completed,Not Cancelled,411043.0,VT-002,2024-07-09,2026-04-04,,2.1,8,8,0,0,34200
REN0865,2025-06-11,CUST007,Hospital,Kharadi,Hospital Bed,Patient Care Equipment,5,330,1650,3960,550,27,Credit Card,Returned,Good,5.0,2025-06-16,2025-06-01,2025-06-11,2025-06-16,2025-06-16,Completed,Not Cancelled,411046.0,HB-009,2022-04-28,,2023-09-25,4.3,23,21,0,0,1650
REN0866,2024-12-15,CUST211,Home Care,Erandwane,Hospital Bed,Patient Care Equipment,14,330,4620,6600,100,82,Bank Transfer,Returned,Good,4.0,2024-12-29,2024-12-12,2024-12-15,2024-12-29,2024-12-29,Completed,Not Cancelled,411037.0,HB-010,2022-05-26,2023-11-28,2024-05-26,4.2,23,17,0,0,4620
REN0867,2026-02-27,CUST002,Individual Patient,Bibwewadi,CPAP Machine,Respiratory Equipment,14,360,5040,3960,450,61,Bank Transfer,Cancelled,Good,4.0,,2026-02-25,2026-02-27,,,Cancelled,Cancelled,411046.0,,,,,,19,19,0,1,5040
REN0868,2026-02-05,CUST019,Individual Patient,Koregaon Park,Suction Machine,Surgical Equipment,5,270,1350,2700,450,33,Credit Card,Returned,Excellent,4.5,2026-02-10,2026-01-28,2026-02-05,2026-02-10,2026-02-10,Completed,Not Cancelled,411045.0,SM-013,2022-07-24,2024-05-07,2025-05-07,4.0,14,11,0,0,1350
REN0869,2024-10-22,CUST141,Home Care,Shivajinagar,Wheelchair,Mobility Equipment,3,140,420,1820,200,11,UPI,Returned,Excellent,5.0,2024-10-25,2024-10-20,2024-10-22,2024-10-25,2024-10-25,Completed,Not Cancelled,411042.0,WC-016,2024-07-04,2025-08-17,2025-12-15,2.1,20,14,0,0,420
REN0870,2026-06-22,CUST209,Individual Patient,Dhankawadi,Patient Monitor,Monitoring Equipment,14,560,7840,11760,200,122,UPI,Returned,Good,4.0,2026-07-06,2026-06-15,2026-06-22,2026-07-06,2026-07-06,Completed,Not Cancelled,411028.0,PM-006,2024-01-04,2024-06-05,2024-12-02,2.6,13,6,0,0,7840
REN0871,2024-09-27,CUST021,Home Care,Wakad,Nebulizer,Respiratory Equipment,10,70,700,1330,300,10,UPI,Returned,Good,4.0,2024-10-07,2024-09-19,2024-09-27,2024-10-07,2024-10-07,Completed,Not Cancelled,411058.0,NB-011,2022-04-03,2023-07-05,2023-10-03,4.3,12,10,0,0,700
REN0872,2025-05-06,CUST321,Home Care,Shivajinagar,Hospital Bed,Patient Care Equipment,7,370,2590,7400,450,90,Cash,Returned,Excellent,5.0,2025-05-13,2025-04-29,2025-05-06,2025-05-13,2025-05-13,Completed,Not Cancelled,411043.0,HB-011,2023-11-04,2025-12-22,2026-03-22,2.7,23,23,0,0,2590
REN0873,2024-08-26,CUST089,Individual Patient,Kothrud,Surgical Loupe,Surgical Equipment,3,210,630,2520,100,25,UPI,Cancelled,Good,5.0,,2024-08-21,2024-08-26,,,Cancelled,Cancelled,411038.0,,,,,,7,7,0,1,630
REN0874,2026-06-07,CUST126,Home Care,Vishrantwadi,Oxygen Concentrator,Respiratory Equipment,14,300,4200,6600,500,9,Bank Transfer,Returned,Fair,4.5,2026-06-21,2026-05-28,2026-06-07,2026-06-21,2026-06-21,Completed,Not Cancelled,411047.0,OC-011,2023-11-25,2025-04-03,2025-07-02,2.7,16,11,0,0,4200
REN0875,2024-06-07,CUST161,Individual Patient,Hadapsar,Suction Machine,Surgical Equipment,10,250,2500,2750,250,69,Credit Card,Returned,Good,4.5,2024-06-17,2024-05-26,2024-06-07,2024-06-17,2024-06-17,Completed,Not Cancelled,,SM-009,2023-07-17,2026-04-30,2027-04-30,3.0,14,13,1,0,2500
REN0876,2024-02-15,CUST550,Home Care,Dhankawadi,Hospital Bed,Patient Care Equipment,14,350,4900,3500,350,29,UPI,Returned,Fair,4.5,2024-02-29,2024-02-07,2024-02-15,2024-02-29,2024-02-29,Completed,Not Cancelled,411058.0,HB-013,2025-05-03,2025-11-16,2026-03-16,1.2,23,19,0,0,4900
REN0877,2025-02-18,CUST079,Hospital,Wanowrie,Nebulizer,Respiratory Equipment,5,80,400,1280,600,9,Cash,Returned,Good,5.0,2025-02-23,2025-02-13,2025-02-18,2025-02-23,2025-02-23,Completed,Not Cancelled,411046.0,NB-005,2023-08-11,2025-09-26,2026-03-25,3.0,12,7,0,0,400
REN0878,2026-07-25,CUST211,Home Care,Baner,ECG Machine,Diagnostic Equipment,14,470,6580,7050,150,49,UPI,Returned,Excellent,3.5,2026-08-08,2026-07-11,2026-07-25,2026-08-08,2026-08-08,Completed,Not Cancelled,,ECG-006,2024-08-17,2026-03-18,2026-07-16,2.0,9,6,1,0,6580
REN0879,2026-04-28,CUST347,Clinic,Kharadi,Hospital Bed,Patient Care Equipment,10,350,3500,4550,600,49,Credit Card,Active,Good,5.0,,2026-04-23,2026-04-28,2026-05-08,,Confirmed,Not Cancelled,411027.0,HB-016,2023-09-12,2024-11-01,2025-11-01,2.9,23,12,0,0,3500
REN0880,2025-12-07,CUST232,Home Care,Chinchwad,Hospital Bed,Patient Care Equipment,30,330,9900,3960,400,61,Credit Card,Active,Excellent,4.5,,2025-12-05,2025-12-07,2026-01-06,,Confirmed,Not Cancelled,411030.0,HB-007,2023-05-24,2024-04-15,2025-04-15,3.2,23,21,0,0,9900
REN0881,2026-04-27,CUST292,Individual Patient,Hinjawadi,Oxygen Concentrator,Respiratory Equipment,14,300,4200,4200,300,87,UPI,Returned,Good,5.0,2026-05-11,2026-04-25,2026-04-27,2026-05-11,2026-05-11,Completed,Not Cancelled,411057.0,OC-005,2024-02-15,2026-06-16,2026-10-14,2.5,16,8,0,0,4200
REN0882,2026-04-29,CUST249,Individual Patient,Erandwane,Hospital Bed,Patient Care Equipment,30,330,9900,4620,100,79,UPI,Returned,Good,4.5,2026-05-29,2026-04-25,2026-04-29,2026-05-29,2026-05-29,Completed,Not Cancelled,411046.0,HB-004,2025-03-24,2026-06-21,2026-12-18,1.4,23,9,0,0,9900
REN0883,2025-05-10,CUST500,Home Care,Bibwewadi,Surgical Loupe,Surgical Equipment,10,240,2400,4080,100,18,Bank Transfer,Returned,Excellent,4.0,2025-05-20,2025-05-08,2025-05-10,2025-05-20,2025-05-20,Completed,Not Cancelled,411009.0,SL-007,2025-04-06,2025-11-22,2026-05-21,1.3,7,6,0,0,2400
REN0884,2024-10-21,CUST584,Individual Patient,Hadapsar,Suction Machine,Surgical Equipment,10,240,2400,3360,500,21,UPI,Returned,Good,5.0,2024-10-31,2024-10-12,2024-10-21,2024-10-31,2024-10-31,Completed,Not Cancelled,411048.0,SM-013,2022-07-24,2024-05-07,2025-05-07,4.0,14,12,0,0,2400
REN0885,2025-12-30,CUST228,Clinic,Dhankawadi,Suction Machine,Surgical Equipment,3,240,720,3120,300,72,Bank Transfer,Returned,Good,5.0,2026-01-02,2025-12-29,2025-12-30,2026-01-02,2026-01-02,Completed,Not Cancelled,411009.0,SM-006,2024-01-04,2024-10-23,2025-02-20,2.6,14,13,0,0,720
REN0886,2025-09-12,CUST269,Clinic,Erandwane,Ventilator,Critical Care Equipment,5,1030,5150,17510,500,113,Credit Card,Returned,Good,5.0,2025-09-17,2025-09-08,2025-09-12,2025-09-17,2025-09-17,Completed,Not Cancelled,411037.0,VT-002,2024-07-09,2026-04-04,2026-08-02,2.1,8,8,0,0,5150
REN0887,2024-12-18,CUST293,Home Care,Hinjawadi,ECG Machine,Diagnostic Equipment,30,550,16500,9350,550,55,UPI,Active,Excellent,4.0,,2024-12-07,2024-12-18,2025-01-17,,Confirmed,Not Cancelled,411037.0,ECG-003,2022-12-29,2023-07-22,,3.6,9,9,0,0,16500
REN0888,2024-04-04,CUST263,Home Care,Chinchwad,ECG Machine,Diagnostic Equipment,30,500,15000,7500,300,16,UPI,Returned,Excellent,4.0,2024-05-04,2024-04-02,2024-04-04,2024-05-04,2024-05-04,Completed,Not Cancelled,411030.0,ECG-003,2022-12-29,2023-07-22,2024-01-18,3.6,9,8,0,0,15000
REN0889,2025-12-05,CUST206,Hospital,Koregaon Park,Oxygen Concentrator,Respiratory Equipment,30,270,8100,2970,250,75,UPI,Returned,Good,5.0,2026-01-04,2025-11-29,2025-12-05,2026-01-04,2026-01-04,Completed,Not Cancelled,411038.0,OC-008,2022-01-13,2023-05-05,2023-08-03,4.5,16,13,0,0,8100
REN0890,2024-08-31,CUST589,Individual Patient,Vishrantwadi,Oxygen Concentrator,Respiratory Equipment,7,270,1890,5940,200,72,Bank Transfer,Returned,Excellent,4.5,2024-09-07,2024-08-19,2024-08-31,2024-09-07,2024-09-07,Completed,Not Cancelled,411014.0,OC-008,2022-01-13,,2023-08-03,4.5,16,12,0,0,1890
REN0891,2026-06-07,CUST369,Home Care,Shivajinagar,Oxygen Concentrator,Respiratory Equipment,3,260,780,4160,450,37,Credit Card,Returned,Fair,3.0,2026-06-10,2026-06-06,2026-06-07,2026-06-10,2026-06-10,Completed,Not Cancelled,411045.0,OC-003,2024-12-09,2025-07-09,2026-07-09,1.6,16,11,0,0,780
REN0892,2024-08-12,CUST192,Hospital,Chinchwad,Oxygen Concentrator,Respiratory Equipment,14,280,3920,3640,450,9,UPI,Returned,Excellent,3.5,2024-08-26,2024-08-08,2024-08-12,2024-08-26,2024-08-26,Completed,Not Cancelled,411045.0,OC-007,2022-03-01,2024-09-16,2025-01-14,4.4,16,15,0,0,3920
REN0893,2024-05-01,CUST074,Individual Patient,Shivajinagar,CPAP Machine,Respiratory Equipment,10,390,3900,7410,250,110,Credit Card,Returned,Good,3.5,2024-05-11,2024-04-30,2024-05-01,2024-05-11,2024-05-11,Completed,Not Cancelled,411052.0,CP-017,2023-04-05,2024-11-08,2025-11-08,3.3,19,17,0,0,3900
REN0894,2026-02-28,CUST578,Hospital,Wakad,Wheelchair,Mobility Equipment,14,150,2100,2250,400,9,Credit Card,Active,Good,4.0,,2026-02-20,2026-02-28,2026-03-14,,Confirmed,Not Cancelled,411037.0,WC-012,2025-04-29,2026-05-02,2027-05-02,1.3,20,11,0,0,2100
REN0895,2024-05-29,CUST084,Individual Patient,Pimpri,Oxygen Concentrator,Respiratory Equipment,7,300,2100,3600,350,53,Bank Transfer,Returned,Good,4.0,2024-06-05,2024-05-24,2024-05-29,2024-06-05,2024-06-05,Completed,Not Cancelled,411040.0,OC-012,2022-09-21,2025-04-21,2025-10-18,3.9,16,10,0,0,2100
REN0896,2024-06-20,CUST302,Individual Patient,Kharadi,CPAP Machine,Respiratory Equipment,3,340,1020,6460,150,102,UPI,Returned,Good,5.0,2024-06-23,2024-06-08,2024-06-20,2024-06-23,2024-06-23,Completed,Not Cancelled,411009.0,CP-008,2024-06-15,2025-04-22,2025-08-20,2.1,19,13,0,0,1020
REN0897,2025-07-20,CUST487,Home Care,Wanowrie,Oxygen Concentrator,Respiratory Equipment,21,280,5880,3080,350,30,UPI,Returned,Good,4.5,2025-08-10,2025-07-12,2025-07-20,2025-08-10,2025-08-10,Completed,Not Cancelled,411028.0,OC-013,2023-06-29,2024-03-06,2025-03-06,3.1,16,13,0,0,5880
REN0898,2026-04-11,CUST274,Hospital,Aundh,Wheelchair,Mobility Equipment,14,150,2100,1950,500,23,UPI,Returned,Excellent,3.0,2026-04-25,2026-04-04,2026-04-11,2026-04-25,2026-04-25,Completed,Not Cancelled,411042.0,WC-012,2025-04-29,2026-05-02,2027-05-02,1.3,20,8,0,0,2100
REN0899,2024-07-05,CUST222,Home Care,Bibwewadi,CPAP Machine,Respiratory Equipment,10,340,3400,6120,600,82,Bank Transfer,Active,Excellent,4.5,,2024-06-23,2024-07-05,2024-07-15,,Confirmed,Not Cancelled,411037.0,CP-017,2023-04-05,2024-11-08,2025-11-08,3.3,19,16,0,0,3400
REN0900,2024-10-16,CUST098,Hospital,Bibwewadi,Fowler Bed,Patient Care Equipment,3,450,1350,8550,250,110,Bank Transfer,Returned,Excellent,4.5,2024-10-19,2024-10-14,2024-10-16,2024-10-19,2024-10-19,Completed,Not Cancelled,411058.0,FB-006,2024-01-01,2025-08-08,2025-11-06,2.6,15,12,0,0,1350
REN0901,2026-01-04,CUST228,Clinic,Hadapsar,Nebulizer,Respiratory Equipment,1,80,80,1760,200,14,UPI,Returned,Good,,2026-01-05,2025-12-26,2026-01-04,2026-01-05,2026-01-05,Completed,Not Cancelled,411027.0,NB-001,2024-01-01,2024-11-22,2025-05-21,2.6,12,11,0,0,80
REN0902,2026-07-08,CUST067,Hospital,Hadapsar,Nebulizer,Respiratory Equipment,3,80,240,1520,550,14,UPI,Returned,Good,5.0,2026-07-11,2026-06-30,2026-07-08,2026-07-11,2026-07-11,Completed,Not Cancelled,,NB-007,2025-05-13,2025-09-25,2026-01-23,1.2,12,9,1,0,240
REN0903,2025-04-23,CUST113,Home Care,Dhankawadi,Wheelchair,Mobility Equipment,14,150,2100,1950,600,25,Bank Transfer,Returned,Excellent,3.5,2025-05-07,2025-04-15,2025-04-23,2025-05-07,2025-05-07,Completed,Not Cancelled,411052.0,WC-015,2022-05-31,2025-11-16,2026-11-16,4.2,20,16,0,0,2100
REN0904,2024-05-20,CUST541,Home Care,Baner,Hospital Bed,Patient Care Equipment,14,380,5320,7220,550,71,UPI,Returned,Good,5.0,2024-06-03,2024-05-13,2024-05-20,2024-06-03,2024-06-03,Completed,Not Cancelled,411040.0,HB-007,2023-05-24,2024-04-15,2025-04-15,3.2,23,19,0,0,5320
REN0905,2024-01-15,CUST001,Individual Patient,Viman Nagar,Oxygen Concentrator,Respiratory Equipment,3,280,840,5320,250,39,Credit Card,Returned,Fair,3.5,2024-01-18,2024-01-13,2024-01-15,2024-01-18,2024-01-18,Completed,Not Cancelled,411008.0,OC-002,2023-10-02,2025-09-17,2026-03-16,2.8,16,15,0,0,840
REN0906,2024-08-02,CUST252,Hospital,Erandwane,Wheelchair,Mobility Equipment,7,150,1050,2700,250,17,Credit Card,Returned,Good,4.5,2024-08-09,2024-07-23,2024-08-02,2024-08-09,2024-08-09,Completed,Not Cancelled,411057.0,WC-015,2022-05-31,2025-11-16,2026-11-16,4.2,20,14,0,0,1050
REN0907,2024-05-09,CUST105,Clinic,Shivajinagar,CPAP Machine,Respiratory Equipment,1,390,390,7410,400,51,UPI,Returned,Good,5.0,2024-05-10,2024-05-02,2024-05-09,2024-05-10,2024-05-10,Completed,Not Cancelled,411015.0,CP-003,2024-07-28,2025-08-19,2026-02-15,2.0,19,10,0,0,390
REN0908,2025-09-27,CUST598,Individual Patient,Dhankawadi,Surgical Loupe,Surgical Equipment,1,220,220,4400,200,40,Credit Card,Returned,Excellent,5.0,2025-09-28,2025-09-18,2025-09-27,2025-09-28,2025-09-28,Completed,Not Cancelled,,SL-001,2025-06-04,2025-12-06,2026-06-04,1.2,7,7,1,0,220
REN0909,2024-04-30,CUST152,Clinic,Koregaon Park,Wheelchair,Mobility Equipment,1,130,130,2210,500,20,UPI,Returned,Excellent,3.5,2024-05-01,2024-04-19,2024-04-30,2024-05-01,2024-05-01,Completed,Not Cancelled,411028.0,WC-006,2023-07-15,2024-01-01,2024-03-31,3.0,20,17,0,0,130
REN0910,2025-04-28,CUST063,Home Care,Vishrantwadi,Oxygen Concentrator,Respiratory Equipment,7,270,1890,5940,300,59,Credit Card,Returned,Good,4.0,2025-05-05,2025-04-22,2025-04-28,2025-05-05,2025-05-05,Completed,Not Cancelled,411028.0,OC-007,2022-03-01,2024-09-16,2025-01-14,4.4,16,10,0,0,1890
REN0911,2025-10-13,CUST312,Individual Patient,Shivajinagar,Nebulizer,Respiratory Equipment,30,80,2400,1440,250,19,UPI,Returned,Excellent,3.0,2025-11-12,2025-09-30,2025-10-13,2025-11-12,2025-11-12,Completed,Not Cancelled,411015.0,NB-008,2022-12-18,2025-07-25,2026-07-25,3.6,12,10,0,0,2400
REN0912,2025-07-04,CUST296,Home Care,Pimpri,Fowler Bed,Patient Care Equipment,3,470,1410,4700,500,164,UPI,Returned,Good,3.5,2025-07-07,2025-07-02,2025-07-04,2025-07-07,2025-07-07,Completed,Not Cancelled,411014.0,FB-012,2024-03-04,2025-10-11,2026-04-09,2.4,15,13,0,0,1410
REN0913,2024-07-08,CUST394,Hospital,Vishrantwadi,Hospital Bed,Patient Care Equipment,14,340,4760,4080,250,77,Credit Card,Cancelled,Good,3.5,,2024-07-07,2024-07-08,,,Cancelled,Cancelled,411048.0,,,,,,23,23,0,1,4760
REN0914,2026-02-01,CUST573,Home Care,Viman Nagar,Wheelchair,Mobility Equipment,7,160,1120,2560,150,42,UPI,Returned,Good,3.0,2026-02-08,2026-01-28,2026-02-01,2026-02-08,2026-02-08,Completed,Not Cancelled,411037.0,WC-001,2024-04-30,2025-08-24,2025-11-22,2.3,20,16,0,0,1120
REN0915,2025-11-03,CUST248,Home Care,Pimpri,Walker,Mobility Equipment,7,70,490,1050,500,4,Credit Card,Returned,Excellent,4.5,2025-11-10,2025-10-31,2025-11-03,2025-11-10,2025-11-10,Completed,Not Cancelled,411042.0,WK-002,2024-03-18,2025-12-13,2026-06-11,2.4,7,6,0,0,490
REN0916,2025-11-27,CUST160,Hospital,Dhankawadi,Hospital Bed,Patient Care Equipment,5,350,1750,7000,250,96,Bank Transfer,Returned,Excellent,3.5,2025-12-02,2025-11-21,2025-11-27,2025-12-02,2025-12-02,Completed,Not Cancelled,411028.0,HB-020,2025-01-09,2025-06-27,2025-10-25,1.6,23,21,0,0,1750
REN0917,2024-05-08,CUST087,Individual Patient,Bibwewadi,Suction Machine,Surgical Equipment,1,240,240,4320,450,46,Cash,Returned,Good,4.5,2024-05-09,2024-05-05,2024-05-08,2024-05-09,2024-05-09,Completed,Not Cancelled,411037.0,SM-004,2023-01-10,2023-10-14,2024-01-12,3.6,14,12,0,0,240
REN0918,2024-05-02,CUST534,Home Care,Bibwewadi,Commode Chair,Mobility Equipment,21,100,2100,1000,450,31,UPI,Returned,Excellent,4.5,2024-05-23,2024-04-24,2024-05-02,2024-05-23,2024-05-23,Completed,Not Cancelled,411038.0,CC-008,2024-10-02,2026-06-23,2026-12-20,1.8,10,9,0,0,2100
REN0919,2026-05-30,CUST075,Home Care,Chinchwad,Oxygen Concentrator,Respiratory Equipment,7,280,1960,4200,100,95,UPI,Returned,Excellent,3.0,2026-06-06,2026-05-18,2026-05-30,2026-06-06,2026-06-06,Completed,Not Cancelled,411028.0,OC-007,2022-03-01,2024-09-16,2025-01-14,4.4,16,7,0,0,1960
REN0920,2025-01-11,CUST226,Individual Patient,Koregaon Park,Nebulizer,Respiratory Equipment,10,70,700,1190,100,7,UPI,Returned,Good,4.5,2025-01-21,2025-01-02,2025-01-11,2025-01-21,2025-01-21,Completed,Not Cancelled,411042.0,NB-004,2022-09-18,2023-08-03,2023-12-01,3.9,12,7,0,0,700
REN0921,2024-10-06,CUST265,Home Care,Hinjawadi,Wheelchair,Mobility Equipment,7,160,1120,3520,550,52,Debit Card,Active,Good,5.0,,2024-10-01,2024-10-06,2024-10-13,,Confirmed,Not Cancelled,411038.0,WC-010,2022-10-28,2026-07-19,2027-01-15,3.8,20,16,0,0,1120
REN0922,2025-04-11,CUST345,Home Care,Koregaon Park,Oxygen Concentrator,Respiratory Equipment,7,290,2030,5220,100,71,UPI,Returned,Good,4.5,2025-04-18,2025-03-28,2025-04-11,2025-04-18,2025-04-18,Completed,Not Cancelled,411047.0,OC-013,2023-06-29,2024-03-06,2025-03-06,3.1,16,10,0,0,2030
REN0923,2025-09-13,CUST490,Hospital,Shivajinagar,Oxygen Concentrator,Respiratory Equipment,14,290,4060,3480,250,77,UPI,Returned,Good,,2025-09-27,2025-09-04,2025-09-13,2025-09-27,2025-09-27,Completed,Not Cancelled,411047.0,OC-003,2024-12-09,2025-07-09,2026-07-09,1.6,16,10,0,0,4060
REN0924,2026-06-24,CUST252,Home Care,Wanowrie,Surgical Loupe,Surgical Equipment,3,240,720,2880,500,43,Bank Transfer,Returned,Fair,4.5,2026-06-27,2026-06-14,2026-06-24,2026-06-27,2026-06-27,Completed,Not Cancelled,411043.0,SL-007,2025-04-06,2025-11-22,2026-05-21,1.3,7,6,0,0,720
REN0925,2024-09-23,CUST182,Individual Patient,Vishrantwadi,Wheelchair,Mobility Equipment,3,160,480,2240,150,23,UPI,Returned,Excellent,4.5,2024-09-26,2024-09-21,2024-09-23,2024-09-26,2024-09-26,Completed,Not Cancelled,411009.0,WC-017,2022-04-22,2026-03-30,2026-07-28,4.3,20,14,0,0,480
REN0926,2026-05-28,CUST196,Individual Patient,Wanowrie,Hospital Bed,Patient Care Equipment,21,370,7770,5550,350,106,Credit Card,Returned,Good,4.5,2026-06-18,2026-05-20,2026-05-28,2026-06-18,2026-06-18,Completed,Not Cancelled,411052.0,HB-001,2024-10-28,2025-07-27,2025-11-24,1.8,23,15,0,0,7770
REN0927,2024-01-26,CUST254,Home Care,Dhankawadi,Walker,Mobility Equipment,21,70,1470,770,150,3,Credit Card,Active,Good,5.0,,2024-01-25,2024-01-26,2024-02-16,,Confirmed,Not Cancelled,411045.0,WK-002,2024-03-18,2025-12-13,2026-06-11,2.4,7,7,0,0,1470
REN0928,2025-06-11,CUST318,Home Care,Chinchwad,Wheelchair,Mobility Equipment,14,160,2240,3200,400,32,Credit Card,Active,Good,5.0,,2025-06-08,2025-06-11,2025-06-25,,Confirmed,Not Cancelled,411046.0,WC-009,2024-08-16,2024-11-16,2025-11-16,2.0,20,14,0,0,2240
REN0929,2025-08-18,CUST223,Home Care,Koregaon Park,Infusion Pump,Critical Care Equipment,30,330,9900,3300,450,18,Bank Transfer,Returned,Good,4.5,2025-09-17,2025-08-17,2025-08-18,2025-09-17,2025-09-17,Completed,Not Cancelled,411043.0,IP-009,2024-05-29,2025-01-24,2026-01-24,2.2,10,6,0,0,9900
REN0930,2024-04-15,CUST130,Home Care,Baner,BiPAP Machine,Respiratory Equipment,14,530,7420,5300,200,59,UPI,Returned,Good,4.5,2024-04-29,2024-04-07,2024-04-15,2024-04-29,2024-04-29,Completed,Not Cancelled,411040.0,BP-003,2022-01-03,2023-01-31,2024-01-31,4.6,11,9,0,0,7420
REN0931,2024-05-17,CUST020,Individual Patient,Chinchwad,Patient Monitor,Monitoring Equipment,5,620,3100,6820,250,162,Bank Transfer,Returned,Good,5.0,2024-05-22,2024-05-16,2024-05-17,2024-05-22,2024-05-22,Completed,Not Cancelled,411042.0,PM-003,2022-02-04,2022-07-21,2023-01-17,4.5,13,9,0,0,3100
REN0932,2025-02-02,CUST257,Clinic,Hinjawadi,Nebulizer,Respiratory Equipment,10,80,800,880,350,22,Credit Card,Returned,Good,4.5,2025-02-12,2025-01-28,2025-02-02,2025-02-12,2025-02-12,Completed,Not Cancelled,411009.0,NB-008,2022-12-18,2025-07-25,2026-07-25,3.6,12,11,0,0,800
REN0933,2026-07-03,CUST447,Clinic,Koregaon Park,Nebulizer,Respiratory Equipment,14,80,1120,1360,500,25,UPI,Returned,Good,4.5,2026-07-17,2026-06-26,2026-07-03,2026-07-17,2026-07-17,Completed,Not Cancelled,411057.0,NB-008,2022-12-18,2025-07-25,2026-07-25,3.6,12,10,0,0,1120
REN0934,2025-07-17,CUST341,Individual Patient,Hadapsar,Hospital Bed,Patient Care Equipment,14,360,5040,7200,350,93,Debit Card,Returned,Good,3.5,2025-07-31,2025-07-14,2025-07-17,2025-07-31,2025-07-31,Completed,Not Cancelled,411048.0,HB-016,2023-09-12,2024-11-01,2025-11-01,2.9,23,19,0,0,5040
REN0935,2026-06-04,CUST351,Individual Patient,Viman Nagar,Surgical Loupe,Surgical Equipment,7,240,1680,5280,450,59,Bank Transfer,Returned,Good,3.5,2026-06-11,2026-05-31,2026-06-04,2026-06-11,2026-06-11,Completed,Not Cancelled,411057.0,SL-003,2025-07-17,2026-01-20,2027-01-20,1.0,7,7,0,0,1680
REN0936,2026-02-01,CUST474,Individual Patient,Pimpri,Walker,Mobility Equipment,14,70,980,1400,300,23,Debit Card,Returned,Good,4.5,2026-02-15,2026-01-21,2026-02-01,2026-02-15,2026-02-15,Completed,Not Cancelled,411046.0,WK-002,2024-03-18,2025-12-13,2026-06-11,2.4,7,7,0,0,980
REN0937,2025-03-22,CUST494,Clinic,Hadapsar,Surgical Headlight,Surgical Equipment,1,200,200,3600,150,40,Bank Transfer,Returned,Good,5.0,2025-03-23,2025-03-11,2025-03-22,2025-03-23,2025-03-23,Completed,Not Cancelled,411027.0,SH-002,2022-07-07,2023-03-12,2023-06-10,4.1,8,6,0,0,200
REN0938,2026-01-12,CUST136,Home Care,Vishrantwadi,Suction Machine,Surgical Equipment,7,260,1820,4420,600,62,UPI,Active,Good,4.0,,2026-01-02,2026-01-12,2026-01-19,,Confirmed,Not Cancelled,411028.0,SM-005,2023-02-15,2024-02-13,2025-02-12,3.5,14,13,0,0,1820
REN0939,2024-01-19,CUST374,Home Care,Wakad,Fowler Bed,Patient Care Equipment,10,430,4300,6020,500,132,Credit Card,Returned,Good,5.0,2024-01-29,2024-01-10,2024-01-19,2024-01-29,2024-01-29,Completed,Not Cancelled,411052.0,FB-001,2023-08-15,2025-12-12,2026-06-10,3.0,15,15,0,0,4300
REN0940,2024-04-18,CUST348,Home Care,Camp,Patient Monitor,Monitoring Equipment,45,640,28800,9600,100,176,UPI,Returned,Fair,5.0,2024-06-02,2024-04-15,2024-04-18,2024-06-02,2024-06-02,Completed,Not Cancelled,411015.0,PM-008,2023-02-24,2024-12-23,2025-06-21,3.4,13,12,0,0,28800
REN0941,2026-02-26,CUST408,Home Care,Viman Nagar,Hospital Bed,Patient Care Equipment,10,380,3800,7980,250,105,UPI,Cancelled,Good,5.0,,2026-02-25,2026-02-26,,,Cancelled,Cancelled,411043.0,,,,,,23,23,0,1,3800
REN0942,2026-01-24,CUST600,Individual Patient,Chinchwad,Fowler Bed,Patient Care Equipment,5,420,2100,4620,300,85,UPI,Returned,Good,5.0,2026-01-29,2026-01-19,2026-01-24,2026-01-29,2026-01-29,Completed,Not Cancelled,411045.0,FB-007,2022-07-03,2023-06-21,2023-10-19,4.1,15,15,0,0,2100
REN0943,2024-08-05,CUST215,Clinic,Bibwewadi,Suction Machine,Surgical Equipment,1,270,270,5400,100,54,UPI,Returned,Good,4.0,2024-08-06,2024-07-24,2024-08-05,2024-08-06,2024-08-06,Completed,Not Cancelled,411014.0,SM-002,2023-03-01,2023-10-28,2024-04-25,3.4,14,13,0,0,270
REN0944,2025-05-21,CUST107,Clinic,Pimpri,BiPAP Machine,Respiratory Equipment,7,500,3500,10000,550,119,UPI,Returned,Good,4.0,2025-05-28,2025-05-18,2025-05-21,2025-05-28,2025-05-28,Completed,Not Cancelled,411008.0,BP-001,2024-10-27,2025-12-27,2026-03-27,1.8,11,11,0,0,3500
REN0945,2025-07-25,CUST491,Home Care,Wakad,Oxygen Concentrator,Respiratory Equipment,7,300,2100,3000,150,76,Debit Card,Returned,Good,3.5,2025-08-01,2025-07-23,2025-07-25,2025-08-01,2025-08-01,Completed,Not Cancelled,411007.0,OC-012,2022-09-21,2025-04-21,2025-10-18,3.9,16,14,0,0,2100
REN0946,2026-04-05,CUST262,Individual Patient,Baner,Fowler Bed,Patient Care Equipment,10,440,4400,5720,200,90,UPI,Returned,Excellent,4.5,2026-04-15,2026-03-27,2026-04-05,2026-04-15,2026-04-15,Completed,Not Cancelled,411047.0,FB-008,2023-01-30,2026-07-02,2027-07-02,3.5,15,10,0,0,4400
REN0947,2025-07-23,CUST225,Individual Patient,Aundh,Suction Machine,Surgical Equipment,5,250,1250,3500,250,22,Credit Card,Returned,Fair,3.0,2025-07-28,2025-07-16,2025-07-23,2025-07-28,2025-07-28,Completed,Not Cancelled,411027.0,SM-013,2022-07-24,2024-05-07,2025-05-07,4.0,14,12,0,0,1250
REN0948,2025-01-26,CUST318,Individual Patient,Koregaon Park,CPAP Machine,Respiratory Equipment,30,330,9900,6930,600,36,Bank Transfer,Returned,Good,5.0,2025-02-25,2025-01-22,2025-01-26,2025-02-25,2025-02-25,Completed,Not Cancelled,411015.0,CP-012,2025-05-31,2025-12-09,2026-04-08,1.2,19,17,0,0,9900
REN0949,2024-12-18,CUST257,Individual Patient,Pimpri,Ventilator,Critical Care Equipment,14,1120,15680,16800,200,210,Credit Card,Returned,Good,5.0,2025-01-01,2024-12-07,2024-12-18,2025-01-01,2025-01-01,Completed,Not Cancelled,411057.0,VT-002,2024-07-09,2026-04-04,2026-08-02,2.1,8,7,0,0,15680
REN0950,2025-02-09,CUST162,Home Care,Viman Nagar,Nebulizer,Respiratory Equipment,3,70,210,1400,300,7,UPI,Returned,Excellent,4.0,2025-02-12,2025-02-02,2025-02-09,2025-02-12,2025-02-12,Completed,Not Cancelled,,NB-006,2024-09-04,2025-08-23,2026-02-19,1.9,12,10,1,0,210
REN0951,2025-09-03,CUST269,Clinic,Shivajinagar,Hospital Bed,Patient Care Equipment,30,330,9900,5610,450,55,Credit Card,Returned,Good,4.5,2025-10-03,2025-08-22,2025-09-03,2025-10-03,2025-10-03,Completed,Not Cancelled,411007.0,HB-022,2022-10-26,2023-05-17,2024-05-16,3.8,23,19,0,0,9900
REN0952,2026-04-05,CUST245,Diagnostic Center,Shivajinagar,Hospital Bed,Patient Care Equipment,45,380,17100,4180,150,29,Bank Transfer,Active,Good,4.5,,2026-04-01,2026-04-05,2026-05-20,,Confirmed,Not Cancelled,411028.0,HB-021,2025-06-17,2026-06-19,2026-12-16,1.1,23,5,0,0,17100
REN0953,2025-03-09,CUST351,Hospital,Camp,BiPAP Machine,Respiratory Equipment,14,580,8120,10440,100,45,Debit Card,Returned,Excellent,5.0,2025-03-23,2025-03-04,2025-03-09,2025-03-23,2025-03-23,Completed,Not Cancelled,411038.0,BP-004,2024-06-27,,2026-02-23,2.1,11,9,0,0,8120
REN0954,2024-08-18,CUST327,Hospital,Viman Nagar,CPAP Machine,Respiratory Equipment,7,340,2380,6120,150,102,UPI,Returned,Good,5.0,2024-08-25,2024-08-17,2024-08-18,2024-08-25,2024-08-25,Completed,Not Cancelled,411038.0,CP-011,2025-03-04,2025-12-26,2026-12-26,1.4,19,17,0,0,2380
REN0955,2024-08-09,CUST091,Individual Patient,Shivajinagar,ECG Machine,Diagnostic Equipment,1,530,530,11130,200,108,UPI,Active,Good,4.0,,2024-08-05,2024-08-09,2024-08-10,,Confirmed,Not Cancelled,411047.0,ECG-001,2025-06-16,2025-11-07,2026-02-05,1.1,9,7,0,0,530
REN0956,2025-12-04,CUST244,Individual Patient,Dhankawadi,Wheelchair,Mobility Equipment,3,160,480,3360,250,45,Credit Card,Active,Good,4.0,,2025-12-02,2025-12-04,2025-12-07,,Confirmed,Not Cancelled,411048.0,WC-017,2022-04-22,2026-03-30,2026-07-28,4.3,20,11,0,0,480
REN0957,2026-02-13,CUST146,Home Care,Erandwane,Hospital Bed,Patient Care Equipment,14,350,4900,5950,600,12,UPI,Returned,Good,5.0,2026-02-27,2026-02-12,2026-02-13,2026-02-27,2026-02-27,Completed,Not Cancelled,411007.0,HB-008,2024-07-02,2025-07-25,2026-01-21,2.1,23,15,0,0,4900
REN0958,2024-04-14,CUST051,Individual Patient,Aundh,CPAP Machine,Respiratory Equipment,14,390,5460,8190,600,47,Bank Transfer,Returned,Fair,3.5,2024-04-28,2024-04-11,2024-04-14,2024-04-28,2024-04-28,Completed,Not Cancelled,411027.0,CP-001,2022-11-27,2025-01-06,2025-04-06,3.7,19,15,0,0,5460
REN0959,2024-03-08,CUST031,Home Care,Bibwewadi,Nebulizer,Respiratory Equipment,30,80,2400,880,400,3,Bank Transfer,Returned,Good,5.0,2024-04-07,2024-03-03,2024-03-08,2024-04-07,2024-04-07,Completed,Not Cancelled,411043.0,NB-009,2025-06-25,2025-08-24,2025-12-22,1.1,12,11,0,0,2400
REN0960,2025-07-15,CUST338,Clinic,Dhankawadi,Ventilator,Critical Care Equipment,10,1090,10900,18530,600,34,Bank Transfer,Returned,Good,3.5,2025-07-25,2025-07-12,2025-07-15,2025-07-25,2025-07-25,Completed,Not Cancelled,411007.0,VT-008,2025-06-28,2025-09-10,2026-03-09,1.1,8,8,0,0,10900
REN0961,2024-05-22,CUST180,Individual Patient,Aundh,Infusion Pump,Critical Care Equipment,10,300,3000,5100,100,12,Cash,Returned,Good,4.5,2024-06-01,2024-05-20,2024-05-22,2024-06-01,2024-06-01,Completed,Not Cancelled,411042.0,IP-007,2023-02-08,2024-04-26,2024-08-24,3.5,10,10,0,0,3000
REN0962,2026-02-22,CUST249,Individual Patient,Pimpri,Fowler Bed,Patient Care Equipment,21,410,8610,4920,400,81,Credit Card,Returned,Good,4.5,2026-03-15,2026-02-17,2026-02-22,2026-03-15,2026-03-15,Completed,Not Cancelled,411008.0,FB-014,2023-07-25,2025-06-16,2025-10-14,3.0,15,8,0,0,8610
REN0963,2024-10-16,CUST234,Individual Patient,Shivajinagar,ECG Machine,Diagnostic Equipment,7,540,3780,9180,300,32,Debit Card,Returned,Good,5.0,2024-10-23,2024-10-14,2024-10-16,2024-10-23,2024-10-23,Completed,Not Cancelled,411042.0,ECG-005,2022-01-24,2022-08-13,2022-12-11,4.5,9,9,0,0,3780
REN0964,2024-05-20,CUST307,Diagnostic Center,Dhankawadi,Hospital Bed,Patient Care Equipment,14,360,5040,6480,150,103,Bank Transfer,Returned,Good,3.5,2024-06-03,2024-05-19,2024-05-20,2024-06-03,2024-06-03,Completed,Not Cancelled,411008.0,HB-017,2022-03-17,2026-02-27,2026-08-26,4.4,23,19,0,0,5040
REN0965,2026-05-24,CUST525,Home Care,Shivajinagar,Patient Monitor,Monitoring Equipment,3,610,1830,9150,400,119,UPI,Returned,Good,5.0,2026-05-27,2026-05-11,2026-05-24,2026-05-27,2026-05-27,Completed,Not Cancelled,411046.0,PM-005,2024-05-27,2025-01-13,2025-05-13,2.2,13,8,0,0,1830
REN0966,2024-06-08,CUST222,Home Care,Dhankawadi,Walker,Mobility Equipment,21,70,1470,1260,350,8,Bank Transfer,Returned,Good,5.0,2024-06-29,2024-06-03,2024-06-08,2024-06-29,2024-06-29,Completed,Not Cancelled,411038.0,WK-001,2023-09-04,2024-11-20,2025-03-20,2.9,7,6,0,0,1470
REN0967,2024-09-21,CUST356,Home Care,Chinchwad,CPAP Machine,Respiratory Equipment,7,390,2730,7410,500,116,Bank Transfer,Returned,Excellent,5.0,2024-09-28,2024-09-11,2024-09-21,2024-09-28,2024-09-28,Completed,Not Cancelled,411058.0,CP-018,2022-12-12,2023-08-05,2024-08-04,3.6,19,16,0,0,2730
REN0968,2024-05-29,CUST498,Hospital,Vishrantwadi,Ventilator,Critical Care Equipment,3,1080,3240,18360,300,209,Cash,Returned,Good,5.0,2024-06-01,2024-05-27,2024-05-29,2024-06-01,2024-06-01,Completed,Not Cancelled,411008.0,VT-004,2023-09-08,2024-10-14,2025-04-12,2.9,8,8,0,0,3240
REN0969,2024-04-24,CUST535,Diagnostic Center,Aundh,Wheelchair,Mobility Equipment,14,140,1960,2100,300,20,UPI,Returned,Fair,5.0,2024-05-08,2024-04-19,2024-04-24,2024-05-08,2024-05-08,Completed,Not Cancelled,411052.0,WC-012,2025-04-29,2026-05-02,2027-05-02,1.3,20,18,0,0,1960
REN0970,2024-01-22,CUST312,Home Care,Hadapsar,Hospital Bed,Patient Care Equipment,7,350,2450,4550,200,74,UPI,Returned,Good,5.0,2024-01-29,2024-01-21,2024-01-22,2024-01-29,2024-01-29,Completed,Not Cancelled,411037.0,HB-004,2025-03-24,2026-06-21,2026-12-18,1.4,23,21,0,0,2450
REN0971,2024-02-26,CUST416,Clinic,Camp,Fowler Bed,Patient Care Equipment,21,420,8820,7560,350,103,Bank Transfer,Returned,Good,4.5,2024-03-18,2024-02-21,2024-02-26,2024-03-18,2024-03-18,Completed,Not Cancelled,411038.0,FB-008,2023-01-30,2026-07-02,2027-07-02,3.5,15,12,0,0,8820
REN0972,2024-06-17,CUST143,Home Care,Aundh,Surgical Headlight,Surgical Equipment,14,270,2520,3780,100,38,UPI,Returned,Fair,5.0,2024-07-01,2024-06-07,2024-06-17,2024-07-01,2024-07-01,Completed,Not Cancelled,411045.0,SH-001,2022-09-11,,2023-07-29,3.9,8,7,0,0,3780
REN0973,2024-02-24,CUST373,Hospital,Dhankawadi,Oxygen Concentrator,Respiratory Equipment,14,260,3640,4160,400,85,Bank Transfer,Returned,Excellent,5.0,2024-03-09,2024-02-13,2024-02-24,2024-03-09,2024-03-09,Completed,Not Cancelled,411043.0,OC-015,2023-09-05,2024-03-04,2024-07-02,2.9,16,13,0,0,3640
REN0974,2025-07-13,CUST013,Home Care,Hinjawadi,Commode Chair,Mobility Equipment,30,90,2700,1440,300,13,Credit Card,Returned,Good,4.5,2025-08-12,2025-07-07,2025-07-13,2025-08-12,2025-08-12,Completed,Not Cancelled,411052.0,CC-001,2024-04-22,2025-08-07,2025-11-05,2.3,10,10,0,0,2700
REN0975,2025-09-30,CUST351,Individual Patient,Bibwewadi,Wheelchair,Mobility Equipment,5,130,650,2730,250,21,UPI,Returned,Good,4.0,2025-10-05,2025-09-27,2025-09-30,2025-10-05,2025-10-05,Completed,Not Cancelled,411048.0,WC-005,2022-09-10,2026-02-09,2026-06-09,3.9,20,16,0,0,650
REN0976,2025-01-07,CUST190,Hospital,Kothrud,Nebulizer,Respiratory Equipment,5,80,400,1040,300,24,UPI,Returned,Excellent,4.0,2025-01-12,2024-12-29,2025-01-07,2025-01-12,2025-01-12,Completed,Not Cancelled,411015.0,NB-002,2025-06-20,,2026-08-27,1.1,12,9,0,0,400
REN0977,2024-10-23,CUST526,Individual Patient,Erandwane,Patient Monitor,Monitoring Equipment,30,560,16800,11200,550,131,Bank Transfer,Active,Good,5.0,,2024-10-16,2024-10-23,2024-11-22,,Confirmed,Not Cancelled,411027.0,PM-002,2024-11-14,2025-12-21,2026-04-20,1.7,13,13,0,0,16800
REN0978,2025-04-27,CUST341,Home Care,Vishrantwadi,Wheelchair,Mobility Equipment,7,150,1050,1950,450,51,UPI,Returned,Good,5.0,2025-05-04,2025-04-22,2025-04-27,2025-05-04,2025-05-04,Completed,Not Cancelled,411052.0,WC-016,2024-07-04,2025-08-17,2025-12-15,2.1,20,16,0,0,1050
REN0979,2026-04-12,CUST303,Clinic,Viman Nagar,Nebulizer,Respiratory Equipment,3,80,240,1040,550,23,Bank Transfer,Returned,Good,4.0,2026-04-15,2026-04-07,2026-04-12,2026-04-15,2026-04-15,Completed,Not Cancelled,411048.0,NB-003,2023-10-05,2025-10-07,2026-01-05,2.8,12,5,0,0,240
REN0980,2026-03-20,CUST113,Diagnostic Center,Kothrud,Nebulizer,Respiratory Equipment,7,80,560,1040,300,16,Bank Transfer,Returned,Excellent,5.0,2026-03-27,2026-03-15,2026-03-20,2026-03-27,2026-03-27,Completed,Not Cancelled,411058.0,NB-012,2022-05-08,2024-10-27,2025-04-25,4.2,12,6,0,0,560
REN0981,2024-02-14,CUST257,Individual Patient,Bibwewadi,Fowler Bed,Patient Care Equipment,14,410,5740,4100,300,96,Bank Transfer,Returned,Good,4.0,2024-02-28,2024-02-10,2024-02-14,2024-02-28,2024-02-28,Completed,Not Cancelled,411057.0,FB-004,2022-08-26,2025-11-03,2026-11-03,3.9,15,15,0,0,5740
REN0982,2024-06-23,CUST589,Hospital,Wanowrie,Wheelchair,Mobility Equipment,3,150,450,2250,100,24,UPI,Returned,Good,4.5,2024-06-26,2024-06-17,2024-06-23,2024-06-26,2024-06-26,Completed,Not Cancelled,411043.0,WC-003,2022-01-25,2024-05-16,2024-08-14,4.5,20,7,0,0,450
REN0983,2024-08-09,CUST456,Hospital,Koregaon Park,Hospital Bed,Patient Care Equipment,7,330,2310,4620,450,23,UPI,Returned,Fair,5.0,2024-08-16,2024-08-08,2024-08-09,2024-08-16,2024-08-16,Completed,Not Cancelled,411058.0,HB-018,2023-03-16,2025-07-16,2025-11-13,3.4,23,19,0,0,2310
REN0984,2024-08-20,CUST321,Home Care,Wanowrie,Ventilator,Critical Care Equipment,21,1070,22470,13910,100,171,Bank Transfer,Returned,Good,5.0,2024-09-10,2024-08-14,2024-08-20,2024-09-10,2024-09-10,Completed,Not Cancelled,411046.0,VT-007,2024-05-13,2025-03-30,2026-03-30,2.2,8,7,0,0,22470
REN0985,2025-06-26,CUST236,Clinic,Kharadi,BiPAP Machine,Respiratory Equipment,1,500,500,9500,600,60,UPI,Returned,Excellent,4.5,2025-06-27,2025-06-21,2025-06-26,2025-06-27,2025-06-27,Completed,Not Cancelled,411052.0,BP-004,2024-06-27,2025-02-23,2026-02-23,2.1,11,10,0,0,500
REN0986,2025-01-30,CUST440,Home Care,Aundh,ECG Machine,Diagnostic Equipment,21,500,10500,8000,450,123,UPI,Returned,Good,5.0,2025-02-20,2025-01-25,2025-01-30,2025-02-20,2025-02-20,Completed,Not Cancelled,411038.0,ECG-007,2025-02-25,2025-07-31,2026-07-31,1.4,9,7,0,0,10500
REN0987,2024-02-20,CUST592,Hospital,Pimpri,BiPAP Machine,Respiratory Equipment,7,520,3640,6240,350,127,Cash,Active,Excellent,5.0,,2024-02-16,2024-02-20,2024-02-27,,Confirmed,Not Cancelled,411058.0,BP-011,2025-01-04,2025-09-04,2026-09-04,1.6,11,9,0,0,3640
REN0988,2024-12-18,CUST269,Home Care,Wanowrie,ECG Machine,Diagnostic Equipment,7,500,3500,6000,450,165,UPI,Returned,Good,5.0,2024-12-25,2024-12-11,2024-12-18,2024-12-25,2024-12-25,Completed,Not Cancelled,411008.0,ECG-006,2024-08-17,2026-03-18,2026-07-16,2.0,9,9,0,0,3500
REN0989,2025-05-14,CUST309,Home Care,Viman Nagar,Wheelchair,Mobility Equipment,21,160,3360,3200,600,9,UPI,Returned,Good,5.0,2025-06-04,2025-05-09,2025-05-14,2025-06-04,2025-06-04,Completed,Not Cancelled,,WC-011,2024-06-14,2024-10-17,2025-04-15,2.1,20,16,1,0,3360
REN0990,2024-04-11,CUST379,Individual Patient,Koregaon Park,Fowler Bed,Patient Care Equipment,5,440,2200,5720,150,79,Cash,Returned,Good,4.5,2024-04-16,2024-04-09,2024-04-11,2024-04-16,2024-04-16,Completed,Not Cancelled,411058.0,FB-003,2022-09-27,2023-02-09,2023-08-08,3.8,15,11,0,0,2200
REN0991,2026-03-03,CUST379,Individual Patient,Hadapsar,BiPAP Machine,Respiratory Equipment,30,550,16500,8250,500,87,UPI,Returned,Fair,3.0,2026-04-02,2026-02-27,2026-03-03,2026-04-02,2026-04-02,Completed,Not Cancelled,411047.0,BP-008,2024-04-21,2024-11-06,2025-02-04,2.3,11,9,0,0,16500
REN0992,2024-02-22,CUST097,Clinic,Hinjawadi,Hospital Bed,Patient Care Equipment,21,340,7140,3740,550,68,UPI,Active,Good,4.0,,2024-02-21,2024-02-22,2024-03-14,,Confirmed,Not Cancelled,411057.0,HB-019,2022-04-24,2024-04-14,2025-04-14,4.3,23,14,0,0,7140
REN0993,2026-05-28,CUST231,Diagnostic Center,Camp,Wheelchair,Mobility Equipment,7,150,1050,3000,400,10,Credit Card,Returned,Good,3.5,2026-06-04,2026-05-24,2026-05-28,2026-06-04,2026-06-04,Completed,Not Cancelled,411037.0,WC-019,2023-12-24,2026-05-27,2026-08-25,2.6,20,7,0,0,1050
REN0994,2024-04-09,CUST015,Home Care,Koregaon Park,Suction Machine,Surgical Equipment,14,250,3500,3500,450,47,Bank Transfer,Active,Good,4.0,,2024-04-03,2024-04-09,2024-04-23,,Confirmed,Not Cancelled,411028.0,SM-002,2023-03-01,2023-10-28,2024-04-25,3.4,14,13,0,0,3500
REN0995,2026-03-12,CUST201,Home Care,Vishrantwadi,Infusion Pump,Critical Care Equipment,3,330,990,6270,350,79,Debit Card,Returned,Excellent,3.0,2026-03-15,2026-03-08,2026-03-12,2026-03-15,2026-03-15,Completed,Not Cancelled,411009.0,IP-004,2023-06-20,2024-08-23,2025-08-23,3.1,10,5,0,0,990
REN0996,2026-05-07,CUST426,Individual Patient,Baner,BiPAP Machine,Respiratory Equipment,3,550,1650,8250,150,72,Bank Transfer,Returned,Excellent,4.0,2026-05-10,2026-05-03,2026-05-07,2026-05-10,2026-05-10,Completed,Not Cancelled,411014.0,BP-010,2023-08-08,2025-05-07,2025-11-03,3.0,11,6,0,0,1650
REN0997,2026-07-14,CUST124,Individual Patient,Bibwewadi,Hospital Bed,Patient Care Equipment,7,340,2380,6800,600,81,Cash,Returned,Good,4.5,2026-07-21,2026-07-11,2026-07-14,2026-07-21,2026-07-21,Completed,Not Cancelled,411052.0,HB-016,2023-09-12,2024-11-01,,2.9,23,15,0,0,2380
REN0998,2026-01-30,CUST564,Individual Patient,Wanowrie,Ventilator,Critical Care Equipment,10,1030,10300,15450,250,118,UPI,Returned,Good,3.5,2026-02-09,2026-01-26,2026-01-30,2026-02-09,2026-02-09,Completed,Not Cancelled,411008.0,VT-008,2025-06-28,2025-09-10,2026-03-09,1.1,8,8,0,0,10300
REN0999,2026-01-07,CUST297,Clinic,Aundh,Wheelchair,Mobility Equipment,30,140,4200,2940,300,21,Credit Card,Active,Excellent,4.0,,2026-01-06,2026-01-07,2026-02-06,,Confirmed,Not Cancelled,411015.0,WC-012,2025-04-29,2026-05-02,2027-05-02,1.3,20,13,0,0,4200
REN1000,2025-08-26,CUST493,Hospital,Vishrantwadi,Wheelchair,Mobility Equipment,5,140,700,2660,600,45,UPI,Returned,Good,4.0,2025-08-31,2025-08-12,2025-08-26,2025-08-31,2025-08-31,Completed,Not Cancelled,411038.0,WC-005,2022-09-10,2026-02-09,,3.9,20,16,0,0,700
REN1001,2026-01-06,CUST540,Home Care,Wakad,Ventilator,Critical Care Equipment,7,1070,7490,17120,100,41,Debit Card,Returned,Good,3.5,2026-01-13,2025-12-31,2026-01-06,2026-01-13,2026-01-13,Completed,Not Cancelled,411030.0,VT-006,2023-05-13,2023-08-14,2024-02-10,3.2,8,7,0,0,7490
REN1002,2024-05-12,CUST255,Individual Patient,Vishrantwadi,Commode Chair,Mobility Equipment,30,90,2700,1440,300,11,Cash,Returned,Good,4.5,2024-06-11,2024-05-05,2024-05-12,2024-06-11,2024-06-11,Completed,Not Cancelled,411057.0,CC-001,2024-04-22,2025-08-07,2025-11-05,2.3,10,9,0,0,2700
REN1003,2025-05-25,CUST199,Hospital,Aundh,Walker,Mobility Equipment,30,70,2100,1260,400,23,UPI,Returned,Good,,2025-06-24,2025-05-23,2025-05-25,2025-06-24,2025-06-24,Completed,Not Cancelled,,WK-002,2024-03-18,2025-12-13,2026-06-11,2.4,7,5,1,0,2100
REN1004,2025-05-06,CUST407,Individual Patient,Wakad,ECG Machine,Diagnostic Equipment,1,550,550,10450,200,42,Debit Card,Returned,Fair,4.5,2025-05-07,2025-04-24,2025-05-06,2025-05-07,2025-05-07,Completed,Not Cancelled,411007.0,ECG-002,2022-10-22,2024-10-03,2025-01-31,3.8,9,7,0,0,550
REN1005,2026-03-26,CUST287,Home Care,Shivajinagar,BiPAP Machine,Respiratory Equipment,14,510,7140,9690,450,80,Credit Card,Returned,Good,4.5,2026-04-09,2026-03-20,2026-03-26,2026-04-09,2026-04-09,Completed,Not Cancelled,411027.0,BP-002,2022-07-01,2023-06-08,2023-10-06,4.1,11,7,0,0,7140
REN1006,2025-03-18,CUST251,Individual Patient,Wakad,Oxygen Concentrator,Respiratory Equipment,21,280,5880,2800,350,49,UPI,Returned,Good,5.0,2025-04-08,2025-03-13,2025-03-18,2025-04-08,2025-04-08,Completed,Not Cancelled,,OC-016,2022-05-08,2026-06-18,2026-09-16,4.2,16,15,1,0,5880
REN1007,2024-12-29,CUST140,Individual Patient,Dhankawadi,Oxygen Concentrator,Respiratory Equipment,30,300,9000,3900,200,72,Credit Card,Returned,Excellent,4.5,2025-01-28,2024-12-21,2024-12-29,2025-01-28,2025-01-28,Completed,Not Cancelled,411030.0,OC-001,2025-03-23,2025-09-09,2026-01-07,1.4,16,12,0,0,9000
REN1008,2025-08-23,CUST525,Home Care,Pimpri,Walker,Mobility Equipment,3,70,210,1050,200,16,Cash,Returned,Good,3.0,2025-08-26,2025-08-20,2025-08-23,2025-08-26,2025-08-26,Completed,Not Cancelled,411048.0,WK-006,2024-09-05,2025-05-31,,1.9,7,6,0,0,210
REN1009,2024-09-04,CUST423,Hospital,Wanowrie,Infusion Pump,Critical Care Equipment,7,310,2170,4960,250,71,UPI,Returned,Fair,4.0,2024-09-11,2024-08-23,2024-09-04,2024-09-11,2024-09-11,Completed,Not Cancelled,,IP-010,2023-02-03,2024-03-05,2024-06-03,3.5,10,9,1,0,2170
REN1010,2024-05-16,CUST183,Individual Patient,Erandwane,Oxygen Concentrator,Respiratory Equipment,14,310,4340,3410,500,103,UPI,Cancelled,Good,4.5,,2024-05-14,2024-05-16,,,Cancelled,Cancelled,411030.0,,,,,,16,16,0,1,4340
REN1011,2025-04-01,CUST295,Individual Patient,Hadapsar,CPAP Machine,Respiratory Equipment,10,380,3800,4560,350,59,Cash,Returned,Fair,4.5,2025-04-11,2025-03-22,2025-04-01,2025-04-11,2025-04-11,Completed,Not Cancelled,411043.0,CP-001,2022-11-27,2025-01-06,2025-04-06,3.7,19,17,0,0,3800
REN1012,2025-01-31,CUST026,Individual Patient,Chinchwad,Oxygen Concentrator,Respiratory Equipment,7,280,1960,4480,500,52,UPI,Returned,Fair,,2025-02-07,2025-01-18,2025-01-31,2025-02-07,2025-02-07,Completed,Not Cancelled,411043.0,OC-007,2022-03-01,2024-09-16,2025-01-14,4.4,16,15,0,0,1960
REN1013,2024-08-05,CUST331,Clinic,Erandwane,Oxygen Concentrator,Respiratory Equipment,7,300,2100,4500,450,102,Credit Card,Cancelled,Fair,,,2024-07-31,2024-08-05,,,Cancelled,Cancelled,411040.0,,,,,,16,16,0,1,2100
REN1014,2024-12-12,CUST258,Home Care,Viman Nagar,Infusion Pump,Critical Care Equipment,1,340,340,5780,500,24,Bank Transfer,Returned,Good,5.0,2024-12-13,2024-12-01,2024-12-12,2024-12-13,2024-12-13,Completed,Not Cancelled,411037.0,IP-002,2023-07-05,2024-03-20,2025-03-20,3.1,10,10,0,0,340
REN1015,2024-12-11,CUST189,Home Care,Chinchwad,Hospital Bed,Patient Care Equipment,14,350,4900,3500,550,117,Credit Card,Returned,Excellent,4.5,2024-12-25,2024-12-10,2024-12-11,2024-12-25,2024-12-25,Completed,Not Cancelled,411008.0,HB-002,2024-02-10,2024-08-21,2025-02-17,2.5,23,20,0,0,4900
REN1016,2024-11-01,CUST114,Home Care,Koregaon Park,CPAP Machine,Respiratory Equipment,1,340,340,6800,400,113,UPI,Returned,Excellent,5.0,2024-11-02,2024-10-25,2024-11-01,2024-11-02,2024-11-02,Completed,Not Cancelled,411008.0,CP-009,2022-05-28,2024-08-06,2025-08-06,4.2,19,15,0,0,340
REN1017,2024-12-24,CUST016,Individual Patient,Camp,Walker,Mobility Equipment,10,70,700,910,250,23,UPI,Returned,Good,4.5,2025-01-03,2024-12-20,2024-12-24,2025-01-03,2025-01-03,Completed,Not Cancelled,411008.0,WK-004,2024-03-29,2024-10-16,2025-10-16,2.3,7,7,0,0,700
REN1018,2025-10-05,CUST344,Home Care,Baner,Patient Monitor,Monitoring Equipment,21,670,14070,11390,450,34,Debit Card,Cancelled,Good,4.0,,2025-10-01,2025-10-05,,,Cancelled,Cancelled,411040.0,,,,,,13,13,0,1,14070
REN1019,2024-10-02,CUST324,Hospital,Wakad,Fowler Bed,Patient Care Equipment,7,460,3220,10120,600,99,Credit Card,Returned,Excellent,4.0,2024-10-09,2024-09-27,2024-10-02,2024-10-09,2024-10-09,Completed,Not Cancelled,411052.0,FB-008,2023-01-30,,2027-07-02,3.5,15,12,0,0,3220
REN1020,2026-06-18,CUST526,Home Care,Chinchwad,Oxygen Concentrator,Respiratory Equipment,3,280,840,3920,250,84,Bank Transfer,Returned,Fair,4.0,2026-06-21,2026-06-11,2026-06-18,2026-06-21,2026-06-21,Completed,Not Cancelled,411008.0,OC-008,2022-01-13,2023-05-05,2023-08-03,4.5,16,8,0,0,840
REN1021,2026-05-20,CUST249,Home Care,Dhankawadi,Hospital Bed,Patient Care Equipment,10,390,3900,5460,350,51,Debit Card,Returned,Excellent,4.0,2026-05-30,2026-05-13,2026-05-20,2026-05-30,2026-05-30,Completed,Not Cancelled,411008.0,HB-010,2022-05-26,2023-11-28,2024-05-26,4.2,23,16,0,0,3900
REN1022,2025-04-04,CUST425,Individual Patient,Dhankawadi,Wheelchair,Mobility Equipment,1,150,150,1950,550,33,UPI,Returned,Good,5.0,2025-04-05,2025-04-01,2025-04-04,2025-04-05,2025-04-05,Completed,Not Cancelled,411045.0,WC-018,2024-03-18,2025-03-11,2026-03-11,2.4,20,16,0,0,150
REN1023,2024-11-02,CUST303,Hospital,Erandwane,Hospital Bed,Patient Care Equipment,7,370,2590,6660,400,41,Debit Card,Active,Excellent,4.5,,2024-10-29,2024-11-02,2024-11-09,,Confirmed,Not Cancelled,411040.0,HB-006,2023-04-29,2023-10-02,2024-01-30,3.3,23,20,0,0,2590
REN1024,2025-05-25,CUST574,Clinic,Kharadi,Hospital Bed,Patient Care Equipment,7,360,2520,7920,150,26,Bank Transfer,Returned,Good,4.0,2025-06-01,2025-05-22,2025-05-25,2025-06-01,2025-06-01,Completed,Not Cancelled,411028.0,HB-001,2024-10-28,,2025-11-24,1.8,23,21,0,0,2520
REN1025,2026-03-17,CUST524,Hospital,Kothrud,Wheelchair,Mobility Equipment,1,160,160,2720,250,48,Cash,Returned,Good,4.5,2026-03-18,2026-03-10,2026-03-17,2026-03-18,2026-03-18,Completed,Not Cancelled,411007.0,WC-009,2024-08-16,2024-11-16,2025-11-16,2.0,20,12,0,0,160
REN1026,2025-09-04,CUST205,Individual Patient,Hadapsar,Oxygen Concentrator,Respiratory Equipment,14,290,4060,3480,200,100,UPI,Returned,Excellent,4.5,2025-09-18,2025-09-02,2025-09-04,2025-09-18,2025-09-18,Completed,Not Cancelled,411048.0,OC-016,2022-05-08,2026-06-18,2026-09-16,4.2,16,13,0,0,4060
REN1027,2026-02-01,CUST378,Hospital,Baner,Hospital Bed,Patient Care Equipment,3,350,1050,7700,350,18,UPI,Returned,Excellent,4.0,2026-02-04,2026-01-27,2026-02-01,2026-02-04,2026-02-04,Completed,Not Cancelled,411045.0,HB-002,2024-02-10,2024-08-21,2025-02-17,2.5,23,18,0,0,1050
REN1028,2025-05-22,CUST247,Hospital,Erandwane,Walker,Mobility Equipment,14,70,980,700,600,5,Bank Transfer,Returned,Excellent,3.0,2025-06-05,2025-05-09,2025-05-22,2025-06-05,2025-06-05,Completed,Not Cancelled,411042.0,WK-005,2023-08-31,2024-06-28,2025-06-28,2.9,7,6,0,0,980
REN1029,2025-08-17,CUST217,Home Care,Chinchwad,Hospital Bed,Patient Care Equipment,14,350,4900,5250,550,76,Debit Card,Returned,Good,5.0,2025-08-31,2025-08-03,2025-08-17,2025-08-31,2025-08-31,Completed,Not Cancelled,411015.0,HB-021,2025-06-17,2026-06-19,,1.1,23,19,0,0,4900
REN1030,2024-09-24,CUST352,Individual Patient,Erandwane,CPAP Machine,Respiratory Equipment,3,340,1020,3740,600,20,Cash,Returned,Good,4.0,2024-09-27,2024-09-18,2024-09-24,2024-09-27,2024-09-27,Completed,Not Cancelled,411057.0,CP-017,2023-04-05,2024-11-08,2025-11-08,3.3,19,16,0,0,1020
REN1031,2025-11-23,CUST537,Hospital,Hinjawadi,Infusion Pump,Critical Care Equipment,10,300,3000,3000,500,70,UPI,Cancelled,Excellent,5.0,,2025-11-20,2025-11-23,,,Cancelled,Cancelled,411008.0,,,,,,10,10,0,1,3000
REN1032,2024-07-11,CUST205,Individual Patient,Aundh,Hospital Bed,Patient Care Equipment,10,360,3600,7920,350,94,Credit Card,Active,Good,3.0,,2024-07-04,2024-07-11,2024-07-21,,Confirmed,Not Cancelled,411046.0,HB-015,2023-12-19,2025-01-01,2025-04-01,2.6,23,12,0,0,3600
REN1033,2025-10-14,CUST028,Hospital,Hadapsar,Fowler Bed,Patient Care Equipment,10,430,4300,4730,450,70,UPI,Returned,Fair,4.5,2025-10-24,2025-10-09,2025-10-14,2025-10-24,2025-10-24,Completed,Not Cancelled,411046.0,FB-004,2022-08-26,2025-11-03,2026-11-03,3.9,15,10,0,0,4300
REN1034,2026-03-29,CUST012,Individual Patient,Vishrantwadi,ECG Machine,Diagnostic Equipment,30,480,14400,10080,350,131,Bank Transfer,Active,Fair,4.5,,2026-03-28,2026-03-29,2026-04-28,,Confirmed,Not Cancelled,411046.0,ECG-004,2022-05-09,2024-04-30,2025-04-30,4.2,9,5,0,0,14400
REN1035,2024-05-09,CUST460,Individual Patient,Hadapsar,Patient Monitor,Monitoring Equipment,45,620,27900,10540,100,41,Debit Card,Returned,Fair,3.5,2024-06-23,2024-04-25,2024-05-09,2024-06-23,2024-06-23,Completed,Not Cancelled,411043.0,PM-013,2023-07-23,2024-09-22,2025-03-21,3.0,13,10,0,0,27900
REN1036,2025-08-01,CUST379,Home Care,Aundh,Wheelchair,Mobility Equipment,7,150,1050,2100,150,19,Bank Transfer,Returned,Fair,4.5,2025-08-08,2025-07-28,2025-08-01,2025-08-08,2025-08-08,Completed,Not Cancelled,411028.0,WC-011,2024-06-14,2024-10-17,2025-04-15,2.1,20,16,0,0,1050
REN1037,2024-04-05,CUST260,Hospital,Vishrantwadi,Nebulizer,Respiratory Equipment,7,80,560,1680,400,23,UPI,Returned,Good,4.5,2024-04-12,2024-04-01,2024-04-05,2024-04-12,2024-04-12,Completed,Not Cancelled,411038.0,NB-001,2024-01-01,2024-11-22,2025-05-21,2.6,12,8,0,0,560
REN1038,2025-11-13,CUST231,Clinic,Wakad,BiPAP Machine,Respiratory Equipment,7,580,4060,5800,450,34,Cash,Returned,Good,,2025-11-20,2025-11-07,2025-11-13,2025-11-20,2025-11-20,Completed,Not Cancelled,411037.0,BP-004,2024-06-27,2025-02-23,2026-02-23,2.1,11,10,0,0,4060
REN1039,2024-03-26,CUST594,Home Care,Wanowrie,CPAP Machine,Respiratory Equipment,30,380,11400,6840,200,46,UPI,Returned,Excellent,5.0,2024-04-25,2024-03-15,2024-03-26,2024-04-25,2024-04-25,Completed,Not Cancelled,411052.0,CP-006,2022-06-19,2025-01-14,2025-04-14,4.1,19,17,0,0,11400
REN1040,2026-06-06,CUST283,Individual Patient,Aundh,Hospital Bed,Patient Care Equipment,5,400,2000,7600,100,92,Credit Card,Returned,Good,5.0,2026-06-11,2026-05-28,2026-06-06,2026-06-11,2026-06-11,Completed,Not Cancelled,411046.0,HB-021,2025-06-17,2026-06-19,2026-12-16,1.1,23,13,0,0,2000
REN1041,2024-05-14,CUST351,Home Care,Shivajinagar,Hospital Bed,Patient Care Equipment,3,340,1020,4760,100,37,Credit Card,Returned,Excellent,4.0,2024-05-17,2024-05-12,2024-05-14,2024-05-17,2024-05-17,Completed,Not Cancelled,411038.0,HB-018,2023-03-16,2025-07-16,2025-11-13,3.4,23,19,0,0,1020
REN1042,2026-06-27,CUST141,Home Care,Chinchwad,ECG Machine,Diagnostic Equipment,5,530,2650,6890,250,97,Credit Card,Returned,Good,4.5,2026-07-02,2026-06-19,2026-06-27,2026-07-02,2026-07-02,Completed,Not Cancelled,411046.0,ECG-005,2022-01-24,2022-08-13,2022-12-11,4.5,9,5,0,0,2650
REN1043,2026-01-28,CUST298,Diagnostic Center,Aundh,Oxygen Concentrator,Respiratory Equipment,3,270,810,2700,550,80,Bank Transfer,Returned,Fair,3.5,2026-01-31,2026-01-17,2026-01-28,2026-01-31,2026-01-31,Completed,Not Cancelled,411058.0,OC-014,2025-02-15,2026-03-30,2026-09-26,1.5,16,14,0,0,810
REN1044,2025-07-15,CUST298,Individual Patient,Dhankawadi,Wheelchair,Mobility Equipment,21,140,2940,1400,300,16,Credit Card,Returned,Good,3.0,2025-08-05,2025-07-07,2025-07-15,2025-08-05,2025-08-05,Completed,Not Cancelled,411045.0,WC-014,2025-07-05,2026-01-27,2026-04-27,1.1,20,15,0,0,2940
REN1045,2026-01-10,CUST349,Individual Patient,Chinchwad,Fowler Bed,Patient Care Equipment,10,470,4700,4700,600,80,UPI,Returned,Excellent,3.5,2026-01-20,2026-01-08,2026-01-10,2026-01-20,2026-01-20,Completed,Not Cancelled,411030.0,FB-010,2025-01-27,2025-09-11,2026-03-10,1.5,15,14,0,0,4700
REN1046,2026-01-22,CUST234,Home Care,Shivajinagar,Surgical Headlight,Surgical Equipment,10,170,1700,2550,550,6,UPI,Returned,Good,4.5,2026-02-01,2026-01-16,2026-01-22,2026-02-01,2026-02-01,Completed,Not Cancelled,411007.0,SH-004,2023-12-02,2026-02-21,2026-08-20,2.7,8,6,0,0,1700
REN1047,2026-06-16,CUST356,Diagnostic Center,Hadapsar,Hospital Bed,Patient Care Equipment,7,330,2310,5280,550,85,Credit Card,Returned,Excellent,4.5,2026-06-23,2026-06-06,2026-06-16,2026-06-23,2026-06-23,Completed,Not Cancelled,411052.0,HB-010,2022-05-26,2023-11-28,2024-05-26,4.2,23,16,0,0,2310
REN1048,2024-08-23,CUST540,Home Care,Wakad,Hospital Bed,Patient Care Equipment,10,330,3300,4950,600,47,Bank Transfer,Returned,Fair,4.5,2024-09-02,2024-08-21,2024-08-23,2024-09-02,2024-09-02,Completed,Not Cancelled,411007.0,HB-015,2023-12-19,2025-01-01,2025-04-01,2.6,23,20,0,0,3300
REN1049,2025-07-12,CUST544,Hospital,Hinjawadi,CPAP Machine,Respiratory Equipment,7,320,2240,6080,200,98,Credit Card,Returned,Good,5.0,2025-07-19,2025-07-06,2025-07-12,2025-07-19,2025-07-19,Completed,Not Cancelled,411040.0,CP-015,2022-06-26,2023-01-19,2023-07-18,4.1,19,13,0,0,2240
REN1050,2024-04-05,CUST172,Home Care,Wanowrie,BiPAP Machine,Respiratory Equipment,21,500,10500,7000,600,29,UPI,Returned,Good,5.0,2024-04-26,2024-03-28,2024-04-05,2024-04-26,2024-04-26,Completed,Not Cancelled,411008.0,BP-006,2023-06-13,2023-11-02,2024-04-30,3.1,11,9,0,0,10500
REN1051,2025-08-03,CUST081,Home Care,Dhankawadi,Fowler Bed,Patient Care Equipment,5,420,2100,8400,600,118,UPI,Returned,Good,4.0,2025-08-08,2025-07-27,2025-08-03,2025-08-08,2025-08-08,Completed,Not Cancelled,411052.0,FB-004,2022-08-26,2025-11-03,2026-11-03,3.9,15,13,0,0,2100
REN1052,2024-06-13,CUST444,Hospital,Koregaon Park,Surgical Headlight,Surgical Equipment,14,180,2520,3240,500,52,Bank Transfer,Returned,Good,4.0,2024-06-27,2024-06-11,2024-06-13,2024-06-27,2024-06-27,Completed,Not Cancelled,411007.0,SH-007,2022-04-06,2022-09-26,2023-01-24,4.3,8,7,0,0,2520
REN1053,2025-06-20,CUST293,Home Care,Kharadi,Hospital Bed,Patient Care Equipment,7,330,2310,7260,200,92,Credit Card,Returned,Excellent,4.5,2025-06-27,2025-06-17,2025-06-20,2025-06-27,2025-06-27,Completed,Not Cancelled,411045.0,HB-012,2022-06-28,2023-10-26,2024-02-23,4.1,23,16,0,0,2310
REN1054,2025-06-27,CUST301,Hospital,Viman Nagar,Oxygen Concentrator,Respiratory Equipment,10,300,3000,5700,250,80,Credit Card,Returned,Excellent,4.0,2025-07-07,2025-06-21,2025-06-27,2025-07-07,2025-07-07,Completed,Not Cancelled,411047.0,OC-006,2024-06-08,2024-10-26,2025-04-24,2.1,16,15,0,0,3000
REN1055,2025-03-21,CUST323,Home Care,Wakad,Oxygen Concentrator,Respiratory Equipment,21,260,5460,2860,450,28,Credit Card,Returned,Good,3.0,2025-04-11,2025-03-19,2025-03-21,2025-04-11,2025-04-11,Completed,Not Cancelled,411046.0,OC-010,2022-01-22,2023-03-21,2024-03-20,4.5,16,13,0,0,5460
REN1056,2025-05-13,CUST349,Hospital,Hadapsar,Oxygen Concentrator,Respiratory Equipment,7,280,1960,4760,100,46,UPI,Returned,Good,3.0,2025-05-20,2025-05-09,2025-05-13,2025-05-20,2025-05-20,Completed,Not Cancelled,411040.0,OC-013,2023-06-29,,2025-03-06,3.1,16,12,0,0,1960
REN1057,2025-12-22,CUST316,Hospital,Bibwewadi,Fowler Bed,Patient Care Equipment,7,430,3010,7740,550,66,UPI,Returned,Fair,4.5,2025-12-29,2025-12-17,2025-12-22,2025-12-29,2025-12-29,Completed,Not Cancelled,411042.0,FB-011,2022-05-13,2023-03-15,2023-06-13,4.2,15,13,0,0,3010
REN1058,2026-01-27,CUST355,Hospital,Koregaon Park,Commode Chair,Mobility Equipment,5,90,450,900,300,10,UPI,Returned,Excellent,4.5,2026-02-01,2026-01-26,2026-01-27,2026-02-01,2026-02-01,Completed,Not Cancelled,411040.0,CC-010,2022-12-23,2023-04-16,2023-10-13,3.6,10,9,0,0,450
REN1059,2025-04-15,CUST264,Home Care,Chinchwad,Oxygen Concentrator,Respiratory Equipment,45,290,13050,2900,100,54,Bank Transfer,Returned,Good,4.5,2025-05-30,2025-04-09,2025-04-15,2025-05-30,2025-05-30,Completed,Not Cancelled,411047.0,OC-011,2023-11-25,2025-04-03,2025-07-02,2.7,16,10,0,0,13050
REN1060,2025-07-20,CUST492,Hospital,Vishrantwadi,Nebulizer,Respiratory Equipment,21,90,1890,900,250,23,UPI,Returned,Good,5.0,2025-08-10,2025-07-06,2025-07-20,2025-08-10,2025-08-10,Completed,Not Cancelled,411008.0,NB-001,2024-01-01,2024-11-22,2025-05-21,2.6,12,12,0,0,1890
REN1061,2026-06-02,CUST274,Diagnostic Center,Wakad,Wheelchair,Mobility Equipment,14,150,2100,1800,300,27,UPI,Returned,Good,5.0,2026-06-16,2026-05-29,2026-06-02,2026-06-16,2026-06-16,Completed,Not Cancelled,411052.0,WC-009,2024-08-16,,,2.0,20,9,0,0,2100
REN1062,2024-04-28,CUST266,Home Care,Kothrud,Patient Monitor,Monitoring Equipment,3,600,1800,12600,450,205,Cash,Returned,Excellent,5.0,2024-05-01,2024-04-25,2024-04-28,2024-05-01,2024-05-01,Completed,Not Cancelled,411047.0,PM-010,2022-07-05,2026-04-25,2026-10-22,4.1,13,11,0,0,1800
REN1063,2024-04-25,CUST453,Home Care,Aundh,CPAP Machine,Respiratory Equipment,30,370,11100,4810,400,95,UPI,Returned,Excellent,4.0,2024-05-25,2024-04-22,2024-04-25,2024-05-25,2024-05-25,Completed,Not Cancelled,411058.0,CP-013,2024-04-10,2026-03-03,2027-03-03,2.3,19,15,0,0,11100
REN1064,2024-03-29,CUST374,Clinic,Pimpri,Patient Monitor,Monitoring Equipment,30,660,19800,7920,300,113,Credit Card,Returned,Excellent,4.5,2024-04-28,2024-03-23,2024-03-29,2024-04-28,2024-04-28,Completed,Not Cancelled,411008.0,PM-007,2023-09-28,2024-02-25,2024-05-25,2.8,13,12,0,0,19800
REN1065,2025-09-09,CUST379,Home Care,Koregaon Park,Hospital Bed,Patient Care Equipment,10,370,3700,5550,400,59,UPI,Returned,Excellent,4.0,2025-09-19,2025-09-04,2025-09-09,2025-09-19,2025-09-19,Completed,Not Cancelled,411015.0,HB-008,2024-07-02,2025-07-25,2026-01-21,2.1,23,19,0,0,3700
REN1066,2025-02-02,CUST204,Hospital,Wanowrie,Walker,Mobility Equipment,30,70,2100,1050,550,15,UPI,Returned,Excellent,5.0,2025-03-04,2025-01-22,2025-02-02,2025-03-04,2025-03-04,Completed,Not Cancelled,411015.0,WK-003,2024-07-22,2024-11-09,,2.0,7,6,0,0,2100
REN1067,2026-01-01,CUST356,Hospital,Koregaon Park,Surgical Headlight,Surgical Equipment,10,180,1800,3960,250,30,UPI,Returned,Good,4.5,2026-01-11,2025-12-25,2026-01-01,2026-01-11,2026-01-11,Completed,Not Cancelled,411037.0,SH-003,2023-01-16,2024-03-16,,3.5,8,8,0,0,1800
REN1068,2025-09-21,CUST260,Home Care,Pimpri,ECG Machine,Diagnostic Equipment,7,500,3500,5500,300,51,Debit Card,Returned,Good,4.0,2025-09-28,2025-09-17,2025-09-21,2025-09-28,2025-09-28,Completed,Not Cancelled,411048.0,ECG-006,2024-08-17,2026-03-18,2026-07-16,2.0,9,8,0,0,3500
REN1069,2024-11-07,CUST291,Individual Patient,Aundh,Surgical Headlight,Surgical Equipment,14,180,2520,3600,150,35,Credit Card,Returned,Good,4.5,2024-11-21,2024-11-03,2024-11-07,2024-11-21,2024-11-21,Completed,Not Cancelled,411047.0,SH-007,2022-04-06,2022-09-26,2023-01-24,4.3,8,5,0,0,2520
REN1070,2026-05-04,CUST168,Individual Patient,Kharadi,Wheelchair,Mobility Equipment,5,160,800,1920,300,39,Bank Transfer,Returned,Fair,4.5,2026-05-09,2026-04-28,2026-05-04,2026-05-09,2026-05-09,Completed,Not Cancelled,411045.0,WC-003,2022-01-25,2024-05-16,2024-08-14,4.5,20,10,0,0,800
REN1071,2025-12-20,CUST380,Home Care,Chinchwad,Fowler Bed,Patient Care Equipment,14,430,6020,6020,250,62,Cash,Returned,Good,5.0,2026-01-03,2025-12-17,2025-12-20,2026-01-03,2026-01-03,Completed,Not Cancelled,411030.0,FB-001,2023-08-15,2025-12-12,2026-06-10,3.0,15,14,0,0,6020
REN1072,2024-09-08,CUST338,Clinic,Camp,Oxygen Concentrator,Respiratory Equipment,5,270,1350,4320,500,33,UPI,Returned,Good,3.5,2024-09-13,2024-09-03,2024-09-08,2024-09-13,2024-09-13,Completed,Not Cancelled,411008.0,OC-015,2023-09-05,2024-03-04,2024-07-02,2.9,16,13,0,0,1350
REN1073,2024-12-09,CUST165,Home Care,Shivajinagar,Surgical Headlight,Surgical Equipment,21,180,3780,3960,150,18,Bank Transfer,Returned,Excellent,4.0,2024-12-30,2024-12-06,2024-12-09,2024-12-30,2024-12-30,Completed,Not Cancelled,411045.0,SH-002,2022-07-07,2023-03-12,2023-06-10,4.1,8,6,0,0,3780
REN1074,2024-10-20,CUST163,Individual Patient,Pimpri,Wheelchair,Mobility Equipment,21,150,3150,1950,400,22,UPI,Returned,Good,5.0,2024-11-10,2024-10-14,2024-10-20,2024-11-10,2024-11-10,Completed,Not Cancelled,411008.0,WC-009,2024-08-16,2024-11-16,2025-11-16,2.0,20,15,0,0,3150
REN1075,2024-06-01,CUST569,Clinic,Shivajinagar,Wheelchair,Mobility Equipment,14,130,1820,1820,500,14,Credit Card,Returned,Good,4.5,2024-06-15,2024-05-26,2024-06-01,2024-06-15,2024-06-15,Completed,Not Cancelled,411015.0,WC-005,2022-09-10,2026-02-09,2026-06-09,3.9,20,9,0,0,1820
REN1076,2024-05-23,CUST210,Home Care,Koregaon Park,BiPAP Machine,Respiratory Equipment,14,520,7280,9360,200,143,Debit Card,Returned,Excellent,4.0,2024-06-06,2024-05-13,2024-05-23,2024-06-06,2024-06-06,Completed,Not Cancelled,411037.0,BP-008,2024-04-21,2024-11-06,2025-02-04,2.3,11,10,0,0,7280
REN1077,2026-06-07,CUST541,Clinic,Wanowrie,Hospital Bed,Patient Care Equipment,3,370,1110,6660,100,87,UPI,Returned,Fair,4.5,2026-06-10,2026-06-04,2026-06-07,2026-06-10,2026-06-10,Completed,Not Cancelled,411047.0,HB-007,2023-05-24,2024-04-15,2025-04-15,3.2,23,13,0,0,1110
REN1078,2025-02-21,CUST261,Home Care,Kharadi,Nebulizer,Respiratory Equipment,10,80,800,1120,450,10,Cash,Returned,Good,4.5,2025-03-03,2025-02-10,2025-02-21,2025-03-03,2025-03-03,Completed,Not Cancelled,411043.0,NB-009,2025-06-25,2025-08-24,2025-12-22,1.1,12,8,0,0,800
REN1079,2024-12-27,CUST305,Individual Patient,Erandwane,Oxygen Concentrator,Respiratory Equipment,14,280,3920,3080,400,97,Credit Card,Active,Good,3.5,,2024-12-21,2024-12-27,2025-01-10,,Confirmed,Not Cancelled,411009.0,OC-010,2022-01-22,2023-03-21,2024-03-20,4.5,16,13,0,0,3920
REN1080,2025-11-18,CUST263,Home Care,Hadapsar,BiPAP Machine,Respiratory Equipment,30,580,17400,11600,400,137,UPI,Returned,Fair,4.0,2025-12-18,2025-11-10,2025-11-18,2025-12-18,2025-12-18,Completed,Not Cancelled,411015.0,BP-009,2022-03-07,2025-12-31,2026-06-29,4.4,11,8,0,0,17400
REN1081,2025-06-10,CUST258,Hospital,Hadapsar,Infusion Pump,Critical Care Equipment,7,340,2380,7140,550,26,UPI,Returned,Excellent,,2025-06-17,2025-06-03,2025-06-10,2025-06-17,2025-06-17,Completed,Not Cancelled,411048.0,IP-004,2023-06-20,2024-08-23,2025-08-23,3.1,10,8,0,0,2380
REN1082,2026-06-07,CUST419,Hospital,Hadapsar,Suction Machine,Surgical Equipment,14,230,3220,3910,150,68,Credit Card,Returned,Excellent,4.0,2026-06-21,2026-05-28,2026-06-07,2026-06-21,2026-06-21,Completed,Not Cancelled,411042.0,SM-007,2025-04-15,2025-08-10,2025-11-08,1.3,14,11,0,0,3220
REN1083,2026-01-07,CUST538,Clinic,Kharadi,Wheelchair,Mobility Equipment,30,140,4200,2940,200,38,Credit Card,Returned,Good,4.5,2026-02-06,2025-12-30,2026-01-07,2026-02-06,2026-02-06,Completed,Not Cancelled,411045.0,WC-008,2024-11-30,2025-04-12,2025-07-11,1.7,20,13,0,0,4200
REN1084,2025-04-03,CUST446,Diagnostic Center,Dhankawadi,Hospital Bed,Patient Care Equipment,3,340,1020,4420,350,65,UPI,Cancelled,Good,4.0,,2025-04-02,2025-04-03,,,Cancelled,Cancelled,411030.0,,,,,,23,23,0,1,1020
REN1085,2024-12-20,CUST244,Hospital,Wanowrie,Hospital Bed,Patient Care Equipment,5,330,1650,6930,400,35,Credit Card,Returned,Good,4.5,2024-12-25,2024-12-16,2024-12-20,2024-12-25,2024-12-25,Completed,Not Cancelled,411048.0,HB-004,2025-03-24,2026-06-21,2026-12-18,1.4,23,18,0,0,1650
REN1086,2026-07-20,CUST003,Hospital,Pimpri,Hospital Bed,Patient Care Equipment,3,350,1050,7000,600,101,UPI,Returned,Good,4.5,2026-07-23,2026-07-08,2026-07-20,2026-07-23,2026-07-23,Completed,Not Cancelled,411042.0,HB-020,2025-01-09,2025-06-27,2025-10-25,1.6,23,16,0,0,1050
REN1087,2025-11-05,CUST526,Individual Patient,Shivajinagar,Patient Monitor,Monitoring Equipment,21,610,12810,12810,400,43,Cash,Returned,Excellent,4.5,2025-11-26,2025-10-31,2025-11-05,2025-11-26,2025-11-26,Completed,Not Cancelled,411008.0,PM-002,2024-11-14,2025-12-21,2026-04-20,1.7,13,13,0,0,12810
REN1088,2026-06-20,CUST210,Clinic,Wanowrie,Oxygen Concentrator,Respiratory Equipment,14,300,4200,6600,200,49,UPI,Returned,Excellent,4.0,2026-07-04,2026-06-10,2026-06-20,2026-07-04,2026-07-04,Completed,Not Cancelled,411046.0,OC-004,2025-03-27,2026-06-20,2026-12-17,1.3,16,4,0,0,4200
REN1089,2024-04-27,CUST485,Hospital,Dhankawadi,Wheelchair,Mobility Equipment,3,140,420,1960,550,41,Credit Card,Returned,Excellent,4.5,2024-04-30,2024-04-16,2024-04-27,2024-04-30,2024-04-30,Completed,Not Cancelled,,WC-005,2022-09-10,2026-02-09,2026-06-09,3.9,20,18,1,0,420
REN1090,2026-03-19,CUST222,Clinic,Hinjawadi,Wheelchair,Mobility Equipment,7,150,1050,1650,300,43,Bank Transfer,Returned,Good,4.0,2026-03-26,2026-03-15,2026-03-19,2026-03-26,2026-03-26,Completed,Not Cancelled,411048.0,WC-006,2023-07-15,2024-01-01,2024-03-31,3.0,20,8,0,0,1050
REN1091,2025-08-21,CUST153,Home Care,Hinjawadi,Walker,Mobility Equipment,10,70,700,1330,550,16,Bank Transfer,Returned,Good,5.0,2025-08-31,2025-08-11,2025-08-21,2025-08-31,2025-08-31,Completed,Not Cancelled,411043.0,WK-003,2024-07-22,2024-11-09,2025-05-08,2.0,7,6,0,0,700
REN1092,2024-04-30,CUST144,Individual Patient,Dhankawadi,Hospital Bed,Patient Care Equipment,5,360,1800,6480,250,12,Debit Card,Returned,Excellent,4.0,2024-05-05,2024-04-26,2024-04-30,2024-05-05,2024-05-05,Completed,Not Cancelled,411014.0,HB-019,2022-04-24,2024-04-14,2025-04-14,4.3,23,19,0,0,1800
REN1093,2025-07-10,CUST449,Hospital,Hinjawadi,Oxygen Concentrator,Respiratory Equipment,5,280,1400,5040,500,38,Cash,Returned,Good,5.0,2025-07-15,2025-07-09,2025-07-10,2025-07-15,2025-07-15,Completed,Not Cancelled,411007.0,OC-001,2025-03-23,2025-09-09,2026-01-07,1.4,16,14,0,0,1400
REN1094,2025-10-05,CUST302,Home Care,Kothrud,Fowler Bed,Patient Care Equipment,7,390,2730,7020,350,118,UPI,Returned,Good,,2025-10-12,2025-09-27,2025-10-05,2025-10-12,2025-10-12,Completed,Not Cancelled,411008.0,FB-011,2022-05-13,2023-03-15,2023-06-13,4.2,15,10,0,0,2730
REN1095,2024-01-13,CUST237,Home Care,Camp,Hospital Bed,Patient Care Equipment,30,350,10500,3500,400,91,UPI,Returned,Good,5.0,2024-02-12,2024-01-03,2024-01-13,2024-02-12,2024-02-12,Completed,Not Cancelled,411015.0,HB-001,2024-10-28,2025-07-27,2025-11-24,1.8,23,23,0,0,10500
REN1096,2025-03-10,CUST309,Diagnostic Center,Aundh,Surgical Headlight,Surgical Equipment,5,180,900,3240,600,52,Bank Transfer,Returned,Good,5.0,2025-03-15,2025-03-05,2025-03-10,2025-03-15,2025-03-15,Completed,Not Cancelled,411009.0,SH-003,2023-01-16,2024-03-16,2024-09-12,3.5,8,7,0,0,900
REN1097,2026-02-23,CUST474,Individual Patient,Hadapsar,Hospital Bed,Patient Care Equipment,21,370,7770,5920,150,19,UPI,Returned,Good,5.0,2026-03-16,2026-02-21,2026-02-23,2026-03-16,2026-03-16,Completed,Not Cancelled,411045.0,HB-019,2022-04-24,2024-04-14,2025-04-14,4.3,23,11,0,0,7770
REN1098,2024-10-01,CUST583,Home Care,Chinchwad,BiPAP Machine,Respiratory Equipment,5,550,2750,5500,250,182,Bank Transfer,Returned,Good,4.5,2024-10-06,2024-09-24,2024-10-01,2024-10-06,2024-10-06,Completed,Not Cancelled,411014.0,BP-011,2025-01-04,2025-09-04,2026-09-04,1.6,11,10,0,0,2750
REN1099,2025-03-14,CUST387,Individual Patient,Baner,Suction Machine,Surgical Equipment,21,250,5250,5250,200,26,UPI,Returned,Fair,4.0,2025-04-04,2025-03-05,2025-03-14,2025-04-04,2025-04-04,Completed,Not Cancelled,411037.0,SM-008,2022-11-17,2026-01-26,2026-04-26,3.7,14,12,0,0,5250
REN1100,2025-02-26,CUST202,Individual Patient,Kothrud,ECG Machine,Diagnostic Equipment,10,510,5100,5100,550,70,Debit Card,Returned,Good,4.5,2025-03-08,2025-02-19,2025-02-26,2025-03-08,2025-03-08,Completed,Not Cancelled,411028.0,ECG-003,2022-12-29,2023-07-22,2024-01-18,3.6,9,8,0,0,5100
REN1101,2024-10-07,CUST271,Hospital,Shivajinagar,BiPAP Machine,Respiratory Equipment,5,580,2900,7540,550,173,Bank Transfer,Active,Good,3.0,,2024-10-03,2024-10-07,2024-10-12,,Confirmed,Not Cancelled,411045.0,BP-004,2024-06-27,2025-02-23,2026-02-23,2.1,11,10,0,0,2900
REN1102,2026-05-22,CUST453,Clinic,Hinjawadi,Commode Chair,Mobility Equipment,3,100,300,1300,550,16,Credit Card,Returned,Good,4.5,2026-05-25,2026-05-18,2026-05-22,2026-05-25,2026-05-25,Completed,Not Cancelled,411007.0,CC-003,2023-05-29,2025-12-14,2026-03-14,3.2,10,6,0,0,300
REN1103,2026-01-08,CUST289,Diagnostic Center,Chinchwad,CPAP Machine,Respiratory Equipment,30,370,11100,7400,200,87,Credit Card,Returned,Good,5.0,2026-02-07,2026-01-02,2026-01-08,2026-02-07,2026-02-07,Completed,Not Cancelled,411037.0,CP-003,2024-07-28,2025-08-19,2026-02-15,2.0,19,16,0,0,11100
REN1104,2024-04-19,CUST249,Hospital,Shivajinagar,Fowler Bed,Patient Care Equipment,10,470,4700,5170,200,97,Cash,Returned,Good,4.5,2024-04-29,2024-04-17,2024-04-19,2024-04-29,2024-04-29,Completed,Not Cancelled,411048.0,FB-005,2023-12-06,2025-12-27,2026-12-27,2.7,15,10,0,0,4700
REN1105,2026-07-29,CUST139,Hospital,Shivajinagar,Nebulizer,Respiratory Equipment,5,80,400,1120,300,25,Bank Transfer,Returned,Good,4.0,2026-08-03,2026-07-19,2026-07-29,2026-08-03,2026-08-03,Completed,Not Cancelled,411015.0,NB-002,2025-06-20,2026-04-29,2026-08-27,1.1,12,11,0,0,400
REN1106,2026-04-16,CUST342,Individual Patient,Dhankawadi,Patient Monitor,Monitoring Equipment,10,570,5700,7980,500,46,Bank Transfer,Returned,Good,5.0,2026-04-26,2026-04-14,2026-04-16,2026-04-26,2026-04-26,Completed,Not Cancelled,411048.0,PM-011,2023-07-09,2025-11-09,2026-03-09,3.1,13,7,0,0,5700
REN1107,2024-09-20,CUST377,Clinic,Kharadi,Fowler Bed,Patient Care Equipment,10,440,4400,6600,500,27,Bank Transfer,Returned,Good,3.0,2024-09-30,2024-09-15,2024-09-20,2024-09-30,2024-09-30,Completed,Not Cancelled,411014.0,FB-010,2025-01-27,2025-09-11,2026-03-10,1.5,15,13,0,0,4400
REN1108,2026-03-06,CUST380,Home Care,Viman Nagar,Wheelchair,Mobility Equipment,5,150,750,3150,600,35,UPI,Returned,Fair,5.0,2026-03-11,2026-02-24,2026-03-06,2026-03-11,2026-03-11,Completed,Not Cancelled,411046.0,WC-018,2024-03-18,2025-03-11,2026-03-11,2.4,20,11,0,0,750
REN1109,2024-04-16,CUST171,Home Care,Viman Nagar,Wheelchair,Mobility Equipment,30,130,3900,1820,500,39,UPI,Cancelled,Good,5.0,,2024-04-10,2024-04-16,,,Cancelled,Cancelled,411027.0,,,,,,20,20,0,1,3900
REN1110,2026-07-31,CUST189,Diagnostic Center,Hinjawadi,Oxygen Concentrator,Respiratory Equipment,5,270,1350,3780,600,88,UPI,Active,Good,3.5,,2026-07-22,2026-07-31,2026-08-05,,Confirmed,Not Cancelled,411030.0,OC-007,2022-03-01,2024-09-16,2025-01-14,4.4,16,11,0,0,1350
REN1111,2025-09-16,CUST078,Clinic,Kothrud,Hospital Bed,Patient Care Equipment,5,360,1800,5400,200,57,Bank Transfer,Returned,Fair,3.5,2025-09-21,2025-09-13,2025-09-16,2025-09-21,2025-09-21,Completed,Not Cancelled,411040.0,HB-007,2023-05-24,2024-04-15,2025-04-15,3.2,23,19,0,0,1800
REN1112,2025-09-01,CUST405,Home Care,Kothrud,CPAP Machine,Respiratory Equipment,3,360,1080,5400,400,95,Credit Card,Returned,Excellent,5.0,2025-09-04,2025-08-27,2025-09-01,2025-09-04,2025-09-04,Completed,Not Cancelled,411046.0,CP-011,2025-03-04,2025-12-26,2026-12-26,1.4,19,16,0,0,1080
REN1113,2024-03-31,CUST303,Hospital,Wanowrie,Hospital Bed,Patient Care Equipment,45,330,14850,7260,350,51,UPI,Returned,Excellent,3.5,2024-05-15,2024-03-23,2024-03-31,2024-05-15,2024-05-15,Completed,Not Cancelled,411040.0,HB-012,2022-06-28,2023-10-26,2024-02-23,4.1,23,19,0,0,14850
REN1114,2026-05-02,CUST245,Individual Patient,Viman Nagar,Patient Monitor,Monitoring Equipment,7,620,4340,8060,150,82,Cash,Active,Good,5.0,,2026-04-21,2026-05-02,2026-05-09,,Confirmed,Not Cancelled,411042.0,PM-006,2024-01-04,2024-06-05,2024-12-02,2.6,13,8,0,0,4340
REN1115,2024-01-30,CUST197,Individual Patient,Vishrantwadi,Nebulizer,Respiratory Equipment,7,80,560,880,600,3,UPI,Returned,Fair,4.5,2024-02-06,2024-01-23,2024-01-30,2024-02-06,2024-02-06,Completed,Not Cancelled,411027.0,NB-003,2023-10-05,2025-10-07,2026-01-05,2.8,12,10,0,0,560
REN1116,2024-08-12,CUST214,Home Care,Camp,Patient Monitor,Monitoring Equipment,7,650,4550,9750,150,72,Bank Transfer,Returned,Good,4.0,2024-08-19,2024-08-09,2024-08-12,2024-08-19,2024-08-19,Completed,Not Cancelled,411045.0,PM-001,2023-06-06,2026-05-23,2026-08-21,3.2,13,12,0,0,4550
REN1117,2024-05-19,CUST022,Home Care,Hinjawadi,BiPAP Machine,Respiratory Equipment,3,510,1530,5610,550,43,Credit Card,Returned,Excellent,4.5,2024-05-22,2024-05-17,2024-05-19,2024-05-22,2024-05-22,Completed,Not Cancelled,411008.0,BP-007,2024-05-15,2025-06-19,2026-06-19,2.2,11,10,0,0,1530
REN1118,2026-01-04,CUST183,Individual Patient,Aundh,Hospital Bed,Patient Care Equipment,5,370,1850,7400,200,43,UPI,Returned,Excellent,4.5,2026-01-09,2025-12-25,2026-01-04,2026-01-09,2026-01-09,Completed,Not Cancelled,411008.0,HB-015,2023-12-19,2025-01-01,2025-04-01,2.6,23,16,0,0,1850
REN1119,2024-07-07,CUST391,Individual Patient,Wakad,Hospital Bed,Patient Care Equipment,5,330,1650,6930,200,40,UPI,Returned,Good,4.5,2024-07-12,2024-07-01,2024-07-07,2024-07-12,2024-07-12,Completed,Not Cancelled,411014.0,HB-005,2024-08-09,2025-01-10,2025-04-10,2.0,23,15,0,0,1650
REN1120,2026-05-15,CUST385,Individual Patient,Wanowrie,BiPAP Machine,Respiratory Equipment,7,510,3570,10200,400,155,Bank Transfer,Returned,Fair,4.5,2026-05-22,2026-05-13,2026-05-15,2026-05-22,2026-05-22,Completed,Not Cancelled,411052.0,BP-004,2024-06-27,2025-02-23,,2.1,11,5,0,0,3570
REN1121,2025-09-07,CUST353,Home Care,Wanowrie,Commode Chair,Mobility Equipment,21,100,2100,2000,350,10,Bank Transfer,Returned,Fair,4.0,2025-09-28,2025-09-02,2025-09-07,2025-09-28,2025-09-28,Completed,Not Cancelled,411043.0,CC-007,2024-03-04,2024-05-09,2024-08-07,2.4,10,8,0,0,2100
REN1122,2024-02-06,CUST388,Clinic,Koregaon Park,Nebulizer,Respiratory Equipment,5,70,350,1050,300,20,UPI,Returned,Good,3.0,2024-02-11,2024-02-04,2024-02-06,2024-02-11,2024-02-11,Completed,Not Cancelled,411028.0,NB-005,2023-08-11,2025-09-26,2026-03-25,3.0,12,10,0,0,350
REN1123,2024-01-06,CUST009,Hospital,Chinchwad,BiPAP Machine,Respiratory Equipment,3,510,1530,9690,550,156,Credit Card,Returned,Good,5.0,2024-01-09,2024-01-04,2024-01-06,2024-01-09,2024-01-09,Completed,Not Cancelled,411043.0,BP-001,2024-10-27,2025-12-27,2026-03-27,1.8,11,11,0,0,1530
REN1124,2024-02-22,CUST505,Clinic,Wakad,Nebulizer,Respiratory Equipment,14,70,980,1050,450,12,Credit Card,Returned,Excellent,4.5,2024-03-07,2024-02-10,2024-02-22,2024-03-07,2024-03-07,Completed,Not Cancelled,411027.0,NB-008,2022-12-18,2025-07-25,2026-07-25,3.6,12,11,0,0,980
REN1125,2025-07-25,CUST158,Home Care,Kothrud,Nebulizer,Respiratory Equipment,14,70,980,1470,400,18,UPI,Returned,Good,4.5,2025-08-08,2025-07-19,2025-07-25,2025-08-08,2025-08-08,Completed,Not Cancelled,411046.0,NB-008,2022-12-18,2025-07-25,,3.6,12,11,0,0,980
REN1126,2026-01-29,CUST394,Hospital,Koregaon Park,Nebulizer,Respiratory Equipment,14,80,1120,960,500,11,Credit Card,Returned,Good,,2026-02-12,2026-01-26,2026-01-29,2026-02-12,2026-02-12,Completed,Not Cancelled,,NB-004,2022-09-18,2023-08-03,2023-12-01,3.9,12,11,1,0,1120
REN1127,2024-08-10,CUST123,Clinic,Baner,Nebulizer,Respiratory Equipment,5,80,400,880,500,3,Credit Card,Returned,Good,4.5,2024-08-15,2024-07-30,2024-08-10,2024-08-15,2024-08-15,Completed,Not Cancelled,411043.0,NB-001,2024-01-01,2024-11-22,2025-05-21,2.6,12,12,0,0,400
REN1128,2026-03-18,CUST339,Individual Patient,Koregaon Park,Hospital Bed,Patient Care Equipment,10,350,3500,7700,150,90,Debit Card,Returned,Excellent,4.0,2026-03-28,2026-03-04,2026-03-18,2026-03-28,2026-03-28,Completed,Not Cancelled,411015.0,HB-005,2024-08-09,2025-01-10,2025-04-10,2.0,23,16,0,0,3500
REN1129,2024-02-28,CUST192,Home Care,Viman Nagar,Hospital Bed,Patient Care Equipment,7,340,2380,4760,300,76,Bank Transfer,Returned,Fair,5.0,2024-03-06,2024-02-17,2024-02-28,2024-03-06,2024-03-06,Completed,Not Cancelled,411007.0,HB-022,2022-10-26,2023-05-17,2024-05-16,3.8,23,16,0,0,2380
REN1130,2026-01-29,CUST375,Home Care,Kharadi,Oxygen Concentrator,Respiratory Equipment,5,260,1300,3640,550,46,UPI,Returned,Good,4.5,2026-02-03,2026-01-20,2026-01-29,2026-02-03,2026-02-03,Completed,Not Cancelled,411058.0,OC-002,2023-10-02,2025-09-17,2026-03-16,2.8,16,14,0,0,1300
REN1131,2026-05-30,CUST493,Home Care,Camp,Patient Monitor,Monitoring Equipment,14,590,8260,10620,500,187,Bank Transfer,Returned,Excellent,5.0,2026-06-13,2026-05-17,2026-05-30,2026-06-13,2026-06-13,Completed,Not Cancelled,411045.0,PM-002,2024-11-14,2025-12-21,2026-04-20,1.7,13,9,0,0,8260
REN1132,2025-12-30,CUST348,Individual Patient,Vishrantwadi,Commode Chair,Mobility Equipment,5,90,450,1260,100,24,UPI,Returned,Excellent,5.0,2026-01-04,2025-12-28,2025-12-30,2026-01-04,2026-01-04,Completed,Not Cancelled,411043.0,CC-007,2024-03-04,2024-05-09,2024-08-07,2.4,10,9,0,0,450
REN1133,2025-10-17,CUST401,Individual Patient,Bibwewadi,Oxygen Concentrator,Respiratory Equipment,14,290,4060,5510,200,48,Cash,Returned,Good,,2025-10-31,2025-10-06,2025-10-17,2025-10-31,2025-10-31,Completed,Not Cancelled,411043.0,OC-001,2025-03-23,,2026-01-07,1.4,16,14,0,0,4060
REN1134,2026-03-07,CUST556,Home Care,Wanowrie,Oxygen Concentrator,Respiratory Equipment,14,290,4060,4350,200,14,Credit Card,Returned,Good,4.5,2026-03-21,2026-03-03,2026-03-07,2026-03-21,2026-03-21,Completed,Not Cancelled,411052.0,OC-015,2023-09-05,2024-03-04,2024-07-02,2.9,16,7,0,0,4060
REN1135,2024-02-11,CUST345,Hospital,Dhankawadi,Commode Chair,Mobility Equipment,14,90,1260,1800,350,28,UPI,Active,Good,,,2024-02-10,2024-02-11,2024-02-25,,Confirmed,Not Cancelled,411007.0,CC-001,2024-04-22,2025-08-07,2025-11-05,2.3,10,4,0,0,1260
REN1136,2024-07-10,CUST197,Home Care,Erandwane,Wheelchair,Mobility Equipment,3,150,450,1650,500,52,Bank Transfer,Returned,Excellent,4.0,2024-07-13,2024-07-09,2024-07-10,2024-07-13,2024-07-13,Completed,Not Cancelled,411058.0,WC-002,2024-11-25,2025-02-12,2025-06-12,1.7,20,11,0,0,450
REN1137,2024-05-03,CUST239,Individual Patient,Wanowrie,ECG Machine,Diagnostic Equipment,1,530,530,10070,350,124,UPI,Returned,Good,4.5,2024-05-04,2024-05-01,2024-05-03,2024-05-04,2024-05-04,Completed,Not Cancelled,411038.0,ECG-004,2022-05-09,2024-04-30,2025-04-30,4.2,9,8,0,0,530
REN1138,2025-04-27,CUST017,Hospital,Hadapsar,Wheelchair,Mobility Equipment,3,150,450,2100,200,41,Debit Card,Returned,Good,4.0,2025-04-30,2025-04-18,2025-04-27,2025-04-30,2025-04-30,Completed,Not Cancelled,411042.0,WC-006,2023-07-15,2024-01-01,2024-03-31,3.0,20,16,0,0,450
REN1139,2025-12-03,CUST112,Home Care,Hinjawadi,Oxygen Concentrator,Respiratory Equipment,14,300,4200,4500,400,58,Cash,Returned,Good,3.5,2025-12-17,2025-11-22,2025-12-03,2025-12-17,2025-12-17,Completed,Not Cancelled,411057.0,OC-002,2023-10-02,2025-09-17,2026-03-16,2.8,16,13,0,0,4200
REN1140,2025-08-15,CUST332,Home Care,Aundh,CPAP Machine,Respiratory Equipment,45,340,15300,7480,200,36,Bank Transfer,Cancelled,Good,4.5,,2025-08-13,2025-08-15,,,Cancelled,Cancelled,411048.0,,,,,,19,19,0,1,15300
REN1141,2026-03-20,CUST080,Home Care,Aundh,Oxygen Concentrator,Respiratory Equipment,45,270,12150,4320,450,87,Credit Card,Returned,Good,,2026-05-04,2026-03-10,2026-03-20,2026-05-04,2026-05-04,Completed,Not Cancelled,411030.0,OC-009,2024-12-24,2025-05-23,2025-11-19,1.6,16,3,0,0,12150
REN1142,2024-05-30,CUST075,Home Care,Pimpri,Hospital Bed,Patient Care Equipment,10,340,3400,3400,600,85,Credit Card,Returned,Excellent,4.0,2024-06-09,2024-05-21,2024-05-30,2024-06-09,2024-06-09,Completed,Not Cancelled,411057.0,HB-020,2025-01-09,2025-06-27,2025-10-25,1.6,23,19,0,0,3400
REN1143,2025-11-22,CUST038,Individual Patient,Bibwewadi,Wheelchair,Mobility Equipment,14,160,2240,2400,400,33,Credit Card,Returned,Good,4.5,2025-12-06,2025-11-21,2025-11-22,2025-12-06,2025-12-06,Completed,Not Cancelled,411008.0,WC-009,2024-08-16,2024-11-16,2025-11-16,2.0,20,19,0,0,2240
REN1144,2024-07-03,CUST377,Home Care,Koregaon Park,Oxygen Concentrator,Respiratory Equipment,30,260,7800,3380,600,65,UPI,Returned,Excellent,3.5,2024-08-02,2024-06-24,2024-07-03,2024-08-02,2024-08-02,Completed,Not Cancelled,411014.0,OC-005,2024-02-15,2026-06-16,2026-10-14,2.5,16,14,0,0,7800
REN1145,2024-09-08,CUST248,Home Care,Dhankawadi,Oxygen Concentrator,Respiratory Equipment,45,300,13500,4800,350,58,Cash,Returned,Excellent,3.5,2024-10-23,2024-09-07,2024-09-08,2024-10-23,2024-10-23,Completed,Not Cancelled,411015.0,OC-005,2024-02-15,2026-06-16,2026-10-14,2.5,16,13,0,0,13500
REN1146,2025-10-29,CUST145,Diagnostic Center,Vishrantwadi,Commode Chair,Mobility Equipment,30,90,2700,1080,500,4,UPI,Returned,Fair,,2025-11-28,2025-10-26,2025-10-29,2025-11-28,2025-11-28,Completed,Not Cancelled,411027.0,CC-009,2025-02-05,2026-03-20,2026-07-18,1.5,10,9,0,0,2700
REN1147,2026-07-15,CUST217,Clinic,Vishrantwadi,Hospital Bed,Patient Care Equipment,3,390,1170,7020,600,94,UPI,Returned,Good,4.5,2026-07-18,2026-07-09,2026-07-15,2026-07-18,2026-07-18,Completed,Not Cancelled,411045.0,HB-004,2025-03-24,,2026-12-18,1.4,23,14,0,0,1170
REN1148,2025-07-30,CUST229,Home Care,Hadapsar,CPAP Machine,Respiratory Equipment,3,360,1080,4680,150,11,UPI,Active,Excellent,5.0,,2025-07-19,2025-07-30,2025-08-02,,Confirmed,Not Cancelled,411037.0,CP-014,2024-05-28,2026-03-24,2027-03-24,2.2,19,14,0,0,1080
REN1149,2024-02-25,CUST274,Individual Patient,Wakad,Hospital Bed,Patient Care Equipment,45,340,15300,5440,450,34,Cash,Returned,Excellent,4.0,2024-04-10,2024-02-23,2024-02-25,2024-04-10,2024-04-10,Completed,Not Cancelled,411052.0,HB-020,2025-01-09,2025-06-27,2025-10-25,1.6,23,14,0,0,15300
REN1150,2025-08-03,CUST007,Individual Patient,Wakad,Walker,Mobility Equipment,14,70,980,1540,200,6,Cash,Returned,Good,4.5,2025-08-17,2025-07-30,2025-08-03,2025-08-17,2025-08-17,Completed,Not Cancelled,411043.0,WK-004,2024-03-29,,2025-10-16,2.3,7,7,0,0,980
REN1151,2024-02-13,CUST094,Clinic,Hinjawadi,Commode Chair,Mobility Equipment,14,100,1400,1800,100,14,UPI,Returned,Good,4.0,2024-02-27,2024-02-07,2024-02-13,2024-02-27,2024-02-27,Completed,Not Cancelled,411043.0,CC-002,2023-03-30,2023-10-02,2024-10-01,3.3,10,3,0,0,1400
REN1152,2026-04-20,CUST245,Clinic,Chinchwad,Surgical Loupe,Surgical Equipment,21,220,4620,4180,200,71,UPI,Returned,Good,4.5,2026-05-11,2026-04-11,2026-04-20,2026-05-11,2026-05-11,Completed,Not Cancelled,411047.0,SL-002,2025-04-12,2025-07-05,2026-01-01,1.3,7,6,0,0,4620
REN1153,2025-10-28,CUST072,Home Care,Erandwane,Surgical Headlight,Surgical Equipment,14,170,2380,3400,150,9,Bank Transfer,Returned,Excellent,3.5,2025-11-11,2025-10-16,2025-10-28,2025-11-11,2025-11-11,Completed,Not Cancelled,411037.0,SH-006,2025-01-03,2025-04-27,2025-07-26,1.6,8,5,0,0,2380
REN1154,2024-06-15,CUST362,Home Care,Viman Nagar,Oxygen Concentrator,Respiratory Equipment,5,260,1300,5460,200,38,Credit Card,Returned,Good,5.0,2024-06-20,2024-06-10,2024-06-15,2024-06-20,2024-06-20,Completed,Not Cancelled,411028.0,OC-008,2022-01-13,2023-05-05,2023-08-03,4.5,16,10,0,0,1300
REN1155,2024-04-02,CUST470,Individual Patient,Kharadi,BiPAP Machine,Respiratory Equipment,7,540,3780,11340,100,147,Cash,Active,Fair,5.0,,2024-03-23,2024-04-02,2024-04-09,,Confirmed,Not Cancelled,411009.0,BP-005,2022-02-05,2024-01-14,2025-01-13,4.5,11,10,0,0,3780
REN1156,2024-06-24,CUST479,Clinic,Shivajinagar,Oxygen Concentrator,Respiratory Equipment,7,310,2170,6510,600,95,Debit Card,Returned,Excellent,4.5,2024-07-01,2024-06-17,2024-06-24,2024-07-01,2024-07-01,Completed,Not Cancelled,411048.0,OC-004,2025-03-27,2026-06-20,2026-12-17,1.3,16,12,0,0,2170
REN1157,2026-07-15,CUST104,Clinic,Kothrud,Surgical Headlight,Surgical Equipment,14,170,2380,2380,300,45,Bank Transfer,Returned,Excellent,3.0,2026-07-29,2026-07-13,2026-07-15,2026-07-29,2026-07-29,Completed,Not Cancelled,411015.0,SH-003,2023-01-16,2024-03-16,2024-09-12,3.5,8,6,0,0,2380
REN1158,2025-03-14,CUST256,Home Care,Pimpri,CPAP Machine,Respiratory Equipment,10,350,3500,6300,150,119,UPI,Returned,Fair,,2025-03-24,2025-03-08,2025-03-14,2025-03-24,2025-03-24,Completed,Not Cancelled,411045.0,CP-015,2022-06-26,2023-01-19,2023-07-18,4.1,19,14,0,0,3500
REN1159,2026-01-11,CUST289,Individual Patient,Wanowrie,CPAP Machine,Respiratory Equipment,5,350,1750,7000,250,88,Bank Transfer,Returned,Excellent,3.5,2026-01-16,2026-01-07,2026-01-11,2026-01-16,2026-01-16,Completed,Not Cancelled,411047.0,CP-008,2024-06-15,,2025-08-20,2.1,19,18,0,0,1750
REN1160,2025-08-20,CUST062,Home Care,Vishrantwadi,Surgical Headlight,Surgical Equipment,10,200,2000,3400,500,54,Cash,Returned,Good,,2025-08-30,2025-08-12,2025-08-20,2025-08-30,2025-08-30,Completed,Not Cancelled,411030.0,SH-003,2023-01-16,2024-03-16,2024-09-12,3.5,8,7,0,0,2000
REN1161,2025-06-27,CUST141,Hospital,Wakad,ECG Machine,Diagnostic Equipment,7,550,3850,6050,400,91,UPI,Returned,Good,5.0,2025-07-04,2025-06-24,2025-06-27,2025-07-04,2025-07-04,Completed,Not Cancelled,411014.0,ECG-003,2022-12-29,2023-07-22,2024-01-18,3.6,9,8,0,0,3850
REN1162,2024-05-21,CUST419,Clinic,Viman Nagar,Ventilator,Critical Care Equipment,1,1080,1080,17280,100,137,Debit Card,Returned,Excellent,4.5,2024-05-22,2024-05-18,2024-05-21,2024-05-22,2024-05-22,Completed,Not Cancelled,411045.0,VT-002,2024-07-09,2026-04-04,2026-08-02,2.1,8,8,0,0,1080
REN1163,2026-06-16,CUST062,Individual Patient,Dhankawadi,Hospital Bed,Patient Care Equipment,3,370,1110,4440,150,66,UPI,Returned,Good,5.0,2026-06-19,2026-06-04,2026-06-16,2026-06-19,2026-06-19,Completed,Not Cancelled,411028.0,HB-016,2023-09-12,2024-11-01,2025-11-01,2.9,23,16,0,0,1110
REN1164,2024-10-07,CUST166,Home Care,Aundh,Wheelchair,Mobility Equipment,1,160,160,2880,350,44,Cash,Returned,Fair,,2024-10-08,2024-09-26,2024-10-07,2024-10-08,2024-10-08,Completed,Not Cancelled,411052.0,WC-013,2024-09-18,2026-02-24,2026-08-23,1.9,20,15,0,0,160
REN1165,2025-07-02,CUST057,Individual Patient,Kharadi,Oxygen Concentrator,Respiratory Equipment,5,260,1300,5460,600,62,Bank Transfer,Returned,Good,5.0,2025-07-07,2025-06-27,2025-07-02,2025-07-07,2025-07-07,Completed,Not Cancelled,411037.0,OC-007,2022-03-01,2024-09-16,2025-01-14,4.4,16,15,0,0,1300
REN1166,2025-10-19,CUST349,Individual Patient,Dhankawadi,CPAP Machine,Respiratory Equipment,14,380,5320,7220,100,105,UPI,Returned,Good,4.0,2025-11-02,2025-10-10,2025-10-19,2025-11-02,2025-11-02,Completed,Not Cancelled,411028.0,CP-003,2024-07-28,2025-08-19,2026-02-15,2.0,19,18,0,0,5320
REN1167,2025-09-01,CUST066,Clinic,Hinjawadi,Fowler Bed,Patient Care Equipment,30,410,12300,6970,550,95,Credit Card,Returned,Excellent,4.5,2025-10-01,2025-08-18,2025-09-01,2025-10-01,2025-10-01,Completed,Not Cancelled,411046.0,FB-009,2024-02-22,2025-12-15,2026-12-15,2.4,15,14,0,0,12300
REN1168,2026-06-11,CUST328,Individual Patient,Koregaon Park,Oxygen Concentrator,Respiratory Equipment,21,280,5880,4760,100,74,UPI,Active,Excellent,4.5,,2026-06-10,2026-06-11,2026-07-02,,Confirmed,Not Cancelled,411030.0,OC-015,2023-09-05,2024-03-04,2024-07-02,2.9,16,8,0,0,5880
REN1169,2024-05-24,CUST252,Clinic,Pimpri,Commode Chair,Mobility Equipment,14,100,1400,1700,350,8,UPI,Returned,Fair,4.5,2024-06-07,2024-05-17,2024-05-24,2024-06-07,2024-06-07,Completed,Not Cancelled,411047.0,CC-004,2025-02-10,2026-02-10,2026-08-09,1.5,10,7,0,0,1400
REN1170,2025-04-30,CUST588,Home Care,Viman Nagar,Wheelchair,Mobility Equipment,3,150,450,2250,200,20,Debit Card,Returned,Good,,2025-05-03,2025-04-27,2025-04-30,2025-05-03,2025-05-03,Completed,Not Cancelled,411045.0,WC-003,2022-01-25,2024-05-16,2024-08-14,4.5,20,16,0,0,450
REN1171,2025-01-18,CUST234,Home Care,Koregaon Park,BiPAP Machine,Respiratory Equipment,3,570,1710,6840,300,119,UPI,Active,Good,4.5,,2025-01-08,2025-01-18,2025-01-21,,Confirmed,Not Cancelled,411052.0,BP-003,2022-01-03,2023-01-31,2024-01-31,4.6,11,11,0,0,1710
REN1172,2025-03-29,CUST346,Home Care,Pimpri,Infusion Pump,Critical Care Equipment,14,360,5040,6480,600,13,Cash,Returned,Excellent,4.5,2025-04-12,2025-03-27,2025-03-29,2025-04-12,2025-04-12,Completed,Not Cancelled,411037.0,IP-004,2023-06-20,2024-08-23,2025-08-23,3.1,10,10,0,0,5040
REN1173,2024-04-28,CUST356,Home Care,Hadapsar,Suction Machine,Surgical Equipment,10,230,2300,3220,200,74,UPI,Returned,Fair,3.5,2024-05-08,2024-04-19,2024-04-28,2024-05-08,2024-05-08,Completed,Not Cancelled,411008.0,SM-001,2022-01-16,2022-11-13,2023-11-13,4.5,14,13,0,0,2300
REN1174,2024-05-11,CUST270,Home Care,Wakad,Oxygen Concentrator,Respiratory Equipment,7,260,1820,3120,450,28,Bank Transfer,Returned,Good,4.5,2024-05-18,2024-05-09,2024-05-11,2024-05-18,2024-05-18,Completed,Not Cancelled,411014.0,OC-002,2023-10-02,2025-09-17,2026-03-16,2.8,16,15,0,0,1820
REN1175,2024-09-15,CUST524,Hospital,Hadapsar,Wheelchair,Mobility Equipment,14,160,2240,3200,250,9,Cash,Cancelled,Good,5.0,,2024-09-10,2024-09-15,,,Cancelled,Cancelled,411007.0,,,,,,20,20,0,1,2240
REN1176,2024-10-10,CUST105,Home Care,Shivajinagar,Wheelchair,Mobility Equipment,21,160,3360,2720,450,39,Bank Transfer,Returned,Good,4.0,2024-10-31,2024-09-30,2024-10-10,2024-10-31,2024-10-31,Completed,Not Cancelled,411052.0,WC-007,2024-08-29,2026-04-11,2026-07-10,1.9,20,15,0,0,3360
REN1177,2025-02-11,CUST396,Home Care,Wakad,Nebulizer,Respiratory Equipment,10,80,800,1280,100,7,Debit Card,Returned,Excellent,3.5,2025-02-21,2025-02-10,2025-02-11,2025-02-21,2025-02-21,Completed,Not Cancelled,411015.0,NB-003,2023-10-05,2025-10-07,2026-01-05,2.8,12,8,0,0,800
REN1178,2025-07-29,CUST284,Home Care,Chinchwad,Fowler Bed,Patient Care Equipment,30,450,13500,7200,250,94,Cash,Returned,Good,5.0,2025-08-28,2025-07-17,2025-07-29,2025-08-28,2025-08-28,Completed,Not Cancelled,411015.0,FB-003,2022-09-27,2023-02-09,2023-08-08,3.8,15,14,0,0,13500
REN1179,2025-08-19,CUST234,Home Care,Erandwane,Hospital Bed,Patient Care Equipment,30,370,11100,4070,600,41,Bank Transfer,Returned,Fair,4.0,2025-09-18,2025-08-16,2025-08-19,2025-09-18,2025-09-18,Completed,Not Cancelled,411043.0,HB-014,2025-06-29,2026-07-26,2027-07-26,1.1,23,19,0,0,11100
REN1180,2025-01-26,CUST285,Clinic,Aundh,Surgical Loupe,Surgical Equipment,45,240,10800,3840,450,20,Bank Transfer,Returned,Good,4.5,2025-03-12,2025-01-20,2025-01-26,2025-03-12,2025-03-12,Completed,Not Cancelled,411015.0,SL-003,2025-07-17,2026-01-20,2027-01-20,1.0,7,7,0,0,10800
REN1181,2025-01-22,CUST512,Diagnostic Center,Wakad,BiPAP Machine,Respiratory Equipment,5,520,2600,8840,600,138,UPI,Active,Excellent,4.5,,2025-01-13,2025-01-22,2025-01-27,,Confirmed,Not Cancelled,,BP-007,2024-05-15,2025-06-19,2026-06-19,2.2,11,10,1,0,2600
REN1182,2024-07-23,CUST063,Home Care,Aundh,ECG Machine,Diagnostic Equipment,5,530,2650,8480,450,82,Credit Card,Returned,Excellent,4.5,2024-07-28,2024-07-21,2024-07-23,2024-07-28,2024-07-28,Completed,Not Cancelled,,ECG-002,2022-10-22,2024-10-03,2025-01-31,3.8,9,7,1,0,2650
REN1183,2025-07-10,CUST333,Hospital,Shivajinagar,CPAP Machine,Respiratory Equipment,7,350,2450,3500,200,75,UPI,Returned,Good,5.0,2025-07-17,2025-07-03,2025-07-10,2025-07-17,2025-07-17,Completed,Not Cancelled,411038.0,CP-007,2023-05-05,2026-04-29,2026-10-26,3.2,19,15,0,0,2450
REN1184,2024-10-22,CUST535,Hospital,Kothrud,Ventilator,Critical Care Equipment,3,1070,3210,20330,350,106,Bank Transfer,Returned,Good,5.0,2024-10-25,2024-10-16,2024-10-22,2024-10-25,2024-10-25,Completed,Not Cancelled,411043.0,VT-006,2023-05-13,2023-08-14,2024-02-10,3.2,8,8,0,0,3210
REN1185,2024-02-06,CUST317,Diagnostic Center,Chinchwad,Wheelchair,Mobility Equipment,10,150,1500,2550,550,31,Bank Transfer,Active,Good,4.5,,2024-01-30,2024-02-06,2024-02-16,,Confirmed,Not Cancelled,411030.0,WC-015,2022-05-31,2025-11-16,2026-11-16,4.2,20,15,0,0,1500
REN1186,2025-02-01,CUST397,Individual Patient,Pimpri,Wheelchair,Mobility Equipment,30,140,4200,2660,450,23,Credit Card,Returned,Excellent,5.0,2025-03-03,2025-01-24,2025-02-01,2025-03-03,2025-03-03,Completed,Not Cancelled,411037.0,WC-012,2025-04-29,2026-05-02,2027-05-02,1.3,20,16,0,0,4200
REN1187,2025-03-29,CUST120,Home Care,Hinjawadi,Surgical Headlight,Surgical Equipment,5,170,850,2720,350,8,Cash,Returned,Excellent,4.0,2025-04-03,2025-03-24,2025-03-29,2025-04-03,2025-04-03,Completed,Not Cancelled,411038.0,SH-004,2023-12-02,2026-02-21,2026-08-20,2.7,8,7,0,0,850
REN1188,2024-07-30,CUST122,Individual Patient,Dhankawadi,Surgical Headlight,Surgical Equipment,14,200,2800,2800,550,53,UPI,Returned,Good,4.0,2024-08-13,2024-07-27,2024-07-30,2024-08-13,2024-08-13,Completed,Not Cancelled,411030.0,SH-006,2025-01-03,2025-04-27,2025-07-26,1.6,8,8,0,0,2800
REN1189,2025-06-27,CUST071,Clinic,Koregaon Park,Fowler Bed,Patient Care Equipment,21,420,8820,8400,150,87,Cash,Returned,Good,4.5,2025-07-18,2025-06-25,2025-06-27,2025-07-18,2025-07-18,Completed,Not Cancelled,411037.0,FB-008,2023-01-30,2026-07-02,2027-07-02,3.5,15,11,0,0,8820
REN1190,2025-06-21,CUST384,Hospital,Dhankawadi,Hospital Bed,Patient Care Equipment,21,360,7560,5040,600,118,UPI,Returned,Fair,4.5,2025-07-12,2025-06-09,2025-06-21,2025-07-12,2025-07-12,Completed,Not Cancelled,411014.0,HB-007,2023-05-24,2024-04-15,2025-04-15,3.2,23,16,0,0,7560
REN1191,2025-10-21,CUST310,Individual Patient,Kharadi,Oxygen Concentrator,Respiratory Equipment,5,290,1450,4350,150,84,UPI,Returned,Good,,2025-10-26,2025-10-17,2025-10-21,2025-10-26,2025-10-26,Completed,Not Cancelled,,OC-015,2023-09-05,2024-03-04,2024-07-02,2.9,16,13,1,0,1450
REN1192,2025-08-30,CUST579,Home Care,Baner,Nebulizer,Respiratory Equipment,3,80,240,800,600,17,Credit Card,Returned,Good,4.5,2025-09-02,2025-08-27,2025-08-30,2025-09-02,2025-09-02,Completed,Not Cancelled,411008.0,NB-004,2022-09-18,2023-08-03,2023-12-01,3.9,12,10,0,0,240
REN1193,2025-09-03,CUST275,Hospital,Kothrud,ECG Machine,Diagnostic Equipment,10,520,5200,6240,500,23,UPI,Returned,Fair,4.0,2025-09-13,2025-09-02,2025-09-03,2025-09-13,2025-09-13,Completed,Not Cancelled,411057.0,ECG-009,2024-04-18,2026-03-30,2026-09-26,2.3,9,7,0,0,5200
REN1194,2024-10-21,CUST134,Clinic,Wanowrie,Oxygen Concentrator,Respiratory Equipment,30,280,8400,3080,350,76,Bank Transfer,Returned,Fair,4.0,2024-11-20,2024-10-12,2024-10-21,2024-11-20,2024-11-20,Completed,Not Cancelled,411057.0,OC-015,2023-09-05,2024-03-04,2024-07-02,2.9,16,14,0,0,8400
REN1195,2026-01-15,CUST007,Individual Patient,Aundh,Hospital Bed,Patient Care Equipment,5,330,1650,4950,350,68,Bank Transfer,Returned,Good,4.5,2026-01-20,2026-01-09,2026-01-15,2026-01-20,2026-01-20,Completed,Not Cancelled,411015.0,HB-010,2022-05-26,2023-11-28,2024-05-26,4.2,23,13,0,0,1650
REN1196,2025-06-06,CUST291,Hospital,Kothrud,BiPAP Machine,Respiratory Equipment,10,550,5500,7150,100,163,Debit Card,Returned,Good,5.0,2025-06-16,2025-06-04,2025-06-06,2025-06-16,2025-06-16,Completed,Not Cancelled,411007.0,BP-006,2023-06-13,2023-11-02,2024-04-30,3.1,11,11,0,0,5500
REN1197,2025-02-14,CUST324,Individual Patient,Hadapsar,Nebulizer,Respiratory Equipment,14,80,1120,1120,250,17,UPI,Returned,Excellent,5.0,2025-02-28,2025-02-03,2025-02-14,2025-02-28,2025-02-28,Completed,Not Cancelled,411038.0,NB-010,2024-09-03,2026-05-18,2027-05-18,1.9,12,9,0,0,1120
REN1198,2025-08-11,CUST530,Individual Patient,Wakad,CPAP Machine,Respiratory Equipment,7,390,2730,7410,200,12,UPI,Returned,Good,4.5,2025-08-18,2025-07-30,2025-08-11,2025-08-18,2025-08-18,Completed,Not Cancelled,,CP-008,2024-06-15,2025-04-22,2025-08-20,2.1,19,15,1,0,2730
REN1199,2024-12-05,CUST418,Individual Patient,Vishrantwadi,Patient Monitor,Monitoring Equipment,30,640,19200,11520,450,186,UPI,Returned,Excellent,4.5,2025-01-04,2024-11-24,2024-12-05,2025-01-04,2025-01-04,Completed,Not Cancelled,411037.0,PM-007,2023-09-28,2024-02-25,2024-05-25,2.8,13,11,0,0,19200
REN1200,2025-05-04,CUST345,Hospital,Dhankawadi,Surgical Loupe,Surgical Equipment,5,220,1100,4400,200,63,Credit Card,Returned,Good,3.0,2025-05-09,2025-04-28,2025-05-04,2025-05-09,2025-05-09,Completed,Not Cancelled,411047.0,SL-005,2022-05-04,2025-12-20,2026-06-18,4.2,7,7,0,0,1100
REN1201,2025-11-25,CUST305,Diagnostic Center,Wakad,Wheelchair,Mobility Equipment,14,150,2100,3000,500,9,UPI,Returned,Good,4.5,2025-12-09,2025-11-21,2025-11-25,2025-12-09,2025-12-09,Completed,Not Cancelled,,WC-020,2023-01-10,2024-02-15,2024-06-14,3.6,20,18,1,0,2100
REN1202,2026-04-22,CUST502,Individual Patient,Kothrud,Patient Monitor,Monitoring Equipment,14,580,8120,7540,250,144,UPI,Returned,Good,4.5,2026-05-06,2026-04-20,2026-04-22,2026-05-06,2026-05-06,Completed,Not Cancelled,411052.0,PM-009,2023-03-12,2024-08-21,2025-02-17,3.4,13,7,0,0,8120
REN1203,2026-05-24,CUST157,Individual Patient,Koregaon Park,Suction Machine,Surgical Equipment,5,250,1250,4500,550,50,Debit Card,Active,Excellent,5.0,,2026-05-20,2026-05-24,2026-05-29,,Confirmed,Not Cancelled,411007.0,SM-004,2023-01-10,2023-10-14,,3.6,14,10,0,0,1250
REN1204,2025-04-26,CUST202,Individual Patient,Erandwane,Patient Monitor,Monitoring Equipment,30,610,18300,12810,250,133,Cash,Returned,Excellent,4.0,2025-05-26,2025-04-19,2025-04-26,2025-05-26,2025-05-26,Completed,Not Cancelled,411046.0,PM-005,2024-05-27,2025-01-13,2025-05-13,2.2,13,11,0,0,18300
REN1205,2025-05-11,CUST449,Home Care,Shivajinagar,Infusion Pump,Critical Care Equipment,5,310,1550,4030,500,98,Bank Transfer,Returned,Good,5.0,2025-05-16,2025-05-08,2025-05-11,2025-05-16,2025-05-16,Completed,Not Cancelled,411040.0,IP-008,2023-06-01,2023-09-22,2024-01-20,3.2,10,10,0,0,1550
REN1206,2026-01-27,CUST296,Home Care,Kothrud,Suction Machine,Surgical Equipment,30,240,7200,3360,450,26,UPI,Returned,Good,5.0,2026-02-26,2026-01-22,2026-01-27,2026-02-26,2026-02-26,Completed,Not Cancelled,411015.0,SM-012,2022-09-12,2025-07-02,2025-12-29,3.9,14,12,0,0,7200
REN1207,2024-10-20,CUST128,Home Care,Baner,Fowler Bed,Patient Care Equipment,21,470,9870,7520,600,16,Credit Card,Returned,Good,3.5,2024-11-10,2024-10-14,2024-10-20,2024-11-10,2024-11-10,Completed,Not Cancelled,411037.0,FB-011,2022-05-13,2023-03-15,2023-06-13,4.2,15,13,0,0,9870
REN1208,2026-03-06,CUST412,Individual Patient,Camp,Hospital Bed,Patient Care Equipment,5,350,1750,7000,350,34,UPI,Returned,Excellent,5.0,2026-03-11,2026-02-25,2026-03-06,2026-03-11,2026-03-11,Completed,Not Cancelled,411027.0,HB-014,2025-06-29,2026-07-26,2027-07-26,1.1,23,15,0,0,1750
REN1209,2025-04-17,CUST260,Home Care,Viman Nagar,Nebulizer,Respiratory Equipment,30,80,2400,880,250,26,UPI,Active,Excellent,4.0,,2025-04-16,2025-04-17,2025-05-17,,Confirmed,Not Cancelled,411043.0,NB-011,2022-04-03,,2023-10-03,4.3,12,10,0,0,2400
REN1210,2024-04-24,CUST267,Individual Patient,Viman Nagar,Hospital Bed,Patient Care Equipment,14,340,4760,5440,450,33,Credit Card,Returned,Fair,5.0,2024-05-08,2024-04-13,2024-04-24,2024-05-08,2024-05-08,Completed,Not Cancelled,411058.0,HB-002,2024-02-10,2024-08-21,2025-02-17,2.5,23,18,0,0,4760
REN1211,2024-03-13,CUST484,Hospital,Viman Nagar,Hospital Bed,Patient Care Equipment,5,360,1800,4680,100,89,Cash,Returned,Fair,4.5,2024-03-18,2024-03-08,2024-03-13,2024-03-18,2024-03-18,Completed,Not Cancelled,411040.0,HB-009,2022-04-28,2023-06-27,2023-09-25,4.3,23,15,0,0,1800
REN1212,2026-03-11,CUST164,Home Care,Shivajinagar,Fowler Bed,Patient Care Equipment,14,420,5880,7980,600,119,Bank Transfer,Returned,Good,4.5,2026-03-25,2026-03-04,2026-03-11,2026-03-25,2026-03-25,Completed,Not Cancelled,411046.0,FB-013,2024-04-21,2025-09-22,2026-01-20,2.3,15,7,0,0,5880
REN1213,2024-02-26,CUST134,Hospital,Dhankawadi,Patient Monitor,Monitoring Equipment,14,580,8120,7540,450,168,UPI,Returned,Fair,4.5,2024-03-11,2024-02-14,2024-02-26,2024-03-11,2024-03-11,Completed,Not Cancelled,411043.0,PM-005,2024-05-27,,2025-05-13,2.2,13,12,0,0,8120
REN1214,2024-09-17,CUST269,Clinic,Bibwewadi,Surgical Loupe,Surgical Equipment,14,230,3220,3220,100,8,Bank Transfer,Returned,Good,4.5,2024-10-01,2024-09-15,2024-09-17,2024-10-01,2024-10-01,Completed,Not Cancelled,,SL-004,2024-02-17,2025-06-05,2025-12-02,2.5,7,7,1,0,3220
REN1215,2024-11-08,CUST296,Individual Patient,Bibwewadi,Nebulizer,Respiratory Equipment,14,80,1120,1120,150,3,Cash,Returned,Good,5.0,2024-11-22,2024-10-28,2024-11-08,2024-11-22,2024-11-22,Completed,Not Cancelled,,NB-001,2024-01-01,2024-11-22,2025-05-21,2.6,12,11,1,0,1120
REN1216,2024-06-15,CUST254,Home Care,Shivajinagar,ECG Machine,Diagnostic Equipment,21,490,10290,4900,100,170,UPI,Active,Good,5.0,,2024-06-05,2024-06-15,2024-07-06,,Confirmed,Not Cancelled,411037.0,ECG-003,2022-12-29,2023-07-22,2024-01-18,3.6,9,9,0,0,10290
REN1217,2024-10-19,CUST465,Individual Patient,Camp,Oxygen Concentrator,Respiratory Equipment,10,260,2600,4680,450,52,Bank Transfer,Returned,Excellent,4.5,2024-10-29,2024-10-05,2024-10-19,2024-10-29,2024-10-29,Completed,Not Cancelled,411009.0,OC-011,2023-11-25,2025-04-03,2025-07-02,2.7,16,15,0,0,2600
REN1218,2025-12-01,CUST314,Individual Patient,Vishrantwadi,Fowler Bed,Patient Care Equipment,1,430,430,5590,450,22,UPI,Returned,Excellent,5.0,2025-12-02,2025-11-27,2025-12-01,2025-12-02,2025-12-02,Completed,Not Cancelled,411047.0,FB-012,2024-03-04,2025-10-11,2026-04-09,2.4,15,13,0,0,430
REN1219,2024-01-16,CUST171,Individual Patient,Hadapsar,Ventilator,Critical Care Equipment,10,1020,10200,16320,150,39,UPI,Returned,Good,4.5,2024-01-26,2024-01-14,2024-01-16,2024-01-26,2024-01-26,Completed,Not Cancelled,411052.0,VT-001,2024-10-29,2025-06-25,2025-10-23,1.8,8,8,0,0,10200
REN1220,2026-02-24,CUST364,Home Care,Dhankawadi,CPAP Machine,Respiratory Equipment,3,350,1050,6650,400,101,Debit Card,Returned,Fair,4.5,2026-02-27,2026-02-23,2026-02-24,2026-02-27,2026-02-27,Completed,Not Cancelled,,CP-018,2022-12-12,2023-08-05,2024-08-04,3.6,19,14,1,0,1050
REN1221,2026-03-25,CUST328,Individual Patient,Dhankawadi,ECG Machine,Diagnostic Equipment,7,510,3570,10200,350,163,UPI,Active,Fair,4.0,,2026-03-16,2026-03-25,2026-04-01,,Confirmed,Not Cancelled,411046.0,ECG-006,2024-08-17,2026-03-18,2026-07-16,2.0,9,7,0,0,3570
REN1222,2024-12-17,CUST252,Individual Patient,Hadapsar,Patient Monitor,Monitoring Equipment,10,680,6800,14280,350,135,Bank Transfer,Returned,Fair,5.0,2024-12-27,2024-12-15,2024-12-17,2024-12-27,2024-12-27,Completed,Not Cancelled,411030.0,PM-012,2023-12-20,2024-10-07,2025-02-04,2.6,13,11,0,0,6800
REN1223,2024-05-29,CUST429,Home Care,Wakad,Wheelchair,Mobility Equipment,5,160,800,1760,400,24,UPI,Returned,Good,4.5,2024-06-03,2024-05-26,2024-05-29,2024-06-03,2024-06-03,Completed,Not Cancelled,411046.0,WC-002,2024-11-25,2025-02-12,2025-06-12,1.7,20,10,0,0,800
REN1224,2025-07-21,CUST117,Hospital,Koregaon Park,Patient Monitor,Monitoring Equipment,1,680,680,12240,550,173,Credit Card,Returned,Fair,4.5,2025-07-22,2025-07-07,2025-07-21,2025-07-22,2025-07-22,Completed,Not Cancelled,411028.0,PM-008,2023-02-24,2024-12-23,2025-06-21,3.4,13,11,0,0,680
REN1225,2024-04-28,CUST243,Home Care,Koregaon Park,Wheelchair,Mobility Equipment,1,140,140,1960,600,5,Credit Card,Returned,Excellent,4.5,2024-04-29,2024-04-23,2024-04-28,2024-04-29,2024-04-29,Completed,Not Cancelled,411052.0,WC-004,2024-04-11,2025-03-19,2025-07-17,2.3,20,17,0,0,140
REN1226,2024-12-09,CUST341,Individual Patient,Hinjawadi,Hospital Bed,Patient Care Equipment,7,390,2730,7410,150,124,Debit Card,Returned,Excellent,5.0,2024-12-16,2024-12-06,2024-12-09,2024-12-16,2024-12-16,Completed,Not Cancelled,,HB-023,2023-09-05,2024-01-10,2024-05-09,2.9,23,20,1,0,2730
REN1227,2026-06-26,CUST265,Clinic,Pimpri,Wheelchair,Mobility Equipment,3,150,450,2250,600,17,Bank Transfer,Returned,Good,4.0,2026-06-29,2026-06-17,2026-06-26,2026-06-29,2026-06-29,Completed,Not Cancelled,411052.0,WC-001,2024-04-30,2025-08-24,2025-11-22,2.3,20,11,0,0,450
REN1228,2026-07-28,CUST499,Home Care,Kothrud,Wheelchair,Mobility Equipment,3,160,480,1600,400,15,Bank Transfer,Returned,Excellent,4.5,2026-07-31,2026-07-25,2026-07-28,2026-07-31,2026-07-31,Completed,Not Cancelled,411046.0,WC-001,2024-04-30,2025-08-24,2025-11-22,2.3,20,8,0,0,480
REN1229,2025-12-30,CUST011,Hospital,Hadapsar,CPAP Machine,Respiratory Equipment,10,370,3700,7770,150,48,UPI,Returned,Excellent,4.5,2026-01-09,2025-12-24,2025-12-30,2026-01-09,2026-01-09,Completed,Not Cancelled,411052.0,CP-012,2025-05-31,2025-12-09,2026-04-08,1.2,19,15,0,0,3700
REN1230,2024-10-16,CUST058,Individual Patient,Koregaon Park,Surgical Headlight,Surgical Equipment,14,180,2520,3420,600,9,UPI,Returned,Good,3.5,2024-10-30,2024-10-14,2024-10-16,2024-10-30,2024-10-30,Completed,Not Cancelled,411015.0,SH-005,2023-10-28,2025-09-07,2025-12-06,2.8,8,7,0,0,2520
REN1231,2025-10-07,CUST173,Individual Patient,Wanowrie,CPAP Machine,Respiratory Equipment,3,380,1140,5320,300,59,Bank Transfer,Active,Fair,4.0,,2025-10-02,2025-10-07,2025-10-10,,Confirmed,Not Cancelled,411040.0,CP-014,2024-05-28,2026-03-24,2027-03-24,2.2,19,18,0,0,1140
REN1232,2025-10-24,CUST121,Clinic,Wanowrie,ECG Machine,Diagnostic Equipment,30,520,15600,10400,300,135,Credit Card,Returned,Good,5.0,2025-11-23,2025-10-22,2025-10-24,2025-11-23,2025-11-23,Completed,Not Cancelled,411027.0,ECG-008,2022-02-10,2023-09-04,2024-09-03,4.5,9,7,0,0,15600
REN1233,2025-01-01,CUST526,Individual Patient,Erandwane,Patient Monitor,Monitoring Equipment,5,560,2800,8400,600,106,UPI,Active,Excellent,4.0,,2024-12-23,2025-01-01,2025-01-06,,Confirmed,Not Cancelled,411046.0,PM-006,2024-01-04,2024-06-05,2024-12-02,2.6,13,11,0,0,2800
REN1234,2025-08-24,CUST089,Home Care,Dhankawadi,Hospital Bed,Patient Care Equipment,10,350,3500,5250,400,85,Cash,Active,Good,5.0,,2025-08-20,2025-08-24,2025-09-03,,Confirmed,Not Cancelled,411043.0,HB-010,2022-05-26,2023-11-28,2024-05-26,4.2,23,17,0,0,3500
REN1235,2024-01-11,CUST298,Clinic,Hadapsar,Wheelchair,Mobility Equipment,14,160,2240,2080,150,16,UPI,Active,Good,5.0,,2024-01-07,2024-01-11,2024-01-25,,Confirmed,Not Cancelled,411045.0,WC-004,2024-04-11,2025-03-19,2025-07-17,2.3,20,17,0,0,2240
REN1236,2024-07-16,CUST282,Hospital,Kharadi,Walker,Mobility Equipment,1,70,70,1120,100,11,UPI,Returned,Good,4.0,2024-07-17,2024-07-02,2024-07-16,2024-07-17,2024-07-17,Completed,Not Cancelled,411046.0,WK-006,2024-09-05,2025-05-31,2025-09-28,1.9,7,6,0,0,70
REN1237,2025-05-15,CUST246,Hospital,Wakad,Suction Machine,Surgical Equipment,14,260,3640,5720,550,51,Debit Card,Returned,Good,4.5,2025-05-29,2025-05-05,2025-05-15,2025-05-29,2025-05-29,Completed,Not Cancelled,,SM-009,2023-07-17,2026-04-30,2027-04-30,3.0,14,12,1,0,3640
REN1238,2024-06-07,CUST368,Home Care,Pimpri,Walker,Mobility Equipment,7,70,490,700,250,15,Credit Card,Returned,Good,3.5,2024-06-14,2024-06-01,2024-06-07,2024-06-14,2024-06-14,Completed,Not Cancelled,411037.0,WK-005,2023-08-31,2024-06-28,2025-06-28,2.9,7,7,0,0,490
REN1239,2024-06-09,CUST167,Home Care,Wanowrie,Oxygen Concentrator,Respiratory Equipment,7,280,1960,4760,150,25,Bank Transfer,Returned,Good,4.5,2024-06-16,2024-05-28,2024-06-09,2024-06-16,2024-06-16,Completed,Not Cancelled,411027.0,OC-016,2022-05-08,2026-06-18,2026-09-16,4.2,16,12,0,0,1960
REN1240,2026-03-05,CUST123,Hospital,Hinjawadi,Nebulizer,Respiratory Equipment,21,80,1680,960,100,23,UPI,Returned,Good,4.5,2026-03-26,2026-03-02,2026-03-05,2026-03-26,2026-03-26,Completed,Not Cancelled,411057.0,NB-001,2024-01-01,2024-11-22,2025-05-21,2.6,12,7,0,0,1680
REN1241,2026-07-22,CUST009,Home Care,Kharadi,Commode Chair,Mobility Equipment,3,90,270,990,600,5,UPI,Returned,Excellent,4.5,2026-07-25,2026-07-16,2026-07-22,2026-07-25,2026-07-25,Completed,Not Cancelled,411040.0,CC-009,2025-02-05,2026-03-20,2026-07-18,1.5,10,3,0,0,270
REN1242,2025-06-12,CUST119,Home Care,Hadapsar,Ventilator,Critical Care Equipment,14,1010,14140,10100,400,62,Bank Transfer,Returned,Good,5.0,2025-06-26,2025-05-31,2025-06-12,2025-06-26,2025-06-26,Completed,Not Cancelled,,VT-003,2024-06-04,2025-08-24,2025-11-22,2.2,8,7,1,0,14140
REN1243,2026-03-08,CUST195,Hospital,Vishrantwadi,Hospital Bed,Patient Care Equipment,7,370,2590,4810,350,41,UPI,Returned,Good,5.0,2026-03-15,2026-03-02,2026-03-08,2026-03-15,2026-03-15,Completed,Not Cancelled,411030.0,HB-013,2025-05-03,2025-11-16,2026-03-16,1.2,23,13,0,0,2590
REN1244,2026-07-23,CUST569,Home Care,Baner,Walker,Mobility Equipment,30,70,2100,1330,400,17,Bank Transfer,Active,Good,4.5,,2026-07-20,2026-07-23,2026-08-22,,Confirmed,Not Cancelled,411040.0,WK-001,2023-09-04,2024-11-20,2025-03-20,2.9,7,4,0,0,2100
REN1245,2024-05-18,CUST170,Home Care,Shivajinagar,CPAP Machine,Respiratory Equipment,5,370,1850,7030,300,20,UPI,Returned,Good,5.0,2024-05-23,2024-05-08,2024-05-18,2024-05-23,2024-05-23,Completed,Not Cancelled,411028.0,CP-009,2022-05-28,2024-08-06,2025-08-06,4.2,19,16,0,0,1850
REN1246,2025-03-04,CUST441,Home Care,Chinchwad,ECG Machine,Diagnostic Equipment,14,550,7700,11000,600,18,UPI,Active,Good,5.0,,2025-03-02,2025-03-04,2025-03-18,,Confirmed,Not Cancelled,411043.0,ECG-008,2022-02-10,2023-09-04,2024-09-03,4.5,9,6,0,0,7700
REN1247,2025-01-06,CUST201,Individual Patient,Shivajinagar,Patient Monitor,Monitoring Equipment,45,640,28800,7040,400,116,UPI,Returned,Fair,4.5,2025-02-20,2025-01-04,2025-01-06,2025-02-20,2025-02-20,Completed,Not Cancelled,,PM-002,2024-11-14,2025-12-21,2026-04-20,1.7,13,11,1,0,28800
REN1248,2024-03-21,CUST361,Hospital,Dhankawadi,Patient Monitor,Monitoring Equipment,14,670,9380,7370,450,94,UPI,Returned,Good,3.0,2024-04-04,2024-03-12,2024-03-21,2024-04-04,2024-04-04,Completed,Not Cancelled,411043.0,PM-006,2024-01-04,2024-06-05,2024-12-02,2.6,13,13,0,0,9380
REN1249,2025-12-13,CUST201,Clinic,Wanowrie,Oxygen Concentrator,Respiratory Equipment,10,280,2800,6160,550,22,UPI,Returned,Good,5.0,2025-12-23,2025-12-12,2025-12-13,2025-12-23,2025-12-23,Completed,Not Cancelled,411042.0,OC-010,2022-01-22,2023-03-21,2024-03-20,4.5,16,10,0,0,2800
REN1250,2025-02-17,CUST487,Home Care,Dhankawadi,ECG Machine,Diagnostic Equipment,7,490,3430,10290,100,118,Bank Transfer,Returned,Good,5.0,2025-02-24,2025-02-16,2025-02-17,2025-02-24,2025-02-24,Completed,Not Cancelled,411045.0,ECG-002,2022-10-22,2024-10-03,2025-01-31,3.8,9,6,0,0,3430
REN1251,2025-03-24,CUST113,Home Care,Aundh,Oxygen Concentrator,Respiratory Equipment,30,260,7800,4940,250,61,Credit Card,Returned,Good,4.5,2025-04-23,2025-03-20,2025-03-24,2025-04-23,2025-04-23,Completed,Not Cancelled,411027.0,OC-012,2022-09-21,2025-04-21,2025-10-18,3.9,16,12,0,0,7800
REN1252,2024-05-26,CUST520,Individual Patient,Vishrantwadi,Fowler Bed,Patient Care Equipment,30,450,13500,9000,550,31,UPI,Returned,Excellent,4.5,2024-06-25,2024-05-22,2024-05-26,2024-06-25,2024-06-25,Completed,Not Cancelled,411043.0,FB-003,2022-09-27,2023-02-09,2023-08-08,3.8,15,13,0,0,13500
REN1253,2024-06-22,CUST304,Individual Patient,Chinchwad,Patient Monitor,Monitoring Equipment,5,560,2800,11200,150,58,Credit Card,Active,Fair,4.0,,2024-06-17,2024-06-22,2024-06-27,,Confirmed,Not Cancelled,411008.0,PM-010,2022-07-05,2026-04-25,2026-10-22,4.1,13,9,0,0,2800
REN1254,2026-05-12,CUST027,Individual Patient,Hinjawadi,Nebulizer,Respiratory Equipment,3,80,240,1360,250,12,UPI,Returned,Good,4.5,2026-05-15,2026-05-03,2026-05-12,2026-05-15,2026-05-15,Completed,Not Cancelled,411047.0,NB-009,2025-06-25,2025-08-24,2025-12-22,1.1,12,8,0,0,240
REN1255,2024-02-15,CUST107,Clinic,Bibwewadi,Fowler Bed,Patient Care Equipment,21,450,9450,7200,150,156,Credit Card,Returned,Good,5.0,2024-03-07,2024-02-09,2024-02-15,2024-03-07,2024-03-07,Completed,Not Cancelled,411030.0,FB-005,2023-12-06,2025-12-27,2026-12-27,2.7,15,13,0,0,9450
REN1256,2024-08-05,CUST264,Individual Patient,Aundh,BiPAP Machine,Respiratory Equipment,30,520,15600,11440,450,143,Debit Card,Returned,Excellent,5.0,2024-09-04,2024-07-28,2024-08-05,2024-09-04,2024-09-04,Completed,Not Cancelled,411048.0,BP-008,2024-04-21,2024-11-06,2025-02-04,2.3,11,9,0,0,15600
REN1257,2024-09-28,CUST191,Individual Patient,Chinchwad,Fowler Bed,Patient Care Equipment,5,440,2200,7920,550,61,Bank Transfer,Returned,Good,3.5,2024-10-03,2024-09-27,2024-09-28,2024-10-03,2024-10-03,Completed,Not Cancelled,,FB-013,2024-04-21,2025-09-22,2026-01-20,2.3,15,11,1,0,2200
REN1258,2025-04-13,CUST262,Diagnostic Center,Chinchwad,BiPAP Machine,Respiratory Equipment,5,490,2450,10290,200,166,Bank Transfer,Returned,Good,3.0,2025-04-18,2025-04-09,2025-04-13,2025-04-18,2025-04-18,Completed,Not Cancelled,411058.0,BP-009,2022-03-07,2025-12-31,2026-06-29,4.4,11,10,0,0,2450
REN1259,2025-07-09,CUST404,Home Care,Camp,BiPAP Machine,Respiratory Equipment,21,580,12180,6960,450,102,UPI,Returned,Excellent,4.5,2025-07-30,2025-06-26,2025-07-09,2025-07-30,2025-07-30,Completed,Not Cancelled,411040.0,BP-001,2024-10-27,2025-12-27,2026-03-27,1.8,11,10,0,0,12180
REN1260,2025-04-16,CUST362,Clinic,Aundh,Nebulizer,Respiratory Equipment,14,80,1120,960,500,12,UPI,Returned,Excellent,4.5,2025-04-30,2025-04-11,2025-04-16,2025-04-30,2025-04-30,Completed,Not Cancelled,411057.0,NB-008,2022-12-18,2025-07-25,2026-07-25,3.6,12,11,0,0,1120
REN1261,2024-03-25,CUST335,Individual Patient,Aundh,ECG Machine,Diagnostic Equipment,14,470,6580,8460,550,156,Bank Transfer,Returned,Good,5.0,2024-04-08,2024-03-22,2024-03-25,2024-04-08,2024-04-08,Completed,Not Cancelled,411027.0,ECG-002,2022-10-22,2024-10-03,2025-01-31,3.8,9,9,0,0,6580
REN1262,2024-08-15,CUST321,Individual Patient,Chinchwad,Patient Monitor,Monitoring Equipment,7,640,4480,14080,600,170,Credit Card,Returned,Excellent,3.0,2024-08-22,2024-08-01,2024-08-15,2024-08-22,2024-08-22,Completed,Not Cancelled,411040.0,PM-006,2024-01-04,2024-06-05,2024-12-02,2.6,13,10,0,0,4480
REN1263,2026-03-12,CUST323,Clinic,Wanowrie,Wheelchair,Mobility Equipment,21,150,3150,2700,350,31,Credit Card,Returned,Good,5.0,2026-04-02,2026-03-07,2026-03-12,2026-04-02,2026-04-02,Completed,Not Cancelled,411046.0,WC-016,2024-07-04,2025-08-17,2025-12-15,2.1,20,11,0,0,3150
REN1264,2025-08-21,CUST218,Individual Patient,Erandwane,BiPAP Machine,Respiratory Equipment,14,520,7280,7800,100,116,Cash,Returned,Good,4.5,2025-09-04,2025-08-16,2025-08-21,2025-09-04,2025-09-04,Completed,Not Cancelled,411046.0,BP-009,2022-03-07,2025-12-31,2026-06-29,4.4,11,8,0,0,7280
REN1265,2025-09-01,CUST346,Individual Patient,Chinchwad,Hospital Bed,Patient Care Equipment,7,340,2380,3400,500,116,UPI,Returned,Excellent,4.5,2025-09-08,2025-08-29,2025-09-01,2025-09-08,2025-09-08,Completed,Not Cancelled,411027.0,HB-006,2023-04-29,2023-10-02,2024-01-30,3.3,23,19,0,0,2380
REN1266,2025-09-20,CUST305,Home Care,Aundh,Wheelchair,Mobility Equipment,3,150,450,1800,350,12,Bank Transfer,Returned,Excellent,4.5,2025-09-23,2025-09-13,2025-09-20,2025-09-23,2025-09-23,Completed,Not Cancelled,411037.0,WC-006,2023-07-15,2024-01-01,2024-03-31,3.0,20,16,0,0,450
REN1267,2025-12-21,CUST396,Hospital,Dhankawadi,Commode Chair,Mobility Equipment,7,100,700,1300,350,14,Credit Card,Returned,Good,,2025-12-28,2025-12-19,2025-12-21,2025-12-28,2025-12-28,Completed,Not Cancelled,411015.0,CC-004,2025-02-10,2026-02-10,2026-08-09,1.5,10,9,0,0,700
REN1268,2024-02-29,CUST411,Individual Patient,Vishrantwadi,CPAP Machine,Respiratory Equipment,7,370,2590,4440,350,61,UPI,Active,Excellent,4.5,,2024-02-22,2024-02-29,2024-03-07,,Confirmed,Not Cancelled,411045.0,CP-018,2022-12-12,2023-08-05,2024-08-04,3.6,19,18,0,0,2590
REN1269,2024-12-11,CUST444,Home Care,Aundh,Fowler Bed,Patient Care Equipment,10,440,4400,8360,450,152,UPI,Returned,Excellent,4.0,2024-12-21,2024-12-02,2024-12-11,2024-12-21,2024-12-21,Completed,Not Cancelled,411037.0,FB-001,2023-08-15,,2026-06-10,3.0,15,12,0,0,4400
REN1270,2025-05-28,CUST393,Hospital,Baner,Surgical Loupe,Surgical Equipment,7,240,1680,4320,250,14,Credit Card,Active,Fair,4.5,,2025-05-21,2025-05-28,2025-06-04,,Confirmed,Not Cancelled,411007.0,SL-006,2024-02-17,2025-07-19,2026-01-15,2.5,7,7,0,0,1680
REN1271,2024-11-12,CUST202,Hospital,Vishrantwadi,Wheelchair,Mobility Equipment,45,150,6750,2100,250,10,UPI,Returned,Good,4.5,2024-12-27,2024-11-11,2024-11-12,2024-12-27,2024-12-27,Completed,Not Cancelled,411027.0,WC-013,2024-09-18,2026-02-24,2026-08-23,1.9,20,18,0,0,6750
REN1272,2026-03-13,CUST008,Individual Patient,Kharadi,Hospital Bed,Patient Care Equipment,14,360,5040,7920,250,61,Bank Transfer,Returned,Good,4.0,2026-03-27,2026-03-12,2026-03-13,2026-03-27,2026-03-27,Completed,Not Cancelled,411030.0,HB-009,2022-04-28,2023-06-27,2023-09-25,4.3,23,13,0,0,5040
REN1273,2025-04-06,CUST540,Home Care,Wanowrie,Hospital Bed,Patient Care Equipment,21,350,7350,5250,350,29,Bank Transfer,Returned,Excellent,5.0,2025-04-27,2025-03-27,2025-04-06,2025-04-27,2025-04-27,Completed,Not Cancelled,411042.0,HB-020,2025-01-09,2025-06-27,2025-10-25,1.6,23,18,0,0,7350
REN1274,2025-12-26,CUST303,Individual Patient,Hadapsar,Wheelchair,Mobility Equipment,10,160,1600,2400,450,40,Credit Card,Returned,Good,4.5,2026-01-05,2025-12-15,2025-12-26,2026-01-05,2026-01-05,Completed,Not Cancelled,411057.0,WC-009,2024-08-16,2024-11-16,2025-11-16,2.0,20,13,0,0,1600
REN1275,2026-03-21,CUST137,Home Care,Dhankawadi,Nebulizer,Respiratory Equipment,14,80,1120,1280,100,12,Credit Card,Returned,Excellent,4.0,2026-04-04,2026-03-19,2026-03-21,2026-04-04,2026-04-04,Completed,Not Cancelled,411058.0,NB-011,2022-04-03,2023-07-05,2023-10-03,4.3,12,4,0,0,1120
REN1276,2025-04-27,CUST127,Home Care,Baner,Commode Chair,Mobility Equipment,14,90,1260,1530,250,27,Credit Card,Returned,Good,5.0,2025-05-11,2025-04-23,2025-04-27,2025-05-11,2025-05-11,Completed,Not Cancelled,411045.0,CC-008,2024-10-02,2026-06-23,2026-12-20,1.8,10,10,0,0,1260
REN1277,2026-05-14,CUST380,Individual Patient,Aundh,Patient Monitor,Monitoring Equipment,10,660,6600,7920,500,178,Credit Card,Returned,Good,4.0,2026-05-24,2026-05-07,2026-05-14,2026-05-24,2026-05-24,Completed,Not Cancelled,411057.0,PM-011,2023-07-09,2025-11-09,2026-03-09,3.1,13,10,0,0,6600
REN1278,2025-07-09,CUST208,Home Care,Dhankawadi,Wheelchair,Mobility Equipment,5,160,800,2080,100,29,Debit Card,Returned,Excellent,4.5,2025-07-14,2025-06-29,2025-07-09,2025-07-14,2025-07-14,Completed,Not Cancelled,411007.0,WC-020,2023-01-10,2024-02-15,2024-06-14,3.6,20,10,0,0,800
REN1279,2026-03-19,CUST427,Home Care,Dhankawadi,Fowler Bed,Patient Care Equipment,7,410,2870,7380,500,123,UPI,Returned,Excellent,4.0,2026-03-26,2026-03-08,2026-03-19,2026-03-26,2026-03-26,Completed,Not Cancelled,411052.0,FB-003,2022-09-27,2023-02-09,2023-08-08,3.8,15,11,0,0,2870
REN1280,2024-11-15,CUST530,Hospital,Hadapsar,Hospital Bed,Patient Care Equipment,1,350,350,7000,500,22,Cash,Returned,Good,3.5,2024-11-16,2024-11-07,2024-11-15,2024-11-16,2024-11-16,Completed,Not Cancelled,411040.0,HB-020,2025-01-09,2025-06-27,2025-10-25,1.6,23,20,0,0,350
REN1281,2025-04-21,CUST073,Individual Patient,Hinjawadi,BiPAP Machine,Respiratory Equipment,10,520,5200,7800,250,112,UPI,Returned,Good,4.5,2025-05-01,2025-04-19,2025-04-21,2025-05-01,2025-05-01,Completed,Not Cancelled,411030.0,BP-004,2024-06-27,2025-02-23,2026-02-23,2.1,11,10,0,0,5200
REN1282,2025-05-21,CUST492,Diagnostic Center,Camp,Suction Machine,Surgical Equipment,1,260,260,2860,400,58,UPI,Active,Excellent,4.5,,2025-05-12,2025-05-21,2025-05-22,,Confirmed,Not Cancelled,411030.0,SM-003,2025-06-21,2026-01-30,2026-07-29,1.1,14,12,0,0,260
REN1283,2024-04-14,CUST269,Clinic,Koregaon Park,Hospital Bed,Patient Care Equipment,14,360,5040,7560,350,39,Bank Transfer,Returned,Fair,4.0,2024-04-28,2024-04-04,2024-04-14,2024-04-28,2024-04-28,Completed,Not Cancelled,411028.0,HB-008,2024-07-02,2025-07-25,2026-01-21,2.1,23,20,0,0,5040
REN1284,2025-01-12,CUST528,Individual Patient,Pimpri,ECG Machine,Diagnostic Equipment,7,550,3850,9350,200,25,UPI,Returned,Good,,2025-01-19,2025-01-08,2025-01-12,2025-01-19,2025-01-19,Completed,Not Cancelled,411048.0,ECG-009,2024-04-18,2026-03-30,2026-09-26,2.3,9,6,0,0,3850
REN1285,2026-05-21,CUST277,Diagnostic Center,Shivajinagar,Commode Chair,Mobility Equipment,3,90,270,1350,150,18,UPI,Returned,Good,4.0,2026-05-24,2026-05-16,2026-05-21,2026-05-24,2026-05-24,Completed,Not Cancelled,411038.0,CC-008,2024-10-02,2026-06-23,2026-12-20,1.8,10,7,0,0,270
REN1286,2025-08-15,CUST471,Clinic,Hadapsar,Oxygen Concentrator,Respiratory Equipment,7,310,2170,5270,600,60,UPI,Returned,Good,4.0,2025-08-22,2025-08-13,2025-08-15,2025-08-22,2025-08-22,Completed,Not Cancelled,,OC-006,2024-06-08,2024-10-26,2025-04-24,2.1,16,13,1,0,2170
REN1287,2024-06-19,CUST072,Individual Patient,Koregaon Park,Suction Machine,Surgical Equipment,7,270,1890,5400,550,65,Bank Transfer,Returned,Good,4.5,2024-06-26,2024-06-16,2024-06-19,2024-06-26,2024-06-26,Completed,Not Cancelled,411057.0,SM-008,2022-11-17,,2026-04-26,3.7,14,14,0,0,1890
REN1288,2024-11-13,CUST570,Hospital,Baner,Suction Machine,Surgical Equipment,14,260,3640,2600,550,26,Credit Card,Returned,Good,4.0,2024-11-27,2024-11-02,2024-11-13,2024-11-27,2024-11-27,Completed,Not Cancelled,411043.0,SM-011,2024-04-13,2025-11-27,2026-11-27,2.3,14,11,0,0,3640
REN1289,2024-07-02,CUST234,Home Care,Viman Nagar,Wheelchair,Mobility Equipment,14,150,2100,2100,150,13,UPI,Cancelled,Fair,4.5,,2024-07-01,2024-07-02,,,Cancelled,Cancelled,411030.0,,,,,,20,20,0,1,2100
REN1290,2024-01-26,CUST138,Hospital,Erandwane,Wheelchair,Mobility Equipment,30,150,4500,3300,600,51,Credit Card,Returned,Good,4.5,2024-02-25,2024-01-17,2024-01-26,2024-02-25,2024-02-25,Completed,Not Cancelled,,WC-010,2022-10-28,2026-07-19,2027-01-15,3.8,20,14,1,0,4500
REN1291,2026-05-30,CUST516,Individual Patient,Hadapsar,BiPAP Machine,Respiratory Equipment,7,530,3710,6890,400,35,UPI,Returned,Good,4.0,2026-06-06,2026-05-29,2026-05-30,2026-06-06,2026-06-06,Completed,Not Cancelled,411030.0,BP-009,2022-03-07,2025-12-31,2026-06-29,4.4,11,6,0,0,3710
REN1292,2025-03-04,CUST150,Home Care,Aundh,Walker,Mobility Equipment,45,70,3150,1540,350,24,Cash,Active,Good,5.0,,2025-03-01,2025-03-04,2025-04-18,,Confirmed,Not Cancelled,411042.0,WK-005,2023-08-31,2024-06-28,2025-06-28,2.9,7,6,0,0,3150
REN1293,2024-10-13,CUST360,Home Care,Pimpri,Patient Monitor,Monitoring Equipment,7,580,4060,7540,250,151,UPI,Returned,Good,4.5,2024-10-20,2024-10-06,2024-10-13,2024-10-20,2024-10-20,Completed,Not Cancelled,411007.0,PM-004,2025-02-22,2025-11-29,2026-03-29,1.4,13,13,0,0,4060
REN1294,2025-07-19,CUST188,Diagnostic Center,Pimpri,Patient Monitor,Monitoring Equipment,5,610,3050,9760,200,141,Credit Card,Cancelled,Good,4.5,,2025-07-18,2025-07-19,,,Cancelled,Cancelled,411027.0,,,,,,13,13,0,1,3050
REN1295,2024-01-08,CUST013,Individual Patient,Viman Nagar,Suction Machine,Surgical Equipment,5,250,1250,2500,250,35,Credit Card,Returned,Good,4.5,2024-01-13,2023-12-31,2024-01-08,2024-01-13,2024-01-13,Completed,Not Cancelled,411028.0,SM-001,2022-01-16,2022-11-13,2023-11-13,4.5,14,14,0,0,1250
REN1296,2024-09-15,CUST072,Home Care,Aundh,CPAP Machine,Respiratory Equipment,10,320,3200,6080,150,98,Credit Card,Cancelled,Good,4.0,,2024-09-11,2024-09-15,,,Cancelled,Cancelled,411047.0,,,,,,19,19,0,1,3200
REN1297,2025-10-22,CUST270,Home Care,Chinchwad,Hospital Bed,Patient Care Equipment,21,370,7770,4810,500,119,Cash,Returned,Excellent,4.5,2025-11-12,2025-10-13,2025-10-22,2025-11-12,2025-11-12,Completed,Not Cancelled,411047.0,HB-003,2022-11-12,2024-06-27,2024-09-25,3.7,23,19,0,0,7770
REN1298,2025-08-18,CUST353,Individual Patient,Bibwewadi,CPAP Machine,Respiratory Equipment,21,380,7980,7980,600,99,UPI,Returned,Good,5.0,2025-09-08,2025-08-05,2025-08-18,2025-09-08,2025-09-08,Completed,Not Cancelled,411047.0,CP-005,2022-05-05,2023-05-04,2023-10-31,4.2,19,16,0,0,7980
REN1299,2026-07-16,CUST260,Clinic,Erandwane,Surgical Headlight,Surgical Equipment,14,170,2380,1870,600,44,Bank Transfer,Active,Good,4.5,,2026-07-11,2026-07-16,2026-07-30,,Confirmed,Not Cancelled,411038.0,SH-002,2022-07-07,2023-03-12,2023-06-10,4.1,8,5,0,0,2380
REN1300,2025-08-06,CUST270,Hospital,Viman Nagar,Commode Chair,Mobility Equipment,5,100,500,1100,550,19,Credit Card,Returned,Fair,4.5,2025-08-11,2025-08-05,2025-08-06,2025-08-11,2025-08-11,Completed,Not Cancelled,411030.0,CC-002,2023-03-30,2023-10-02,2024-10-01,3.3,10,6,0,0,500
REN1301,2025-04-01,CUST547,Individual Patient,Baner,Walker,Mobility Equipment,21,60,1260,960,150,3,Bank Transfer,Returned,Good,4.5,2025-04-22,2025-03-22,2025-04-01,2025-04-22,2025-04-22,Completed,Not Cancelled,411040.0,WK-002,2024-03-18,2025-12-13,2026-06-11,2.4,7,5,0,0,1260
REN1302,2025-12-19,CUST560,Home Care,Baner,Wheelchair,Mobility Equipment,14,150,2100,1650,500,52,UPI,Returned,Good,5.0,2026-01-02,2025-12-16,2025-12-19,2026-01-02,2026-01-02,Completed,Not Cancelled,411027.0,WC-018,2024-03-18,2025-03-11,2026-03-11,2.4,20,17,0,0,2100
REN1303,2026-05-08,CUST320,Home Care,Shivajinagar,Fowler Bed,Patient Care Equipment,10,440,4400,6160,550,15,UPI,Returned,Fair,,2026-05-18,2026-05-06,2026-05-08,2026-05-18,2026-05-18,Completed,Not Cancelled,411040.0,FB-005,2023-12-06,2025-12-27,2026-12-27,2.7,15,7,0,0,4400
REN1304,2025-11-08,CUST294,Individual Patient,Viman Nagar,Patient Monitor,Monitoring Equipment,7,620,4340,11160,350,117,UPI,Returned,Good,4.5,2025-11-15,2025-10-28,2025-11-08,2025-11-15,2025-11-15,Completed,Not Cancelled,411045.0,PM-003,2022-02-04,2022-07-21,2023-01-17,4.5,13,12,0,0,4340
REN1305,2026-07-01,CUST157,Clinic,Aundh,Wheelchair,Mobility Equipment,5,150,750,2400,400,22,UPI,Returned,Good,4.5,2026-07-06,2026-06-28,2026-07-01,2026-07-06,2026-07-06,Completed,Not Cancelled,411058.0,WC-020,2023-01-10,2024-02-15,2024-06-14,3.6,20,11,0,0,750
REN1306,2026-01-09,CUST565,Hospital,Baner,Wheelchair,Mobility Equipment,5,150,750,2550,300,42,Cash,Returned,Excellent,4.5,2026-01-14,2026-01-02,2026-01-09,2026-01-14,2026-01-14,Completed,Not Cancelled,411030.0,WC-014,2025-07-05,2026-01-27,2026-04-27,1.1,20,12,0,0,750
REN1307,2026-04-04,CUST346,Individual Patient,Kothrud,Commode Chair,Mobility Equipment,5,90,450,990,550,24,Bank Transfer,Returned,Good,4.5,2026-04-09,2026-04-01,2026-04-04,2026-04-09,2026-04-09,Completed,Not Cancelled,411009.0,CC-005,2024-07-20,2024-10-24,2025-04-22,2.0,10,7,0,0,450
REN1308,2024-04-23,CUST393,Hospital,Dhankawadi,BiPAP Machine,Respiratory Equipment,21,530,11130,9540,450,122,UPI,Returned,Fair,5.0,2024-05-14,2024-04-15,2024-04-23,2024-05-14,2024-05-14,Completed,Not Cancelled,,BP-011,2025-01-04,2025-09-04,2026-09-04,1.6,11,8,1,0,11130
REN1309,2025-11-20,CUST386,Individual Patient,Chinchwad,Suction Machine,Surgical Equipment,10,270,2700,2970,400,15,Credit Card,Returned,Good,,2025-11-30,2025-11-13,2025-11-20,2025-11-30,2025-11-30,Completed,Not Cancelled,411048.0,SM-003,2025-06-21,2026-01-30,2026-07-29,1.1,14,13,0,0,2700
REN1310,2025-02-23,CUST290,Individual Patient,Aundh,Oxygen Concentrator,Respiratory Equipment,21,270,5670,4590,100,29,Bank Transfer,Returned,Good,4.5,2025-03-16,2025-02-17,2025-02-23,2025-03-16,2025-03-16,Completed,Not Cancelled,411038.0,OC-003,2024-12-09,2025-07-09,2026-07-09,1.6,16,14,0,0,5670
REN1311,2025-06-10,CUST162,Individual Patient,Kothrud,Fowler Bed,Patient Care Equipment,30,470,14100,9400,600,28,UPI,Returned,Good,3.5,2025-07-10,2025-06-04,2025-06-10,2025-07-10,2025-07-10,Completed,Not Cancelled,411037.0,FB-005,2023-12-06,2025-12-27,2026-12-27,2.7,15,11,0,0,14100
REN1312,2025-09-05,CUST320,Hospital,Kothrud,Hospital Bed,Patient Care Equipment,5,340,1700,6460,350,117,Credit Card,Returned,Good,5.0,2025-09-10,2025-09-02,2025-09-05,2025-09-10,2025-09-10,Completed,Not Cancelled,411038.0,HB-020,2025-01-09,2025-06-27,2025-10-25,1.6,23,17,0,0,1700
REN1313,2026-07-06,CUST236,Individual Patient,Vishrantwadi,Hospital Bed,Patient Care Equipment,10,360,3600,5040,600,26,Bank Transfer,Active,Good,4.0,,2026-07-05,2026-07-06,2026-07-16,,Confirmed,Not Cancelled,411027.0,HB-003,2022-11-12,2024-06-27,2024-09-25,3.7,23,14,0,0,3600
REN1314,2026-07-19,CUST022,Diagnostic Center,Erandwane,Fowler Bed,Patient Care Equipment,5,460,2300,5520,450,156,UPI,Returned,Good,3.5,2026-07-24,2026-07-09,2026-07-19,2026-07-24,2026-07-24,Completed,Not Cancelled,411048.0,FB-001,2023-08-15,,2026-06-10,3.0,15,3,0,0,2300
REN1315,2024-09-24,CUST350,Individual Patient,Erandwane,Oxygen Concentrator,Respiratory Equipment,21,280,5880,5600,350,18,Credit Card,Returned,Good,3.5,2024-10-15,2024-09-13,2024-09-24,2024-10-15,2024-10-15,Completed,Not Cancelled,411045.0,OC-004,2025-03-27,2026-06-20,2026-12-17,1.3,16,11,0,0,5880
REN1316,2025-11-22,CUST294,Home Care,Pimpri,Ventilator,Critical Care Equipment,7,1150,8050,13800,500,352,UPI,Active,Good,4.5,,2025-11-13,2025-11-22,2025-11-29,,Confirmed,Not Cancelled,411058.0,VT-008,2025-06-28,2025-09-10,2026-03-09,1.1,8,7,0,0,8050
REN1317,2025-12-08,CUST115,Home Care,Chinchwad,Fowler Bed,Patient Care Equipment,1,460,460,7360,200,98,UPI,Returned,Good,4.5,2025-12-09,2025-11-30,2025-12-08,2025-12-09,2025-12-09,Completed,Not Cancelled,411008.0,FB-008,2023-01-30,2026-07-02,2027-07-02,3.5,15,12,0,0,460
REN1318,2024-11-21,CUST286,Individual Patient,Bibwewadi,Hospital Bed,Patient Care Equipment,10,340,3400,4420,300,101,Bank Transfer,Returned,Good,4.5,2024-12-01,2024-11-16,2024-11-21,2024-12-01,2024-12-01,Completed,Not Cancelled,411046.0,HB-013,2025-05-03,2025-11-16,2026-03-16,1.2,23,20,0,0,3400
REN1319,2024-05-02,CUST126,Individual Patient,Bibwewadi,Hospital Bed,Patient Care Equipment,3,380,1140,3800,100,88,Bank Transfer,Returned,Excellent,4.5,2024-05-05,2024-04-25,2024-05-02,2024-05-05,2024-05-05,Completed,Not Cancelled,411008.0,HB-003,2022-11-12,2024-06-27,2024-09-25,3.7,23,19,0,0,1140
REN1320,2024-02-11,CUST547,Individual Patient,Camp,Nebulizer,Respiratory Equipment,10,70,700,1050,500,19,Cash,Returned,Good,3.5,2024-02-21,2024-02-03,2024-02-11,2024-02-21,2024-02-21,Completed,Not Cancelled,411008.0,NB-006,2024-09-04,2025-08-23,2026-02-19,1.9,12,11,0,0,700
REN1321,2026-01-04,CUST377,Hospital,Chinchwad,Wheelchair,Mobility Equipment,10,140,1400,2380,250,37,UPI,Returned,Excellent,4.0,2026-01-14,2026-01-03,2026-01-04,2026-01-14,2026-01-14,Completed,Not Cancelled,411048.0,WC-020,2023-01-10,2024-02-15,2024-06-14,3.6,20,13,0,0,1400
REN1322,2025-04-13,CUST396,Home Care,Kothrud,Wheelchair,Mobility Equipment,3,160,480,3040,150,18,Bank Transfer,Returned,Good,5.0,2025-04-16,2025-04-08,2025-04-13,2025-04-16,2025-04-16,Completed,Not Cancelled,411028.0,WC-008,2024-11-30,2025-04-12,2025-07-11,1.7,20,18,0,0,480
REN1323,2026-07-20,CUST324,Hospital,Wanowrie,CPAP Machine,Respiratory Equipment,3,380,1140,7220,500,125,Cash,Returned,Good,5.0,2026-07-23,2026-07-17,2026-07-20,2026-07-23,2026-07-23,Completed,Not Cancelled,411028.0,CP-004,2023-07-31,2023-10-18,2024-01-16,3.0,19,17,0,0,1140
REN1324,2025-03-20,CUST350,Hospital,Wanowrie,Oxygen Concentrator,Respiratory Equipment,7,280,1960,5600,200,66,Bank Transfer,Returned,Fair,5.0,2025-03-27,2025-03-16,2025-03-20,2025-03-27,2025-03-27,Completed,Not Cancelled,411014.0,OC-002,2023-10-02,2025-09-17,2026-03-16,2.8,16,14,0,0,1960
REN1325,2026-07-13,CUST060,Individual Patient,Erandwane,Suction Machine,Surgical Equipment,10,250,2500,5000,200,24,Cash,Returned,Fair,3.0,2026-07-23,2026-07-04,2026-07-13,2026-07-23,2026-07-23,Completed,Not Cancelled,411009.0,SM-013,2022-07-24,2024-05-07,,4.0,14,7,0,0,2500
REN1326,2025-01-25,CUST350,Individual Patient,Dhankawadi,Fowler Bed,Patient Care Equipment,5,430,2150,6450,150,55,Cash,Returned,Good,5.0,2025-01-30,2025-01-21,2025-01-25,2025-01-30,2025-01-30,Completed,Not Cancelled,411045.0,FB-008,2023-01-30,2026-07-02,2027-07-02,3.5,15,11,0,0,2150
REN1327,2026-01-21,CUST250,Home Care,Kharadi,Hospital Bed,Patient Care Equipment,3,380,1140,5320,400,76,Bank Transfer,Returned,Good,5.0,2026-01-24,2026-01-12,2026-01-21,2026-01-24,2026-01-24,Completed,Not Cancelled,411040.0,HB-014,2025-06-29,2026-07-26,2027-07-26,1.1,23,15,0,0,1140
REN1328,2024-03-26,CUST303,Individual Patient,Aundh,Commode Chair,Mobility Equipment,10,90,900,1530,250,28,Cash,Returned,Excellent,4.5,2024-04-05,2024-03-13,2024-03-26,2024-04-05,2024-04-05,Completed,Not Cancelled,,CC-007,2024-03-04,2024-05-09,,2.4,10,10,1,0,900
REN1329,2025-06-12,CUST105,Hospital,Dhankawadi,CPAP Machine,Respiratory Equipment,7,340,2380,5440,400,97,Credit Card,Returned,Good,4.5,2025-06-19,2025-05-31,2025-06-12,2025-06-19,2025-06-19,Completed,Not Cancelled,411014.0,CP-002,2022-02-22,2023-07-14,2024-07-13,4.4,19,15,0,0,2380
REN1330,2026-01-30,CUST125,Clinic,Camp,Suction Machine,Surgical Equipment,30,240,7200,3120,250,30,Credit Card,Returned,Good,4.0,2026-03-01,2026-01-20,2026-01-30,2026-03-01,2026-03-01,Completed,Not Cancelled,411058.0,SM-008,2022-11-17,2026-01-26,2026-04-26,3.7,14,11,0,0,7200
REN1331,2026-05-27,CUST146,Hospital,Shivajinagar,Hospital Bed,Patient Care Equipment,5,380,1900,3800,500,95,Debit Card,Active,Good,4.5,,2026-05-17,2026-05-27,2026-06-01,,Confirmed,Not Cancelled,411007.0,HB-016,2023-09-12,2024-11-01,2025-11-01,2.9,23,15,0,0,1900
REN1332,2026-02-19,CUST282,Home Care,Bibwewadi,Suction Machine,Surgical Equipment,10,240,2400,3840,300,7,Debit Card,Returned,Good,5.0,2026-03-01,2026-02-15,2026-02-19,2026-03-01,2026-03-01,Completed,Not Cancelled,411037.0,SM-013,2022-07-24,2024-05-07,2025-05-07,4.0,14,5,0,0,2400
REN1333,2024-02-07,CUST254,Hospital,Aundh,Oxygen Concentrator,Respiratory Equipment,3,280,840,4480,500,38,UPI,Returned,Excellent,4.5,2024-02-10,2024-01-29,2024-02-07,2024-02-10,2024-02-10,Completed,Not Cancelled,411040.0,OC-009,2024-12-24,2025-05-23,2025-11-19,1.6,16,12,0,0,840
REN1334,2024-12-17,CUST261,Hospital,Viman Nagar,Fowler Bed,Patient Care Equipment,3,470,1410,10340,350,140,UPI,Returned,Excellent,3.0,2024-12-20,2024-12-09,2024-12-17,2024-12-20,2024-12-20,Completed,Not Cancelled,411009.0,FB-014,2023-07-25,2025-06-16,2025-10-14,3.0,15,12,0,0,1410
REN1335,2024-02-19,CUST395,Individual Patient,Wanowrie,Oxygen Concentrator,Respiratory Equipment,30,290,8700,5800,100,23,UPI,Returned,Good,4.5,2024-03-20,2024-02-05,2024-02-19,2024-03-20,2024-03-20,Completed,Not Cancelled,411042.0,OC-013,2023-06-29,2024-03-06,2025-03-06,3.1,16,14,0,0,8700
REN1336,2024-04-18,CUST318,Clinic,Dhankawadi,Surgical Loupe,Surgical Equipment,7,220,1540,2860,300,31,Debit Card,Returned,Good,4.5,2024-04-25,2024-04-12,2024-04-18,2024-04-25,2024-04-25,Completed,Not Cancelled,,SL-007,2025-04-06,2025-11-22,2026-05-21,1.3,7,6,1,0,1540
REN1337,2025-09-25,CUST437,Home Care,Wakad,Wheelchair,Mobility Equipment,14,140,1960,1540,200,4,UPI,Returned,Good,4.5,2025-10-09,2025-09-20,2025-09-25,2025-10-09,2025-10-09,Completed,Not Cancelled,411040.0,WC-013,2024-09-18,2026-02-24,2026-08-23,1.9,20,16,0,0,1960
REN1338,2025-11-01,CUST365,Home Care,Kharadi,Surgical Headlight,Surgical Equipment,3,200,600,4000,350,7,UPI,Returned,Excellent,4.5,2025-11-04,2025-10-22,2025-11-01,2025-11-04,2025-11-04,Completed,Not Cancelled,411030.0,SH-002,2022-07-07,2023-03-12,2023-06-10,4.1,8,4,0,0,600
REN1339,2026-01-01,CUST598,Home Care,Viman Nagar,Surgical Headlight,Surgical Equipment,7,170,1190,2720,150,13,Credit Card,Returned,Fair,5.0,2026-01-08,2025-12-23,2026-01-01,2026-01-08,2026-01-08,Completed,Not Cancelled,411057.0,SH-002,2022-07-07,2023-03-12,2023-06-10,4.1,8,8,0,0,1190
REN1340,2026-04-03,CUST368,Home Care,Hadapsar,CPAP Machine,Respiratory Equipment,14,350,4900,3500,500,22,UPI,Returned,Good,3.5,2026-04-17,2026-04-01,2026-04-03,2026-04-17,2026-04-17,Completed,Not Cancelled,411014.0,CP-011,2025-03-04,2025-12-26,2026-12-26,1.4,19,15,0,0,4900
REN1341,2025-11-27,CUST298,Clinic,Dhankawadi,Oxygen Concentrator,Respiratory Equipment,14,290,4060,5510,400,54,Cash,Returned,Excellent,4.0,2025-12-11,2025-11-20,2025-11-27,2025-12-11,2025-12-11,Completed,Not Cancelled,411046.0,OC-012,2022-09-21,2025-04-21,2025-10-18,3.9,16,14,0,0,4060
REN1342,2026-01-28,CUST263,Individual Patient,Aundh,CPAP Machine,Respiratory Equipment,7,360,2520,5040,150,114,Credit Card,Returned,Good,4.0,2026-02-04,2026-01-21,2026-01-28,2026-02-04,2026-02-04,Completed,Not Cancelled,411030.0,CP-011,2025-03-04,2025-12-26,2026-12-26,1.4,19,16,0,0,2520
REN1343,2024-02-20,CUST530,Home Care,Chinchwad,Surgical Loupe,Surgical Equipment,45,240,10800,2880,600,14,UPI,Returned,Good,5.0,2024-04-05,2024-02-13,2024-02-20,2024-04-05,2024-04-05,Completed,Not Cancelled,411030.0,SL-004,2024-02-17,2025-06-05,2025-12-02,2.5,7,7,0,0,10800
REN1344,2024-08-07,CUST022,Individual Patient,Bibwewadi,Suction Machine,Surgical Equipment,14,230,3220,4140,250,71,UPI,Returned,Good,5.0,2024-08-21,2024-07-26,2024-08-07,2024-08-21,2024-08-21,Completed,Not Cancelled,411015.0,SM-001,2022-01-16,2022-11-13,2023-11-13,4.5,14,14,0,0,3220
REN1345,2025-08-08,CUST429,Individual Patient,Bibwewadi,Patient Monitor,Monitoring Equipment,7,610,4270,12200,200,149,Bank Transfer,Returned,Good,5.0,2025-08-15,2025-08-01,2025-08-08,2025-08-15,2025-08-15,Completed,Not Cancelled,411045.0,PM-002,2024-11-14,2025-12-21,2026-04-20,1.7,13,12,0,0,4270
REN1346,2026-03-26,CUST021,Home Care,Hinjawadi,Hospital Bed,Patient Care Equipment,1,370,370,7400,100,31,Bank Transfer,Returned,Good,5.0,2026-03-27,2026-03-15,2026-03-26,2026-03-27,2026-03-27,Completed,Not Cancelled,411014.0,HB-021,2025-06-17,2026-06-19,2026-12-16,1.1,23,6,0,0,370
REN1347,2024-01-05,CUST419,Home Care,Dhankawadi,ECG Machine,Diagnostic Equipment,45,520,23400,6760,200,64,Credit Card,Active,Excellent,4.5,,2024-01-01,2024-01-05,2024-02-19,,Confirmed,Not Cancelled,411030.0,ECG-001,2025-06-16,2025-11-07,,1.1,9,9,0,0,23400
REN1348,2025-05-06,CUST128,Hospital,Hadapsar,Hospital Bed,Patient Care Equipment,7,340,2380,5780,100,31,UPI,Active,Good,4.0,,2025-05-05,2025-05-06,2025-05-13,,Confirmed,Not Cancelled,411038.0,HB-023,2023-09-05,2024-01-10,2024-05-09,2.9,23,23,0,0,2380
REN1349,2025-09-27,CUST165,Home Care,Chinchwad,Hospital Bed,Patient Care Equipment,21,330,6930,5280,350,93,Debit Card,Active,Good,4.5,,2025-09-23,2025-09-27,2025-10-18,,Confirmed,Not Cancelled,411007.0,HB-017,2022-03-17,2026-02-27,2026-08-26,4.4,23,21,0,0,6930
REN1350,2024-01-31,CUST289,Hospital,Bibwewadi,Oxygen Concentrator,Respiratory Equipment,14,280,3920,5880,400,73,Bank Transfer,Returned,Fair,4.5,2024-02-14,2024-01-25,2024-01-31,2024-02-14,2024-02-14,Completed,Not Cancelled,411048.0,OC-007,2022-03-01,2024-09-16,2025-01-14,4.4,16,13,0,0,3920
REN1351,2025-01-15,CUST326,Home Care,Pimpri,Fowler Bed,Patient Care Equipment,30,400,12000,4800,300,51,Bank Transfer,Returned,Excellent,4.5,2025-02-14,2025-01-05,2025-01-15,2025-02-14,2025-02-14,Completed,Not Cancelled,411028.0,FB-010,2025-01-27,2025-09-11,2026-03-10,1.5,15,13,0,0,12000
REN1352,2026-05-01,CUST292,Hospital,Hinjawadi,Surgical Headlight,Surgical Equipment,14,190,2660,3800,550,9,Credit Card,Returned,Good,3.5,2026-05-15,2026-04-24,2026-05-01,2026-05-15,2026-05-15,Completed,Not Cancelled,411052.0,SH-007,2022-04-06,2022-09-26,2023-01-24,4.3,8,4,0,0,2660
REN1353,2025-09-22,CUST371,Clinic,Shivajinagar,Commode Chair,Mobility Equipment,5,90,450,1260,600,8,Cash,Returned,Good,,2025-09-27,2025-09-17,2025-09-22,2025-09-27,2025-09-27,Completed,Not Cancelled,411043.0,CC-001,2024-04-22,2025-08-07,2025-11-05,2.3,10,8,0,0,450
REN1354,2024-08-09,CUST204,Home Care,Dhankawadi,Wheelchair,Mobility Equipment,7,140,980,2520,250,32,Bank Transfer,Returned,Excellent,4.5,2024-08-16,2024-08-04,2024-08-09,2024-08-16,2024-08-16,Completed,Not Cancelled,411027.0,WC-020,2023-01-10,2024-02-15,2024-06-14,3.6,20,16,0,0,980
REN1355,2026-03-21,CUST349,Home Care,Hinjawadi,CPAP Machine,Respiratory Equipment,3,340,1020,5440,450,20,Credit Card,Returned,Good,3.5,2026-03-24,2026-03-07,2026-03-21,2026-03-24,2026-03-24,Completed,Not Cancelled,411045.0,CP-002,2022-02-22,2023-07-14,2024-07-13,4.4,19,14,0,0,1020
REN1356,2024-11-22,CUST234,Diagnostic Center,Kothrud,Commode Chair,Mobility Equipment,14,90,1260,1260,300,18,Cash,Returned,Good,5.0,2024-12-06,2024-11-20,2024-11-22,2024-12-06,2024-12-06,Completed,Not Cancelled,411037.0,CC-007,2024-03-04,2024-05-09,2024-08-07,2.4,10,9,0,0,1260
REN1357,2026-03-22,CUST275,Individual Patient,Pimpri,Patient Monitor,Monitoring Equipment,10,560,5600,7280,250,127,Debit Card,Returned,Good,3.0,2026-04-01,2026-03-20,2026-03-22,2026-04-01,2026-04-01,Completed,Not Cancelled,411038.0,PM-010,2022-07-05,2026-04-25,2026-10-22,4.1,13,9,0,0,5600
REN1358,2024-10-04,CUST331,Hospital,Kothrud,Wheelchair,Mobility Equipment,3,160,480,2240,200,40,Bank Transfer,Cancelled,Good,5.0,,2024-09-27,2024-10-04,,,Cancelled,Cancelled,411048.0,,,,,,20,20,0,1,480
REN1359,2025-07-12,CUST369,Home Care,Koregaon Park,CPAP Machine,Respiratory Equipment,14,340,4760,5780,350,24,Bank Transfer,Returned,Excellent,3.5,2025-07-26,2025-07-04,2025-07-12,2025-07-26,2025-07-26,Completed,Not Cancelled,411043.0,CP-001,2022-11-27,2025-01-06,2025-04-06,3.7,19,13,0,0,4760
REN1360,2025-01-10,CUST552,Home Care,Shivajinagar,Suction Machine,Surgical Equipment,21,260,5460,4420,150,46,Credit Card,Returned,Excellent,5.0,2025-01-31,2025-01-06,2025-01-10,2025-01-31,2025-01-31,Completed,Not Cancelled,411058.0,SM-014,2024-10-23,2025-06-25,2025-12-22,1.8,14,13,0,0,5460
REN1361,2024-09-12,CUST228,Individual Patient,Erandwane,Ventilator,Critical Care Equipment,5,1090,5450,19620,450,194,Credit Card,Returned,Good,4.5,2024-09-17,2024-09-11,2024-09-12,2024-09-17,2024-09-17,Completed,Not Cancelled,411057.0,VT-004,2023-09-08,2024-10-14,2025-04-12,2.9,8,4,0,0,5450
REN1362,2026-04-23,CUST104,Clinic,Baner,BiPAP Machine,Respiratory Equipment,14,560,7840,10080,550,166,UPI,Returned,Fair,4.0,2026-05-07,2026-04-17,2026-04-23,2026-05-07,2026-05-07,Completed,Not Cancelled,411048.0,BP-005,2022-02-05,2024-01-14,2025-01-13,4.5,11,7,0,0,7840
REN1363,2024-06-28,CUST331,Home Care,Vishrantwadi,Hospital Bed,Patient Care Equipment,7,360,2520,3600,300,65,Credit Card,Active,Good,,,2024-06-26,2024-06-28,2024-07-05,,Confirmed,Not Cancelled,411038.0,HB-004,2025-03-24,2026-06-21,2026-12-18,1.4,23,19,0,0,2520
REN1364,2024-03-26,CUST515,Hospital,Kharadi,Nebulizer,Respiratory Equipment,5,90,450,1350,400,14,UPI,Returned,Excellent,4.0,2024-03-31,2024-03-25,2024-03-26,2024-03-31,2024-03-31,Completed,Not Cancelled,411038.0,NB-003,2023-10-05,2025-10-07,2026-01-05,2.8,12,8,0,0,450
REN1365,2024-11-16,CUST202,Hospital,Koregaon Park,Wheelchair,Mobility Equipment,7,160,1120,2240,600,11,UPI,Returned,Good,5.0,2024-11-23,2024-11-12,2024-11-16,2024-11-23,2024-11-23,Completed,Not Cancelled,411052.0,WC-012,2025-04-29,2026-05-02,,1.3,20,14,0,0,1120
REN1366,2025-11-05,CUST203,Home Care,Wakad,Infusion Pump,Critical Care Equipment,10,340,3400,5100,450,86,Cash,Returned,Good,3.5,2025-11-15,2025-11-03,2025-11-05,2025-11-15,2025-11-15,Completed,Not Cancelled,411052.0,IP-008,2023-06-01,2023-09-22,2024-01-20,3.2,10,8,0,0,3400
REN1367,2026-02-04,CUST334,Home Care,Kothrud,CPAP Machine,Respiratory Equipment,3,370,1110,5180,300,84,UPI,Returned,Good,4.0,2026-02-07,2026-01-30,2026-02-04,2026-02-07,2026-02-07,Completed,Not Cancelled,411030.0,CP-006,2022-06-19,2025-01-14,2025-04-14,4.1,19,16,0,0,1110
REN1368,2026-07-30,CUST146,Home Care,Hadapsar,Wheelchair,Mobility Equipment,5,140,700,1680,550,36,Debit Card,Returned,Excellent,4.5,2026-08-04,2026-07-21,2026-07-30,2026-08-04,2026-08-04,Completed,Not Cancelled,411046.0,WC-019,2023-12-24,2026-05-27,2026-08-25,2.6,20,5,0,0,700
REN1369,2024-10-02,CUST370,Individual Patient,Vishrantwadi,Fowler Bed,Patient Care Equipment,5,410,2050,9020,100,98,UPI,Returned,Good,4.5,2024-10-07,2024-10-01,2024-10-02,2024-10-07,2024-10-07,Completed,Not Cancelled,411042.0,FB-009,2024-02-22,2025-12-15,2026-12-15,2.4,15,12,0,0,2050
REN1370,2025-01-22,CUST359,Hospital,Shivajinagar,Wheelchair,Mobility Equipment,30,160,4800,1600,400,50,UPI,Returned,Good,4.5,2025-02-21,2025-01-17,2025-01-22,2025-02-21,2025-02-21,Completed,Not Cancelled,411009.0,WC-015,2022-05-31,2025-11-16,2026-11-16,4.2,20,16,0,0,4800
REN1371,2024-05-14,CUST173,Individual Patient,Baner,Wheelchair,Mobility Equipment,7,160,1120,2720,200,50,UPI,Returned,Good,3.5,2024-05-21,2024-05-09,2024-05-14,2024-05-21,2024-05-21,Completed,Not Cancelled,411009.0,WC-015,2022-05-31,,2026-11-16,4.2,20,15,0,0,1120
REN1372,2025-06-29,CUST394,Home Care,Koregaon Park,Patient Monitor,Monitoring Equipment,3,650,1950,9750,150,83,Credit Card,Returned,Good,4.5,2025-07-02,2025-06-28,2025-06-29,2025-07-02,2025-07-02,Completed,Not Cancelled,411008.0,PM-007,2023-09-28,2024-02-25,2024-05-25,2.8,13,11,0,0,1950
REN1373,2026-07-30,CUST229,Hospital,Kharadi,Commode Chair,Mobility Equipment,21,90,1890,1710,350,8,Credit Card,Returned,Good,4.0,2026-08-20,2026-07-21,2026-07-30,2026-08-20,2026-08-20,Completed,Not Cancelled,411027.0,CC-003,2023-05-29,2025-12-14,2026-03-14,3.2,10,3,0,0,1890
REN1374,2025-10-20,CUST465,Individual Patient,Erandwane,ECG Machine,Diagnostic Equipment,7,550,3850,11000,450,180,UPI,Returned,Good,4.5,2025-10-27,2025-10-19,2025-10-20,2025-10-27,2025-10-27,Completed,Not Cancelled,411057.0,ECG-005,2022-01-24,2022-08-13,2022-12-11,4.5,9,8,0,0,3850
REN1375,2025-07-16,CUST222,Individual Patient,Wakad,CPAP Machine,Respiratory Equipment,3,360,1080,6480,500,93,Bank Transfer,Returned,Good,4.0,2025-07-19,2025-07-04,2025-07-16,2025-07-19,2025-07-19,Completed,Not Cancelled,411028.0,CP-011,2025-03-04,2025-12-26,2026-12-26,1.4,19,11,0,0,1080
REN1376,2025-01-06,CUST160,Individual Patient,Shivajinagar,Hospital Bed,Patient Care Equipment,1,330,330,6270,500,112,Credit Card,Returned,Fair,5.0,2025-01-07,2024-12-30,2025-01-06,2025-01-07,2025-01-07,Completed,Not Cancelled,411057.0,HB-020,2025-01-09,2025-06-27,2025-10-25,1.6,23,21,0,0,330
REN1377,2026-05-19,CUST173,Home Care,Hinjawadi,Fowler Bed,Patient Care Equipment,10,420,4200,5460,250,79,UPI,Returned,Excellent,4.5,2026-05-29,2026-05-16,2026-05-19,2026-05-29,2026-05-29,Completed,Not Cancelled,,FB-004,2022-08-26,2025-11-03,2026-11-03,3.9,15,14,1,0,4200
REN1378,2025-04-19,CUST407,Hospital,Kharadi,CPAP Machine,Respiratory Equipment,45,390,17550,8580,300,132,UPI,Returned,Good,4.5,2025-06-03,2025-04-07,2025-04-19,2025-06-03,2025-06-03,Completed,Not Cancelled,411038.0,CP-004,2023-07-31,2023-10-18,2024-01-16,3.0,19,17,0,0,17550
REN1379,2024-05-11,CUST141,Individual Patient,Aundh,Wheelchair,Mobility Equipment,7,140,980,1540,150,10,UPI,Returned,Good,5.0,2024-05-18,2024-05-07,2024-05-11,2024-05-18,2024-05-18,Completed,Not Cancelled,411027.0,WC-009,2024-08-16,2024-11-16,2025-11-16,2.0,20,16,0,0,980
REN1380,2024-12-10,CUST061,Individual Patient,Baner,Surgical Headlight,Surgical Equipment,10,170,1700,3060,400,37,UPI,Returned,Good,5.0,2024-12-20,2024-12-07,2024-12-10,2024-12-20,2024-12-20,Completed,Not Cancelled,411045.0,SH-005,2023-10-28,2025-09-07,2025-12-06,2.8,8,5,0,0,1700
REN1381,2024-03-09,CUST118,Home Care,Baner,Ventilator,Critical Care Equipment,7,1180,8260,12980,500,223,UPI,Returned,Good,5.0,2024-03-16,2024-03-05,2024-03-09,2024-03-16,2024-03-16,Completed,Not Cancelled,411042.0,VT-004,2023-09-08,2024-10-14,2025-04-12,2.9,8,8,0,0,8260
REN1382,2024-07-10,CUST397,Hospital,Vishrantwadi,Hospital Bed,Patient Care Equipment,14,370,5180,4810,350,11,Bank Transfer,Returned,Excellent,4.5,2024-07-24,2024-07-03,2024-07-10,2024-07-24,2024-07-24,Completed,Not Cancelled,411028.0,HB-017,2022-03-17,2026-02-27,2026-08-26,4.4,23,13,0,0,5180
REN1383,2024-01-18,CUST250,Hospital,Wakad,Commode Chair,Mobility Equipment,45,90,4050,1800,250,8,Bank Transfer,Returned,Good,5.0,2024-03-03,2024-01-10,2024-01-18,2024-03-03,2024-03-03,Completed,Not Cancelled,411047.0,CC-006,2024-10-14,2025-03-18,2025-07-16,1.8,10,7,0,0,4050
REN1384,2025-03-08,CUST272,Individual Patient,Camp,Suction Machine,Surgical Equipment,7,240,1680,4320,250,19,Debit Card,Returned,Excellent,4.0,2025-03-15,2025-02-28,2025-03-08,2025-03-15,2025-03-15,Completed,Not Cancelled,411046.0,SM-006,2024-01-04,2024-10-23,2025-02-20,2.6,14,11,0,0,1680
REN1385,2025-08-19,CUST138,Clinic,Dhankawadi,Oxygen Concentrator,Respiratory Equipment,45,260,11700,4680,450,13,Bank Transfer,Returned,Good,5.0,2025-10-03,2025-08-07,2025-08-19,2025-10-03,2025-10-03,Completed,Not Cancelled,411046.0,OC-008,2022-01-13,2023-05-05,2023-08-03,4.5,16,12,0,0,11700
REN1386,2024-11-17,CUST597,Clinic,Camp,Suction Machine,Surgical Equipment,3,250,750,5000,450,83,Credit Card,Returned,Fair,4.5,2024-11-20,2024-11-04,2024-11-17,2024-11-20,2024-11-20,Completed,Not Cancelled,411037.0,SM-009,2023-07-17,2026-04-30,2027-04-30,3.0,14,10,0,0,750
REN1387,2025-02-03,CUST173,Home Care,Wakad,Hospital Bed,Patient Care Equipment,21,370,7770,4810,350,125,UPI,Returned,Excellent,4.5,2025-02-24,2025-02-01,2025-02-03,2025-02-24,2025-02-24,Completed,Not Cancelled,411043.0,HB-002,2024-02-10,2024-08-21,2025-02-17,2.5,23,20,0,0,7770
REN1388,2026-06-27,CUST166,Hospital,Vishrantwadi,Hospital Bed,Patient Care Equipment,45,380,17100,6840,200,120,UPI,Returned,Excellent,5.0,2026-08-11,2026-06-15,2026-06-27,2026-08-11,2026-08-11,Completed,Not Cancelled,411028.0,HB-022,2022-10-26,2023-05-17,2024-05-16,3.8,23,14,0,0,17100
REN1389,2025-12-10,CUST365,Individual Patient,Hadapsar,Surgical Loupe,Surgical Equipment,10,200,2000,2400,300,69,Bank Transfer,Returned,Fair,4.5,2025-12-20,2025-12-08,2025-12-10,2025-12-20,2025-12-20,Completed,Not Cancelled,411058.0,SL-007,2025-04-06,2025-11-22,2026-05-21,1.3,7,7,0,0,2000
REN1390,2025-05-30,CUST451,Diagnostic Center,Hadapsar,Suction Machine,Surgical Equipment,45,230,10350,3680,250,68,UPI,Returned,Good,4.5,2025-07-14,2025-05-17,2025-05-30,2025-07-14,2025-07-14,Completed,Not Cancelled,411037.0,SM-001,2022-01-16,2022-11-13,2023-11-13,4.5,14,12,0,0,10350
REN1391,2024-09-21,CUST086,Home Care,Dhankawadi,Wheelchair,Mobility Equipment,30,150,4500,2250,150,49,UPI,Returned,Good,5.0,2024-10-21,2024-09-18,2024-09-21,2024-10-21,2024-10-21,Completed,Not Cancelled,411027.0,WC-004,2024-04-11,2025-03-19,2025-07-17,2.3,20,17,0,0,4500
REN1392,2026-05-02,CUST288,Home Care,Erandwane,Fowler Bed,Patient Care Equipment,10,470,4700,8460,300,44,Cash,Returned,Good,4.5,2026-05-12,2026-04-29,2026-05-02,2026-05-12,2026-05-12,Completed,Not Cancelled,411038.0,FB-015,2024-03-17,2025-01-08,2025-05-08,2.4,15,9,0,0,4700
REN1393,2024-08-07,CUST136,Individual Patient,Erandwane,Walker,Mobility Equipment,3,70,210,700,550,8,UPI,Returned,Excellent,4.0,2024-08-10,2024-08-02,2024-08-07,2024-08-10,2024-08-10,Completed,Not Cancelled,411057.0,WK-003,2024-07-22,2024-11-09,2025-05-08,2.0,7,6,0,0,210
REN1394,2024-10-30,CUST371,Home Care,Hinjawadi,CPAP Machine,Respiratory Equipment,7,370,2590,3700,400,113,UPI,Returned,Excellent,4.0,2024-11-06,2024-10-28,2024-10-30,2024-11-06,2024-11-06,Completed,Not Cancelled,411057.0,CP-013,2024-04-10,,2027-03-03,2.3,19,15,0,0,2590
REN1395,2026-05-13,CUST169,Hospital,Hinjawadi,Surgical Headlight,Surgical Equipment,14,170,2380,1700,150,31,Cash,Active,Good,4.5,,2026-05-03,2026-05-13,2026-05-27,,Confirmed,Not Cancelled,411030.0,SH-005,2023-10-28,2025-09-07,2025-12-06,2.8,8,4,0,0,2380
REN1396,2025-05-20,CUST351,Individual Patient,Viman Nagar,Infusion Pump,Critical Care Equipment,7,300,2100,3900,550,78,UPI,Returned,Excellent,4.0,2025-05-27,2025-05-18,2025-05-20,2025-05-27,2025-05-27,Completed,Not Cancelled,411052.0,IP-001,2025-02-21,2026-06-24,2026-09-22,1.4,10,10,0,0,2100
REN1397,2025-11-30,CUST251,Home Care,Chinchwad,Oxygen Concentrator,Respiratory Equipment,5,280,1400,4760,200,59,UPI,Returned,Good,4.5,2025-12-05,2025-11-25,2025-11-30,2025-12-05,2025-12-05,Completed,Not Cancelled,411028.0,OC-003,2024-12-09,2025-07-09,2026-07-09,1.6,16,14,0,0,1400
REN1398,2025-07-12,CUST478,Individual Patient,Camp,BiPAP Machine,Respiratory Equipment,7,530,3710,6360,400,68,UPI,Active,Good,5.0,,2025-07-01,2025-07-12,2025-07-19,,Confirmed,Not Cancelled,411014.0,BP-011,2025-01-04,2025-09-04,2026-09-04,1.6,11,8,0,0,3710
REN1399,2025-09-04,CUST391,Clinic,Wanowrie,BiPAP Machine,Respiratory Equipment,10,520,5200,11440,400,63,UPI,Cancelled,Good,4.0,,2025-08-28,2025-09-04,,,Cancelled,Cancelled,411015.0,,,,,,11,11,0,1,5200
REN1400,2024-10-05,CUST284,Hospital,Viman Nagar,Commode Chair,Mobility Equipment,3,90,270,1350,450,24,Cash,Returned,Good,,2024-10-08,2024-09-28,2024-10-05,2024-10-08,2024-10-08,Completed,Not Cancelled,411027.0,CC-004,2025-02-10,2026-02-10,2026-08-09,1.5,10,10,0,0,270
REN1401,2024-08-13,CUST026,Individual Patient,Koregaon Park,CPAP Machine,Respiratory Equipment,3,340,1020,4420,500,68,Bank Transfer,Returned,Good,5.0,2024-08-16,2024-07-30,2024-08-13,2024-08-16,2024-08-16,Completed,Not Cancelled,411027.0,CP-013,2024-04-10,2026-03-03,2027-03-03,2.3,19,15,0,0,1020
REN1402,2024-10-28,CUST101,Home Care,Shivajinagar,Hospital Bed,Patient Care Equipment,21,330,6930,6930,250,48,Credit Card,Returned,Excellent,5.0,2024-11-18,2024-10-27,2024-10-28,2024-11-18,2024-11-18,Completed,Not Cancelled,411027.0,HB-014,2025-06-29,2026-07-26,2027-07-26,1.1,23,20,0,0,6930
REN1403,2024-05-30,CUST265,Home Care,Shivajinagar,Wheelchair,Mobility Equipment,45,160,7200,1920,500,36,UPI,Returned,Good,4.0,2024-07-14,2024-05-26,2024-05-30,2024-07-14,2024-07-14,Completed,Not Cancelled,411030.0,WC-007,2024-08-29,2026-04-11,2026-07-10,1.9,20,8,0,0,7200
REN1404,2026-04-11,CUST253,Clinic,Vishrantwadi,Suction Machine,Surgical Equipment,21,240,5040,2880,400,39,UPI,Returned,Good,4.5,2026-05-02,2026-04-09,2026-04-11,2026-05-02,2026-05-02,Completed,Not Cancelled,411007.0,SM-011,2024-04-13,2025-11-27,2026-11-27,2.3,14,12,0,0,5040
REN1405,2024-09-19,CUST395,Hospital,Erandwane,Commode Chair,Mobility Equipment,3,90,270,1260,250,16,Credit Card,Returned,Good,4.5,2024-09-22,2024-09-17,2024-09-19,2024-09-22,2024-09-22,Completed,Not Cancelled,411030.0,CC-003,2023-05-29,2025-12-14,2026-03-14,3.2,10,8,0,0,270
REN1406,2025-06-17,CUST041,Individual Patient,Shivajinagar,Commode Chair,Mobility Equipment,7,90,630,900,150,22,UPI,Returned,Good,5.0,2025-06-24,2025-06-14,2025-06-17,2025-06-24,2025-06-24,Completed,Not Cancelled,411040.0,CC-008,2024-10-02,2026-06-23,2026-12-20,1.8,10,9,0,0,630
REN1407,2026-01-19,CUST434,Clinic,Koregaon Park,Patient Monitor,Monitoring Equipment,1,650,650,11700,400,115,UPI,Returned,Excellent,5.0,2026-01-20,2026-01-12,2026-01-19,2026-01-20,2026-01-20,Completed,Not Cancelled,411037.0,PM-010,2022-07-05,2026-04-25,2026-10-22,4.1,13,13,0,0,650
REN1408,2026-01-11,CUST228,Home Care,Wakad,Hospital Bed,Patient Care Equipment,7,330,2310,6600,350,110,Bank Transfer,Returned,Excellent,,2026-01-18,2026-01-08,2026-01-11,2026-01-18,2026-01-18,Completed,Not Cancelled,411038.0,HB-006,2023-04-29,2023-10-02,2024-01-30,3.3,23,15,0,0,2310
REN1409,2025-02-22,CUST077,Hospital,Hadapsar,Hospital Bed,Patient Care Equipment,14,370,5180,5180,350,69,Debit Card,Returned,Good,4.0,2025-03-08,2025-02-14,2025-02-22,2025-03-08,2025-03-08,Completed,Not Cancelled,411015.0,HB-005,2024-08-09,2025-01-10,2025-04-10,2.0,23,17,0,0,5180
REN1410,2025-03-31,CUST286,Home Care,Vishrantwadi,Commode Chair,Mobility Equipment,7,90,630,1890,450,30,Debit Card,Returned,Excellent,4.5,2025-04-07,2025-03-22,2025-03-31,2025-04-07,2025-04-07,Completed,Not Cancelled,411009.0,CC-003,2023-05-29,2025-12-14,2026-03-14,3.2,10,9,0,0,630
REN1411,2026-07-27,CUST153,Home Care,Erandwane,Patient Monitor,Monitoring Equipment,10,610,6100,6100,450,184,Debit Card,Returned,Excellent,4.5,2026-08-06,2026-07-23,2026-07-27,2026-08-06,2026-08-06,Completed,Not Cancelled,411057.0,PM-013,2023-07-23,2024-09-22,2025-03-21,3.0,13,5,0,0,6100
REN1412,2025-09-24,CUST022,Individual Patient,Kothrud,Commode Chair,Mobility Equipment,3,100,300,1600,150,32,Credit Card,Returned,Excellent,3.5,2025-09-27,2025-09-18,2025-09-24,2025-09-27,2025-09-27,Completed,Not Cancelled,411058.0,CC-004,2025-02-10,2026-02-10,2026-08-09,1.5,10,7,0,0,300
REN1413,2026-02-11,CUST149,Individual Patient,Erandwane,Wheelchair,Mobility Equipment,14,140,1960,2660,250,38,Bank Transfer,Cancelled,Good,5.0,,2026-02-09,2026-02-11,,,Cancelled,Cancelled,411037.0,,,,,,20,20,0,1,1960
REN1414,2026-05-07,CUST171,Diagnostic Center,Hinjawadi,CPAP Machine,Respiratory Equipment,30,380,11400,5320,550,85,Debit Card,Returned,Good,5.0,2026-06-06,2026-04-28,2026-05-07,2026-06-06,2026-06-06,Completed,Not Cancelled,411047.0,CP-019,2023-08-01,2024-08-24,2025-08-24,3.0,19,11,0,0,11400
REN1415,2026-01-15,CUST473,Individual Patient,Chinchwad,Surgical Headlight,Surgical Equipment,7,190,1330,4180,400,38,UPI,Returned,Excellent,5.0,2026-01-22,2026-01-10,2026-01-15,2026-01-22,2026-01-22,Completed,Not Cancelled,411009.0,SH-005,2023-10-28,2025-09-07,2025-12-06,2.8,8,8,0,0,1330
REN1416,2024-06-26,CUST160,Clinic,Dhankawadi,Wheelchair,Mobility Equipment,7,150,1050,2250,300,31,UPI,Returned,Good,5.0,2024-07-03,2024-06-16,2024-06-26,2024-07-03,2024-07-03,Completed,Not Cancelled,,WC-019,2023-12-24,2026-05-27,2026-08-25,2.6,20,7,1,0,1050
REN1417,2025-06-18,CUST412,Hospital,Shivajinagar,Hospital Bed,Patient Care Equipment,7,350,2450,7350,600,33,UPI,Returned,Good,4.0,2025-06-25,2025-06-12,2025-06-18,2025-06-25,2025-06-25,Completed,Not Cancelled,411040.0,HB-014,2025-06-29,2026-07-26,2027-07-26,1.1,23,20,0,0,2450
REN1418,2024-04-11,CUST528,Hospital,Camp,BiPAP Machine,Respiratory Equipment,5,580,2900,10440,450,57,Cash,Returned,Good,4.5,2024-04-16,2024-04-03,2024-04-11,2024-04-16,2024-04-16,Completed,Not Cancelled,411046.0,BP-007,2024-05-15,2025-06-19,2026-06-19,2.2,11,10,0,0,2900
REN1419,2025-09-04,CUST138,Clinic,Kothrud,Suction Machine,Surgical Equipment,30,250,7500,3250,550,10,Cash,Returned,Good,4.5,2025-10-04,2025-08-31,2025-09-04,2025-10-04,2025-10-04,Completed,Not Cancelled,411046.0,SM-010,2024-01-18,2026-06-17,2026-12-14,2.5,14,11,0,0,7500
REN1420,2026-06-24,CUST005,Individual Patient,Erandwane,Walker,Mobility Equipment,14,70,980,1400,350,19,Bank Transfer,Returned,Good,5.0,2026-07-08,2026-06-20,2026-06-24,2026-07-08,2026-07-08,Completed,Not Cancelled,411028.0,WK-002,2024-03-18,2025-12-13,2026-06-11,2.4,7,7,0,0,980
REN1421,2025-05-04,CUST407,Individual Patient,Koregaon Park,Surgical Headlight,Surgical Equipment,7,180,1260,1800,150,13,UPI,Active,Fair,4.5,,2025-04-29,2025-05-04,2025-05-11,,Confirmed,Not Cancelled,411052.0,SH-005,2023-10-28,2025-09-07,2025-12-06,2.8,8,7,0,0,1260
REN1422,2025-02-16,CUST585,Home Care,Camp,Nebulizer,Respiratory Equipment,14,80,1120,960,500,17,Cash,Returned,Good,3.5,2025-03-02,2025-02-09,2025-02-16,2025-03-02,2025-03-02,Completed,Not Cancelled,411043.0,NB-004,2022-09-18,2023-08-03,2023-12-01,3.9,12,7,0,0,1120
REN1423,2024-02-06,CUST225,Home Care,Dhankawadi,Hospital Bed,Patient Care Equipment,30,370,11100,7400,500,27,UPI,Active,Good,4.5,,2024-01-31,2024-02-06,2024-03-07,,Confirmed,Not Cancelled,411028.0,HB-008,2024-07-02,2025-07-25,2026-01-21,2.1,23,21,0,0,11100
REN1424,2026-06-28,CUST570,Clinic,Erandwane,Fowler Bed,Patient Care Equipment,45,430,19350,9030,400,22,UPI,Returned,Fair,,2026-08-12,2026-06-18,2026-06-28,2026-08-12,2026-08-12,Completed,Not Cancelled,411038.0,FB-011,2022-05-13,2023-03-15,2023-06-13,4.2,15,8,0,0,19350
REN1425,2024-04-12,CUST552,Individual Patient,Camp,Surgical Headlight,Surgical Equipment,3,170,510,2550,300,34,Credit Card,Returned,Good,4.5,2024-04-15,2024-04-11,2024-04-12,2024-04-15,2024-04-15,Completed,Not Cancelled,411027.0,SH-003,2023-01-16,2024-03-16,2024-09-12,3.5,8,7,0,0,510
REN1426,2024-02-12,CUST246,Individual Patient,Erandwane,CPAP Machine,Respiratory Equipment,3,370,1110,6660,150,114,Bank Transfer,Returned,Good,5.0,2024-02-15,2024-02-01,2024-02-12,2024-02-15,2024-02-15,Completed,Not Cancelled,411009.0,CP-012,2025-05-31,2025-12-09,2026-04-08,1.2,19,15,0,0,1110
REN1427,2024-08-17,CUST158,Home Care,Wanowrie,Ventilator,Critical Care Equipment,21,980,20580,18620,200,141,Debit Card,Active,Excellent,3.5,,2024-08-05,2024-08-17,2024-09-07,,Confirmed,Not Cancelled,411007.0,VT-005,2024-12-01,2025-11-16,2026-03-16,1.7,8,8,0,0,20580
REN1428,2024-03-07,CUST354,Individual Patient,Hinjawadi,BiPAP Machine,Respiratory Equipment,7,560,3920,10640,600,182,UPI,Returned,Fair,3.5,2024-03-14,2024-03-04,2024-03-07,2024-03-14,2024-03-14,Completed,Not Cancelled,,BP-001,2024-10-27,2025-12-27,2026-03-27,1.8,11,9,1,0,3920
REN1429,2025-03-10,CUST182,Hospital,Viman Nagar,Hospital Bed,Patient Care Equipment,14,350,4900,7350,150,12,UPI,Returned,Excellent,4.5,2025-03-24,2025-03-08,2025-03-10,2025-03-24,2025-03-24,Completed,Not Cancelled,411007.0,HB-001,2024-10-28,2025-07-27,2025-11-24,1.8,23,20,0,0,4900
REN1430,2025-05-07,CUST255,Home Care,Koregaon Park,Fowler Bed,Patient Care Equipment,10,460,4600,5060,450,82,Credit Card,Returned,Good,5.0,2025-05-17,2025-05-01,2025-05-07,2025-05-17,2025-05-17,Completed,Not Cancelled,411058.0,FB-009,2024-02-22,2025-12-15,2026-12-15,2.4,15,14,0,0,4600
REN1431,2024-10-18,CUST167,Hospital,Vishrantwadi,BiPAP Machine,Respiratory Equipment,7,500,3500,6000,450,38,UPI,Active,Good,4.0,,2024-10-17,2024-10-18,2024-10-25,,Confirmed,Not Cancelled,411052.0,BP-003,2022-01-03,2023-01-31,2024-01-31,4.6,11,10,0,0,3500
REN1432,2024-02-21,CUST333,Hospital,Erandwane,Hospital Bed,Patient Care Equipment,5,340,1700,7140,350,45,Debit Card,Returned,Excellent,,2024-02-26,2024-02-18,2024-02-21,2024-02-26,2024-02-26,Completed,Not Cancelled,411046.0,HB-017,2022-03-17,2026-02-27,2026-08-26,4.4,23,16,0,0,1700
REN1433,2024-04-20,CUST329,Hospital,Hadapsar,Oxygen Concentrator,Respiratory Equipment,5,270,1350,4590,600,10,UPI,Returned,Fair,4.5,2024-04-25,2024-04-14,2024-04-20,2024-04-25,2024-04-25,Completed,Not Cancelled,411047.0,OC-016,2022-05-08,2026-06-18,2026-09-16,4.2,16,11,0,0,1350
REN1434,2024-12-29,CUST201,Home Care,Hinjawadi,Nebulizer,Respiratory Equipment,7,70,490,1120,450,3,UPI,Returned,Good,4.5,2025-01-05,2024-12-22,2024-12-29,2025-01-05,2025-01-05,Completed,Not Cancelled,411043.0,NB-006,2024-09-04,2025-08-23,2026-02-19,1.9,12,11,0,0,490
REN1435,2024-03-02,CUST168,Hospital,Pimpri,Wheelchair,Mobility Equipment,10,160,1600,2400,600,41,UPI,Returned,Fair,3.5,2024-03-12,2024-02-29,2024-03-02,2024-03-12,2024-03-12,Completed,Not Cancelled,411046.0,WC-004,2024-04-11,2025-03-19,2025-07-17,2.3,20,17,0,0,1600
REN1436,2025-10-17,CUST288,Home Care,Erandwane,Oxygen Concentrator,Respiratory Equipment,5,260,1300,3640,200,62,Bank Transfer,Returned,Excellent,5.0,2025-10-22,2025-10-05,2025-10-17,2025-10-22,2025-10-22,Completed,Not Cancelled,411048.0,OC-009,2024-12-24,2025-05-23,2025-11-19,1.6,16,14,0,0,1300
REN1437,2024-07-15,CUST203,Individual Patient,Kothrud,BiPAP Machine,Respiratory Equipment,14,570,7980,7410,500,55,Debit Card,Returned,Good,5.0,2024-07-29,2024-07-13,2024-07-15,2024-07-29,2024-07-29,Completed,Not Cancelled,411040.0,BP-007,2024-05-15,2025-06-19,2026-06-19,2.2,11,8,0,0,7980
REN1438,2024-10-08,CUST179,Hospital,Erandwane,Commode Chair,Mobility Equipment,21,90,1890,1350,500,29,UPI,Active,Good,4.5,,2024-10-06,2024-10-08,2024-10-29,,Confirmed,Not Cancelled,411048.0,CC-006,2024-10-14,2025-03-18,2025-07-16,1.8,10,10,0,0,1890
REN1439,2025-01-07,CUST429,Hospital,Wanowrie,Fowler Bed,Patient Care Equipment,3,440,1320,4400,600,110,UPI,Returned,Good,3.0,2025-01-10,2025-01-05,2025-01-07,2025-01-10,2025-01-10,Completed,Not Cancelled,411015.0,FB-005,2023-12-06,2025-12-27,2026-12-27,2.7,15,14,0,0,1320
REN1440,2025-01-30,CUST258,Home Care,Erandwane,Ventilator,Critical Care Equipment,14,1080,15120,14040,300,149,Cash,Cancelled,Fair,4.5,,2025-01-18,2025-01-30,,,Cancelled,Cancelled,411052.0,,,,,,8,8,0,1,15120
REN1441,2024-01-02,CUST392,Clinic,Wakad,Walker,Mobility Equipment,14,70,980,1540,250,11,Credit Card,Returned,Good,4.0,2024-01-16,2023-12-22,2024-01-02,2024-01-16,2024-01-16,Completed,Not Cancelled,411046.0,WK-001,2023-09-04,2024-11-20,2025-03-20,2.9,7,7,0,0,980
REN1442,2024-04-21,CUST589,Home Care,Wakad,Fowler Bed,Patient Care Equipment,14,430,6020,5160,500,53,UPI,Returned,Excellent,4.5,2024-05-05,2024-04-20,2024-04-21,2024-05-05,2024-05-05,Completed,Not Cancelled,411009.0,FB-008,2023-01-30,2026-07-02,2027-07-02,3.5,15,10,0,0,6020
REN1443,2026-03-31,CUST305,Hospital,Pimpri,Wheelchair,Mobility Equipment,14,150,2100,2850,450,44,UPI,Returned,Good,5.0,2026-04-14,2026-03-23,2026-03-31,2026-04-14,2026-04-14,Completed,Not Cancelled,411014.0,WC-005,2022-09-10,2026-02-09,2026-06-09,3.9,20,7,0,0,2100
REN1444,2024-01-02,CUST316,Diagnostic Center,Aundh,Commode Chair,Mobility Equipment,14,90,1260,900,250,17,Cash,Returned,Excellent,3.0,2024-01-16,2024-01-01,2024-01-02,2024-01-16,2024-01-16,Completed,Not Cancelled,411009.0,CC-002,2023-03-30,2023-10-02,2024-10-01,3.3,10,9,0,0,1260
REN1445,2025-04-30,CUST273,Individual Patient,Pimpri,Wheelchair,Mobility Equipment,14,140,1960,2660,250,10,Bank Transfer,Returned,Good,3.0,2025-05-14,2025-04-29,2025-04-30,2025-05-14,2025-05-14,Completed,Not Cancelled,411015.0,WC-007,2024-08-29,2026-04-11,2026-07-10,1.9,20,16,0,0,1960
REN1446,2025-04-12,CUST350,Clinic,Viman Nagar,ECG Machine,Diagnostic Equipment,21,510,10710,6630,500,48,UPI,Returned,Fair,3.5,2025-05-03,2025-04-11,2025-04-12,2025-05-03,2025-05-03,Completed,Not Cancelled,411047.0,ECG-003,2022-12-29,2023-07-22,2024-01-18,3.6,9,9,0,0,10710
REN1447,2024-11-07,CUST219,Hospital,Shivajinagar,Suction Machine,Surgical Equipment,21,230,4830,4370,400,29,UPI,Returned,Good,3.0,2024-11-28,2024-10-28,2024-11-07,2024-11-28,2024-11-28,Completed,Not Cancelled,411048.0,SM-007,2025-04-15,2025-08-10,2025-11-08,1.3,14,12,0,0,4830
REN1448,2025-02-14,CUST587,Hospital,Vishrantwadi,CPAP Machine,Respiratory Equipment,30,320,9600,5120,550,51,UPI,Returned,Excellent,4.0,2025-03-16,2025-02-09,2025-02-14,2025-03-16,2025-03-16,Completed,Not Cancelled,411058.0,CP-009,2022-05-28,2024-08-06,2025-08-06,4.2,19,16,0,0,9600
REN1449,2026-01-08,CUST148,Hospital,Chinchwad,Patient Monitor,Monitoring Equipment,3,640,1920,12800,400,141,UPI,Returned,Excellent,4.5,2026-01-11,2026-01-02,2026-01-08,2026-01-11,2026-01-11,Completed,Not Cancelled,411009.0,PM-001,2023-06-06,2026-05-23,2026-08-21,3.2,13,11,0,0,1920
REN1450,2026-03-10,CUST322,Hospital,Pimpri,Patient Monitor,Monitoring Equipment,30,600,18000,10800,600,203,UPI,Returned,Good,5.0,2026-04-09,2026-03-09,2026-03-10,2026-04-09,2026-04-09,Completed,Not Cancelled,411042.0,PM-003,2022-02-04,2022-07-21,2023-01-17,4.5,13,9,0,0,18000
REN1451,2024-08-29,CUST030,Home Care,Camp,Walker,Mobility Equipment,30,70,2100,1190,250,8,UPI,Active,Fair,3.0,,2024-08-18,2024-08-29,2024-09-28,,Confirmed,Not Cancelled,411048.0,WK-004,2024-03-29,2024-10-16,,2.3,7,6,0,0,2100
REN1452,2024-10-28,CUST143,Hospital,Hinjawadi,Wheelchair,Mobility Equipment,21,150,3150,2850,500,20,UPI,Returned,Good,4.0,2024-11-18,2024-10-14,2024-10-28,2024-11-18,2024-11-18,Completed,Not Cancelled,411058.0,WC-011,2024-06-14,2024-10-17,2025-04-15,2.1,20,15,0,0,3150
REN1453,2024-08-14,CUST233,Home Care,Aundh,Walker,Mobility Equipment,30,70,2100,1540,200,3,UPI,Active,Fair,5.0,,2024-08-11,2024-08-14,2024-09-13,,Confirmed,Not Cancelled,411008.0,WK-006,2024-09-05,2025-05-31,2025-09-28,1.9,7,5,0,0,2100
REN1454,2025-04-03,CUST485,Diagnostic Center,Camp,Hospital Bed,Patient Care Equipment,30,330,9900,5610,450,49,Credit Card,Returned,Good,4.5,2025-05-03,2025-03-27,2025-04-03,2025-05-03,2025-05-03,Completed,Not Cancelled,411045.0,HB-002,2024-02-10,2024-08-21,2025-02-17,2.5,23,20,0,0,9900
REN1455,2025-10-02,CUST374,Home Care,Erandwane,Commode Chair,Mobility Equipment,30,90,2700,1080,300,22,Credit Card,Returned,Excellent,5.0,2025-11-01,2025-09-24,2025-10-02,2025-11-01,2025-11-01,Completed,Not Cancelled,411008.0,CC-005,2024-07-20,2024-10-24,2025-04-22,2.0,10,9,0,0,2700
REN1456,2024-08-01,CUST050,Home Care,Aundh,Surgical Headlight,Surgical Equipment,10,170,1700,1870,350,57,Debit Card,Returned,Fair,4.5,2024-08-11,2024-07-19,2024-08-01,2024-08-11,2024-08-11,Completed,Not Cancelled,411008.0,SH-008,2023-07-21,2025-11-10,2026-02-08,3.0,8,7,0,0,1700
REN1457,2024-11-05,CUST339,Clinic,Wanowrie,CPAP Machine,Respiratory Equipment,7,380,2660,6460,500,101,UPI,Returned,Fair,3.5,2024-11-12,2024-10-31,2024-11-05,2024-11-12,2024-11-12,Completed,Not Cancelled,411048.0,CP-011,2025-03-04,2025-12-26,,1.4,19,17,0,0,2660
REN1458,2026-06-02,CUST104,Home Care,Dhankawadi,Hospital Bed,Patient Care Equipment,14,340,4760,5100,150,23,Debit Card,Returned,Good,4.0,2026-06-16,2026-05-30,2026-06-02,2026-06-16,2026-06-16,Completed,Not Cancelled,411057.0,HB-019,2022-04-24,2024-04-14,2025-04-14,4.3,23,16,0,0,4760
REN1459,2024-02-19,CUST139,Individual Patient,Hadapsar,Commode Chair,Mobility Equipment,5,100,500,1700,200,31,Debit Card,Returned,Good,5.0,2024-02-24,2024-02-15,2024-02-19,2024-02-24,2024-02-24,Completed,Not Cancelled,411014.0,CC-003,2023-05-29,2025-12-14,2026-03-14,3.2,10,4,0,0,500
REN1460,2025-03-16,CUST174,Hospital,Shivajinagar,ECG Machine,Diagnostic Equipment,14,490,6860,8820,400,146,Cash,Returned,Excellent,5.0,2025-03-30,2025-03-09,2025-03-16,2025-03-30,2025-03-30,Completed,Not Cancelled,411048.0,ECG-004,2022-05-09,2024-04-30,2025-04-30,4.2,9,7,0,0,6860
REN1461,2025-10-30,CUST276,Home Care,Hadapsar,Oxygen Concentrator,Respiratory Equipment,7,290,2030,3480,300,26,UPI,Returned,Good,4.5,2025-11-06,2025-10-25,2025-10-30,2025-11-06,2025-11-06,Completed,Not Cancelled,411057.0,OC-005,2024-02-15,2026-06-16,2026-10-14,2.5,16,15,0,0,2030
REN1462,2024-05-26,CUST546,Home Care,Kharadi,Fowler Bed,Patient Care Equipment,14,440,6160,8360,400,145,UPI,Returned,Fair,4.5,2024-06-09,2024-05-25,2024-05-26,2024-06-09,2024-06-09,Completed,Not Cancelled,411040.0,FB-007,2022-07-03,2023-06-21,2023-10-19,4.1,15,13,0,0,6160
REN1463,2024-02-18,CUST392,Individual Patient,Hinjawadi,ECG Machine,Diagnostic Equipment,7,500,3500,11000,300,129,Credit Card,Returned,Good,4.5,2024-02-25,2024-02-08,2024-02-18,2024-02-25,2024-02-25,Completed,Not Cancelled,411014.0,ECG-005,2022-01-24,2022-08-13,2022-12-11,4.5,9,8,0,0,3500
REN1464,2024-05-15,CUST352,Home Care,Chinchwad,Wheelchair,Mobility Equipment,45,150,6750,2100,100,42,UPI,Returned,Good,3.0,2024-06-29,2024-05-04,2024-05-15,2024-06-29,2024-06-29,Completed,Not Cancelled,411046.0,WC-013,2024-09-18,2026-02-24,2026-08-23,1.9,20,14,0,0,6750
REN1465,2026-05-22,CUST440,Home Care,Vishrantwadi,Suction Machine,Surgical Equipment,5,240,1200,5280,600,42,UPI,Returned,Excellent,3.5,2026-05-27,2026-05-17,2026-05-22,2026-05-27,2026-05-27,Completed,Not Cancelled,411040.0,SM-001,2022-01-16,2022-11-13,2023-11-13,4.5,14,10,0,0,1200
REN1466,2024-01-10,CUST160,Home Care,Dhankawadi,CPAP Machine,Respiratory Equipment,7,330,2310,7260,450,31,UPI,Cancelled,Good,5.0,,2024-01-04,2024-01-10,,,Cancelled,Cancelled,411030.0,,,,,,19,19,0,1,2310
REN1467,2024-06-29,CUST450,Individual Patient,Bibwewadi,Wheelchair,Mobility Equipment,5,160,800,2400,400,46,Credit Card,Returned,Good,3.0,2024-07-04,2024-06-24,2024-06-29,2024-07-04,2024-07-04,Completed,Not Cancelled,411052.0,WC-020,2023-01-10,2024-02-15,2024-06-14,3.6,20,11,0,0,800
REN1468,2024-02-01,CUST273,Individual Patient,Hadapsar,ECG Machine,Diagnostic Equipment,7,550,3850,11000,150,101,Bank Transfer,Returned,Good,4.0,2024-02-08,2024-01-26,2024-02-01,2024-02-08,2024-02-08,Completed,Not Cancelled,411043.0,ECG-004,2022-05-09,2024-04-30,2025-04-30,4.2,9,7,0,0,3850
REN1469,2024-04-19,CUST128,Home Care,Baner,Oxygen Concentrator,Respiratory Equipment,3,310,930,6820,200,105,UPI,Returned,Fair,4.5,2024-04-22,2024-04-17,2024-04-19,2024-04-22,2024-04-22,Completed,Not Cancelled,411027.0,OC-012,2022-09-21,2025-04-21,2025-10-18,3.9,16,13,0,0,930
REN1470,2025-08-06,CUST160,Hospital,Bibwewadi,Walker,Mobility Equipment,3,70,210,1470,400,6,Cash,Returned,Good,4.5,2025-08-09,2025-08-01,2025-08-06,2025-08-09,2025-08-09,Completed,Not Cancelled,411037.0,WK-001,2023-09-04,2024-11-20,2025-03-20,2.9,7,6,0,0,210
REN1471,2024-08-13,CUST593,Hospital,Dhankawadi,Patient Monitor,Monitoring Equipment,14,590,8260,8850,100,85,Bank Transfer,Returned,Fair,5.0,2024-08-27,2024-08-08,2024-08-13,2024-08-27,2024-08-27,Completed,Not Cancelled,411028.0,PM-013,2023-07-23,2024-09-22,2025-03-21,3.0,13,11,0,0,8260
REN1472,2025-06-24,CUST184,Home Care,Wanowrie,Fowler Bed,Patient Care Equipment,10,420,4200,7560,350,111,UPI,Returned,Good,3.0,2025-07-04,2025-06-10,2025-06-24,2025-07-04,2025-07-04,Completed,Not Cancelled,411040.0,FB-009,2024-02-22,2025-12-15,2026-12-15,2.4,15,12,0,0,4200
REN1473,2025-07-12,CUST548,Individual Patient,Wanowrie,CPAP Machine,Respiratory Equipment,14,360,5040,6120,550,77,UPI,Returned,Good,5.0,2025-07-26,2025-07-11,2025-07-12,2025-07-26,2025-07-26,Completed,Not Cancelled,411027.0,CP-002,2022-02-22,2023-07-14,2024-07-13,4.4,19,13,0,0,5040
REN1474,2026-03-18,CUST364,Clinic,Kharadi,CPAP Machine,Respiratory Equipment,3,360,1080,5400,550,61,UPI,Returned,Good,3.5,2026-03-21,2026-03-14,2026-03-18,2026-03-21,2026-03-21,Completed,Not Cancelled,411043.0,CP-018,2022-12-12,2023-08-05,2024-08-04,3.6,19,12,0,0,1080
REN1475,2024-01-05,CUST249,Individual Patient,Bibwewadi,ECG Machine,Diagnostic Equipment,1,470,470,8460,350,120,Debit Card,Returned,Good,4.0,2024-01-06,2023-12-31,2024-01-05,2024-01-06,2024-01-06,Completed,Not Cancelled,411037.0,ECG-002,2022-10-22,2024-10-03,2025-01-31,3.8,9,9,0,0,470
REN1476,2026-03-22,CUST483,Individual Patient,Erandwane,BiPAP Machine,Respiratory Equipment,21,480,10080,10560,200,127,Bank Transfer,Returned,Good,4.5,2026-04-12,2026-03-12,2026-03-22,2026-04-12,2026-04-12,Completed,Not Cancelled,411008.0,BP-005,2022-02-05,2024-01-14,2025-01-13,4.5,11,10,0,0,10080
REN1477,2025-08-05,CUST247,Individual Patient,Koregaon Park,Commode Chair,Mobility Equipment,7,90,630,900,100,19,Bank Transfer,Returned,Good,5.0,2025-08-12,2025-07-31,2025-08-05,2025-08-12,2025-08-12,Completed,Not Cancelled,411007.0,CC-004,2025-02-10,2026-02-10,2026-08-09,1.5,10,7,0,0,630
REN1478,2024-06-06,CUST247,Home Care,Camp,CPAP Machine,Respiratory Equipment,30,320,9600,6720,150,42,Bank Transfer,Active,Good,4.5,,2024-06-03,2024-06-06,2024-07-06,,Confirmed,Not Cancelled,411008.0,CP-001,2022-11-27,2025-01-06,2025-04-06,3.7,19,16,0,0,9600
REN1479,2025-12-31,CUST233,Clinic,Koregaon Park,Oxygen Concentrator,Respiratory Equipment,30,280,8400,3920,250,64,UPI,Returned,Excellent,4.0,2026-01-30,2025-12-25,2025-12-31,2026-01-30,2026-01-30,Completed,Not Cancelled,411014.0,OC-013,2023-06-29,2024-03-06,2025-03-06,3.1,16,12,0,0,8400
REN1480,2026-03-24,CUST384,Clinic,Bibwewadi,Hospital Bed,Patient Care Equipment,21,330,6930,6600,400,67,Cash,Returned,Good,4.5,2026-04-14,2026-03-21,2026-03-24,2026-04-14,2026-04-14,Completed,Not Cancelled,411008.0,HB-016,2023-09-12,2024-11-01,2025-11-01,2.9,23,10,0,0,6930
REN1481,2024-08-24,CUST386,Clinic,Kothrud,Commode Chair,Mobility Equipment,7,90,630,990,450,26,Debit Card,Returned,Good,3.5,2024-08-31,2024-08-18,2024-08-24,2024-08-31,2024-08-31,Completed,Not Cancelled,,CC-006,2024-10-14,2025-03-18,2025-07-16,1.8,10,9,1,0,630
REN1482,2026-05-22,CUST293,Home Care,Chinchwad,CPAP Machine,Respiratory Equipment,5,380,1900,7980,350,91,Bank Transfer,Returned,Good,5.0,2026-05-27,2026-05-14,2026-05-22,2026-05-27,2026-05-27,Completed,Not Cancelled,411042.0,CP-012,2025-05-31,2025-12-09,2026-04-08,1.2,19,7,0,0,1900
REN1483,2025-03-10,CUST261,Individual Patient,Wakad,Fowler Bed,Patient Care Equipment,7,470,3290,7050,550,89,Credit Card,Returned,Good,5.0,2025-03-17,2025-03-04,2025-03-10,2025-03-17,2025-03-17,Completed,Not Cancelled,411007.0,FB-015,2024-03-17,2025-01-08,2025-05-08,2.4,15,14,0,0,3290
REN1484,2025-07-23,CUST130,Home Care,Hinjawadi,Fowler Bed,Patient Care Equipment,14,430,6020,9030,150,15,UPI,Returned,Excellent,4.5,2025-08-06,2025-07-16,2025-07-23,2025-08-06,2025-08-06,Completed,Not Cancelled,411037.0,FB-010,2025-01-27,2025-09-11,2026-03-10,1.5,15,15,0,0,6020
REN1485,2026-07-19,CUST342,Individual Patient,Hadapsar,CPAP Machine,Respiratory Equipment,3,330,990,4950,300,28,UPI,Returned,Excellent,4.5,2026-07-22,2026-07-18,2026-07-19,2026-07-22,2026-07-22,Completed,Not Cancelled,411027.0,CP-008,2024-06-15,2025-04-22,2025-08-20,2.1,19,18,0,0,990
REN1486,2024-12-06,CUST214,Individual Patient,Baner,BiPAP Machine,Respiratory Equipment,5,500,2500,9500,400,69,UPI,Returned,Excellent,4.5,2024-12-11,2024-11-29,2024-12-06,2024-12-11,2024-12-11,Completed,Not Cancelled,411040.0,BP-005,2022-02-05,2024-01-14,2025-01-13,4.5,11,7,0,0,2500
REN1487,2026-02-10,CUST156,Hospital,Bibwewadi,Suction Machine,Surgical Equipment,7,250,1750,4250,100,56,Credit Card,Returned,Good,4.5,2026-02-17,2026-01-28,2026-02-10,2026-02-17,2026-02-17,Completed,Not Cancelled,411042.0,SM-010,2024-01-18,2026-06-17,2026-12-14,2.5,14,11,0,0,1750
REN1488,2024-10-23,CUST341,Home Care,Camp,Ventilator,Critical Care Equipment,21,980,20580,11760,550,278,Bank Transfer,Returned,Good,3.0,2024-11-13,2024-10-18,2024-10-23,2024-11-13,2024-11-13,Completed,Not Cancelled,411040.0,VT-005,2024-12-01,2025-11-16,2026-03-16,1.7,8,7,0,0,20580
REN1489,2026-01-27,CUST315,Clinic,Shivajinagar,Wheelchair,Mobility Equipment,10,160,1600,2080,600,54,Cash,Returned,Excellent,4.5,2026-02-06,2026-01-17,2026-01-27,2026-02-06,2026-02-06,Completed,Not Cancelled,411030.0,WC-013,2024-09-18,2026-02-24,2026-08-23,1.9,20,14,0,0,1600
REN1490,2025-07-21,CUST296,Home Care,Hinjawadi,Patient Monitor,Monitoring Equipment,45,610,27450,10370,500,135,UPI,Returned,Fair,4.5,2025-09-04,2025-07-15,2025-07-21,2025-09-04,2025-09-04,Completed,Not Cancelled,411007.0,PM-009,2023-03-12,2024-08-21,2025-02-17,3.4,13,11,0,0,27450
REN1491,2024-07-22,CUST393,Home Care,Bibwewadi,Hospital Bed,Patient Care Equipment,30,360,10800,5760,450,95,UPI,Returned,Good,5.0,2024-08-21,2024-07-14,2024-07-22,2024-08-21,2024-08-21,Completed,Not Cancelled,411047.0,HB-016,2023-09-12,2024-11-01,2025-11-01,2.9,23,17,0,0,10800
REN1492,2025-01-28,CUST071,Clinic,Wakad,ECG Machine,Diagnostic Equipment,21,450,9450,8100,200,103,UPI,Returned,Good,4.0,2025-02-18,2025-01-25,2025-01-28,2025-02-18,2025-02-18,Completed,Not Cancelled,411047.0,ECG-001,2025-06-16,2025-11-07,2026-02-05,1.1,9,8,0,0,9450
REN1493,2024-10-23,CUST352,Hospital,Koregaon Park,Suction Machine,Surgical Equipment,30,240,7200,4800,200,40,Cash,Returned,Excellent,5.0,2024-11-22,2024-10-10,2024-10-23,2024-11-22,2024-11-22,Completed,Not Cancelled,411052.0,SM-001,2022-01-16,2022-11-13,2023-11-13,4.5,14,11,0,0,7200
REN1494,2024-03-19,CUST215,Individual Patient,Erandwane,CPAP Machine,Respiratory Equipment,14,320,4480,6400,200,72,Bank Transfer,Returned,Fair,5.0,2024-04-02,2024-03-16,2024-03-19,2024-04-02,2024-04-02,Completed,Not Cancelled,411046.0,CP-003,2024-07-28,2025-08-19,2026-02-15,2.0,19,17,0,0,4480
REN1495,2024-01-31,CUST236,Hospital,Vishrantwadi,Commode Chair,Mobility Equipment,14,100,1400,1000,150,16,Credit Card,Returned,Good,5.0,2024-02-14,2024-01-29,2024-01-31,2024-02-14,2024-02-14,Completed,Not Cancelled,411028.0,CC-009,2025-02-05,2026-03-20,2026-07-18,1.5,10,5,0,0,1400
REN1496,2024-11-21,CUST199,Home Care,Kothrud,Fowler Bed,Patient Care Equipment,21,440,9240,7040,400,77,Credit Card,Active,Good,5.0,,2024-11-20,2024-11-21,2024-12-12,,Confirmed,Not Cancelled,411045.0,FB-010,2025-01-27,2025-09-11,2026-03-10,1.5,15,14,0,0,9240
REN1497,2024-01-20,CUST224,Home Care,Hinjawadi,Wheelchair,Mobility Equipment,14,160,2240,1760,600,51,Credit Card,Returned,Excellent,3.0,2024-02-03,2024-01-14,2024-01-20,2024-02-03,2024-02-03,Completed,Not Cancelled,411057.0,WC-007,2024-08-29,2026-04-11,2026-07-10,1.9,20,14,0,0,2240
REN1498,2024-06-08,CUST256,Individual Patient,Aundh,Fowler Bed,Patient Care Equipment,5,440,2200,7040,450,93,UPI,Returned,Excellent,4.5,2024-06-13,2024-06-01,2024-06-08,2024-06-13,2024-06-13,Completed,Not Cancelled,411007.0,FB-008,2023-01-30,2026-07-02,2027-07-02,3.5,15,8,0,0,2200
REN1499,2025-11-13,CUST227,Individual Patient,Hadapsar,Hospital Bed,Patient Care Equipment,3,360,1080,5760,550,22,UPI,Returned,Good,5.0,2025-11-16,2025-11-06,2025-11-13,2025-11-16,2025-11-16,Completed,Not Cancelled,411040.0,HB-006,2023-04-29,2023-10-02,2024-01-30,3.3,23,20,0,0,1080
REN1500,2025-10-27,CUST541,Hospital,Chinchwad,Surgical Headlight,Surgical Equipment,7,180,1260,3960,600,36,UPI,Returned,Good,5.0,2025-11-03,2025-10-25,2025-10-27,2025-11-03,2025-11-03,Completed,Not Cancelled,411045.0,SH-003,2023-01-16,2024-03-16,2024-09-12,3.5,8,6,0,0,1260
REN1501,2025-11-26,CUST200,Home Care,Koregaon Park,Nebulizer,Respiratory Equipment,7,80,560,1200,450,27,UPI,Returned,Good,3.5,2025-12-03,2025-11-19,2025-11-26,2025-12-03,2025-12-03,Completed,Not Cancelled,411058.0,NB-005,2023-08-11,2025-09-26,2026-03-25,3.0,12,10,0,0,560
REN1502,2024-10-22,CUST394,Hospital,Pimpri,Commode Chair,Mobility Equipment,10,90,900,1350,150,6,Credit Card,Cancelled,Excellent,4.5,,2024-10-20,2024-10-22,,,Cancelled,Cancelled,411040.0,,,,,,10,10,0,1,900
REN1503,2026-04-26,CUST003,Hospital,Hadapsar,Infusion Pump,Critical Care Equipment,5,340,1700,5440,600,116,UPI,Active,Excellent,5.0,,2026-04-17,2026-04-26,2026-05-01,,Confirmed,Not Cancelled,411052.0,IP-010,2023-02-03,2024-03-05,2024-06-03,3.5,10,10,0,0,1700
REN1504,2025-07-15,CUST534,Home Care,Wakad,Commode Chair,Mobility Equipment,3,90,270,990,400,31,Bank Transfer,Returned,Good,4.0,2025-07-18,2025-07-12,2025-07-15,2025-07-18,2025-07-18,Completed,Not Cancelled,411047.0,CC-010,2022-12-23,2023-04-16,2023-10-13,3.6,10,9,0,0,270
REN1505,2024-05-04,CUST438,Home Care,Hinjawadi,CPAP Machine,Respiratory Equipment,14,390,5460,3900,400,82,Credit Card,Returned,Good,,2024-05-18,2024-04-29,2024-05-04,2024-05-18,2024-05-18,Completed,Not Cancelled,411047.0,CP-016,2023-08-18,2025-09-17,2026-01-15,3.0,19,16,0,0,5460
REN1506,2024-05-20,CUST528,Individual Patient,Bibwewadi,Hospital Bed,Patient Care Equipment,10,390,3900,7410,600,53,Credit Card,Returned,Excellent,4.5,2024-05-30,2024-05-16,2024-05-20,2024-05-30,2024-05-30,Completed,Not Cancelled,411008.0,HB-011,2023-11-04,2025-12-22,2026-03-22,2.7,23,19,0,0,3900
REN1507,2025-10-12,CUST377,Hospital,Pimpri,CPAP Machine,Respiratory Equipment,7,320,2240,4160,450,10,Cash,Active,Good,4.5,,2025-10-08,2025-10-12,2025-10-19,,Confirmed,Not Cancelled,411040.0,CP-012,2025-05-31,2025-12-09,2026-04-08,1.2,19,19,0,0,2240
REN1508,2024-06-15,CUST297,Hospital,Hadapsar,Walker,Mobility Equipment,3,70,210,980,150,2,UPI,Returned,Good,4.5,2024-06-18,2024-06-07,2024-06-15,2024-06-18,2024-06-18,Completed,Not Cancelled,411046.0,WK-003,2024-07-22,2024-11-09,2025-05-08,2.0,7,6,0,0,210
REN1509,2025-04-29,CUST189,Hospital,Kharadi,Walker,Mobility Equipment,14,70,980,1540,500,11,Bank Transfer,Returned,Good,3.5,2025-05-13,2025-04-15,2025-04-29,2025-05-13,2025-05-13,Completed,Not Cancelled,411009.0,WK-007,2022-10-31,2023-01-01,2024-01-01,3.8,7,4,0,0,980
REN1510,2026-07-25,CUST538,Individual Patient,Dhankawadi,Commode Chair,Mobility Equipment,7,100,700,1300,600,28,UPI,Returned,Good,5.0,2026-08-01,2026-07-19,2026-07-25,2026-08-01,2026-08-01,Completed,Not Cancelled,411058.0,CC-001,2024-04-22,2025-08-07,2025-11-05,2.3,10,4,0,0,700
REN1511,2024-01-04,CUST469,Home Care,Wanowrie,Wheelchair,Mobility Equipment,30,150,4500,3150,200,50,Bank Transfer,Returned,Excellent,3.5,2024-02-03,2023-12-31,2024-01-04,2024-02-03,2024-02-03,Completed,Not Cancelled,411045.0,WC-002,2024-11-25,2025-02-12,2025-06-12,1.7,20,19,0,0,4500
REN1512,2024-01-17,CUST095,Individual Patient,Viman Nagar,Wheelchair,Mobility Equipment,7,160,1120,2880,350,13,Credit Card,Returned,Good,5.0,2024-01-24,2024-01-14,2024-01-17,2024-01-24,2024-01-24,Completed,Not Cancelled,411052.0,WC-005,2022-09-10,2026-02-09,2026-06-09,3.9,20,16,0,0,1120
REN1513,2026-07-26,CUST190,Home Care,Bibwewadi,Infusion Pump,Critical Care Equipment,30,300,9000,3900,150,56,UPI,Returned,Excellent,3.0,2026-08-25,2026-07-19,2026-07-26,2026-08-25,2026-08-25,Completed,Not Cancelled,411043.0,IP-006,2025-03-23,2025-07-23,2025-11-20,1.4,10,9,0,0,9000
REN1514,2025-07-07,CUST104,Hospital,Hinjawadi,Wheelchair,Mobility Equipment,7,140,980,3080,450,27,UPI,Returned,Excellent,5.0,2025-07-14,2025-07-02,2025-07-07,2025-07-14,2025-07-14,Completed,Not Cancelled,411052.0,WC-001,2024-04-30,2025-08-24,2025-11-22,2.3,20,14,0,0,980
REN1515,2024-05-05,CUST331,Home Care,Shivajinagar,Patient Monitor,Monitoring Equipment,7,680,4760,12240,150,103,Bank Transfer,Returned,Good,4.0,2024-05-12,2024-04-26,2024-05-05,2024-05-12,2024-05-12,Completed,Not Cancelled,411057.0,PM-012,2023-12-20,2024-10-07,2025-02-04,2.6,13,10,0,0,4760
REN1516,2026-05-03,CUST165,Home Care,Chinchwad,CPAP Machine,Respiratory Equipment,7,360,2520,5040,300,73,Bank Transfer,Returned,Fair,4.5,2026-05-10,2026-04-26,2026-05-03,2026-05-10,2026-05-10,Completed,Not Cancelled,411008.0,CP-001,2022-11-27,2025-01-06,2025-04-06,3.7,19,13,0,0,2520
REN1517,2026-04-17,CUST311,Individual Patient,Shivajinagar,Oxygen Concentrator,Respiratory Equipment,21,260,5460,3900,450,85,Bank Transfer,Returned,Good,4.0,2026-05-08,2026-04-12,2026-04-17,2026-05-08,2026-05-08,Completed,Not Cancelled,411057.0,OC-014,2025-02-15,2026-03-30,2026-09-26,1.5,16,3,0,0,5460
REN1518,2025-05-26,CUST212,Individual Patient,Vishrantwadi,BiPAP Machine,Respiratory Equipment,5,810,2700,7560,550,92,Credit Card,Returned,Excellent,4.5,2025-05-31,2025-05-13,2025-05-26,2025-05-31,2025-05-31,Completed,Not Cancelled,411040.0,BP-003,2022-01-03,2023-01-31,2024-01-31,4.6,11,9,0,0,4050
REN1519,2025-08-08,CUST584,Hospital,Baner,Ventilator,Critical Care Equipment,7,980,6860,19600,250,73,Bank Transfer,Returned,Good,4.0,2025-08-15,2025-08-07,2025-08-08,2025-08-15,2025-08-15,Completed,Not Cancelled,411038.0,VT-001,2024-10-29,2025-06-25,2025-10-23,1.8,8,8,0,0,6860
REN1520,2024-09-10,CUST200,Individual Patient,Wakad,Commode Chair,Mobility Equipment,10,90,900,1440,550,22,Credit Card,Returned,Fair,3.0,2024-09-20,2024-09-02,2024-09-10,2024-09-20,2024-09-20,Completed,Not Cancelled,411015.0,CC-007,2024-03-04,2024-05-09,2024-08-07,2.4,10,6,0,0,900
REN1521,2024-02-21,CUST277,Clinic,Vishrantwadi,Fowler Bed,Patient Care Equipment,5,400,2000,4000,100,16,UPI,Returned,Good,4.5,2024-02-26,2024-02-16,2024-02-21,2024-02-26,2024-02-26,Completed,Not Cancelled,411037.0,FB-007,2022-07-03,2023-06-21,2023-10-19,4.1,15,12,0,0,2000
REN1522,2025-07-16,CUST039,Clinic,Viman Nagar,CPAP Machine,Respiratory Equipment,30,340,10200,6120,150,112,Credit Card,Returned,Good,3.5,2025-08-15,2025-07-14,2025-07-16,2025-08-15,2025-08-15,Completed,Not Cancelled,411040.0,CP-003,2024-07-28,2025-08-19,2026-02-15,2.0,19,11,0,0,10200
REN1523,2024-09-30,CUST273,Clinic,Chinchwad,Surgical Headlight,Surgical Equipment,45,180,8100,3420,150,60,Credit Card,Returned,Good,5.0,2024-11-14,2024-09-29,2024-09-30,2024-11-14,2024-11-14,Completed,Not Cancelled,411040.0,SH-004,2023-12-02,2026-02-21,2026-08-20,2.7,8,8,0,0,8100
REN1524,2025-09-14,CUST342,Hospital,Hinjawadi,Patient Monitor,Monitoring Equipment,10,660,6600,9900,500,39,Bank Transfer,Returned,Good,4.5,2025-09-24,2025-09-07,2025-09-14,2025-09-24,2025-09-24,Completed,Not Cancelled,411046.0,PM-008,2023-02-24,2024-12-23,2025-06-21,3.4,13,11,0,0,6600
REN1525,2026-03-05,CUST575,Hospital,Baner,Fowler Bed,Patient Care Equipment,5,450,2250,9450,250,93,Credit Card,Returned,Good,3.0,2026-03-10,2026-03-03,2026-03-05,2026-03-10,2026-03-10,Completed,Not Cancelled,411045.0,FB-005,2023-12-06,2025-12-27,2026-12-27,2.7,15,7,0,0,2250
REN1526,2024-01-19,CUST419,Hospital,Hinjawadi,BiPAP Machine,Respiratory Equipment,5,550,2750,8250,100,157,Credit Card,Returned,Good,5.0,2024-01-24,2024-01-09,2024-01-19,2024-01-24,2024-01-24,Completed,Not Cancelled,411046.0,BP-005,2022-02-05,2024-01-14,2025-01-13,4.5,11,9,0,0,2750
REN1527,2025-07-16,CUST579,Individual Patient,Pimpri,Wheelchair,Mobility Equipment,45,150,6750,1950,500,27,Cash,Returned,Good,3.5,2025-08-30,2025-07-12,2025-07-16,2025-08-30,2025-08-30,Completed,Not Cancelled,411042.0,WC-017,2022-04-22,2026-03-30,2026-07-28,4.3,20,14,0,0,6750
REN1528,2024-08-04,CUST246,Individual Patient,Koregaon Park,Hospital Bed,Patient Care Equipment,10,370,3700,7030,250,68,Debit Card,Returned,Good,,2024-08-14,2024-07-31,2024-08-04,2024-08-14,2024-08-14,Completed,Not Cancelled,411058.0,HB-001,2024-10-28,2025-07-27,2025-11-24,1.8,23,18,0,0,3700
REN1529,2026-04-11,CUST318,Individual Patient,Pimpri,Infusion Pump,Critical Care Equipment,7,310,2170,3410,450,106,UPI,Returned,Excellent,4.0,2026-04-18,2026-04-03,2026-04-11,2026-04-18,2026-04-18,Completed,Not Cancelled,411052.0,IP-009,2024-05-29,2025-01-24,2026-01-24,2.2,10,10,0,0,2170
REN1530,2024-08-23,CUST249,Home Care,Koregaon Park,Suction Machine,Surgical Equipment,45,240,10800,5280,400,25,Debit Card,Returned,Good,4.5,2024-10-07,2024-08-20,2024-08-23,2024-10-07,2024-10-07,Completed,Not Cancelled,411058.0,SM-014,2024-10-23,2025-06-25,2025-12-22,1.8,14,11,0,0,10800
REN1531,2025-07-29,CUST473,Home Care,Baner,Wheelchair,Mobility Equipment,1,150,150,2700,150,30,UPI,Returned,Good,5.0,2025-07-30,2025-07-28,2025-07-29,2025-07-30,2025-07-30,Completed,Not Cancelled,411046.0,WC-019,2023-12-24,2026-05-27,2026-08-25,2.6,20,16,0,0,150
REN1532,2025-06-10,CUST382,Clinic,Bibwewadi,Oxygen Concentrator,Respiratory Equipment,5,280,1400,3920,400,19,Debit Card,Returned,Fair,3.0,2025-06-15,2025-06-05,2025-06-10,2025-06-15,2025-06-15,Completed,Not Cancelled,411015.0,OC-010,2022-01-22,2023-03-21,2024-03-20,4.5,16,15,0,0,1400
REN1533,2025-01-09,CUST349,Home Care,Wanowrie,Surgical Loupe,Surgical Equipment,5,230,1150,2530,550,29,UPI,Returned,Excellent,4.5,2025-01-14,2025-01-03,2025-01-09,2025-01-14,2025-01-14,Completed,Not Cancelled,411058.0,SL-005,2022-05-04,2025-12-20,2026-06-18,4.2,7,7,0,0,1150
REN1534,2025-09-27,CUST042,Individual Patient,Bibwewadi,Suction Machine,Surgical Equipment,3,250,750,4250,300,76,Credit Card,Returned,Good,3.5,2025-09-30,2025-09-22,2025-09-27,2025-09-30,2025-09-30,Completed,Not Cancelled,411057.0,SM-013,2022-07-24,2024-05-07,2025-05-07,4.0,14,11,0,0,750
REN1535,2025-11-13,CUST264,Hospital,Viman Nagar,Suction Machine,Surgical Equipment,21,270,5670,4590,550,70,Cash,Cancelled,Good,4.5,,2025-11-08,2025-11-13,,,Cancelled,Cancelled,411027.0,,,,,,14,14,0,1,5670
REN1536,2025-06-22,CUST116,Home Care,Hadapsar,Hospital Bed,Patient Care Equipment,10,380,3800,7600,200,86,UPI,Returned,Good,4.0,2025-07-02,2025-06-14,2025-06-22,2025-07-02,2025-07-02,Completed,Not Cancelled,411052.0,HB-020,2025-01-09,2025-06-27,2025-10-25,1.6,23,15,0,0,3800
REN1537,2025-12-16,CUST443,Clinic,Hinjawadi,Ventilator,Critical Care Equipment,5,1010,5050,13130,250,67,Debit Card,Returned,Good,3.0,2025-12-21,2025-12-06,2025-12-16,2025-12-21,2025-12-21,Completed,Not Cancelled,411040.0,VT-002,2024-07-09,2026-04-04,2026-08-02,2.1,8,5,0,0,5050
REN1538,2026-07-18,CUST376,Home Care,Bibwewadi,Surgical Headlight,Surgical Equipment,7,170,1190,2040,150,51,Credit Card,Returned,Excellent,3.5,2026-07-25,2026-07-14,2026-07-18,2026-07-25,2026-07-25,Completed,Not Cancelled,411046.0,SH-005,2023-10-28,2025-09-07,2025-12-06,2.8,8,4,0,0,1190
REN1539,2025-02-02,CUST177,Clinic,Kothrud,Patient Monitor,Monitoring Equipment,5,590,2950,8850,200,74,UPI,Returned,Good,4.5,2025-02-07,2025-01-24,2025-02-02,2025-02-07,2025-02-07,Completed,Not Cancelled,411028.0,PM-003,2022-02-04,2022-07-21,2023-01-17,4.5,13,11,0,0,2950
REN1540,2025-05-06,CUST021,Hospital,Chinchwad,Oxygen Concentrator,Respiratory Equipment,14,260,3640,5200,200,52,Cash,Returned,Fair,5.0,2025-05-20,2025-05-05,2025-05-06,2025-05-20,2025-05-20,Completed,Not Cancelled,411027.0,OC-009,2024-12-24,2025-05-23,2025-11-19,1.6,16,13,0,0,3640
REN1541,2024-01-13,CUST458,Home Care,Aundh,BiPAP Machine,Respiratory Equipment,30,560,16800,11760,450,59,Credit Card,Returned,Excellent,5.0,2024-02-12,2024-01-08,2024-01-13,2024-02-12,2024-02-12,Completed,Not Cancelled,411037.0,BP-004,2024-06-27,2025-02-23,2026-02-23,2.1,11,10,0,0,16800
REN1542,2026-01-23,CUST370,Home Care,Hinjawadi,ECG Machine,Diagnostic Equipment,14,530,7420,7420,150,104,Debit Card,Returned,Fair,5.0,2026-02-06,2026-01-19,2026-01-23,2026-02-06,2026-02-06,Completed,Not Cancelled,411014.0,ECG-006,2024-08-17,2026-03-18,,2.0,9,9,0,0,7420
REN1543,2025-05-11,CUST201,Individual Patient,Dhankawadi,Commode Chair,Mobility Equipment,5,90,450,900,350,19,Debit Card,Returned,Good,5.0,2025-05-16,2025-05-06,2025-05-11,2025-05-16,2025-05-16,Completed,Not Cancelled,411009.0,CC-009,2025-02-05,2026-03-20,2026-07-18,1.5,10,8,0,0,450
REN1544,2025-01-22,CUST438,Individual Patient,Viman Nagar,Ventilator,Critical Care Equipment,21,1000,21000,11000,200,139,UPI,Returned,Excellent,5.0,2025-02-12,2025-01-21,2025-01-22,2025-02-12,2025-02-12,Completed,Not Cancelled,411037.0,VT-003,2024-06-04,2025-08-24,2025-11-22,2.2,8,7,0,0,21000
REN1545,2024-04-04,CUST136,Home Care,Wanowrie,Suction Machine,Surgical Equipment,5,230,1150,3910,150,44,UPI,Returned,Excellent,4.5,2024-04-09,2024-04-02,2024-04-04,2024-04-09,2024-04-09,Completed,Not Cancelled,411057.0,SM-013,2022-07-24,2024-05-07,2025-05-07,4.0,14,13,0,0,1150
REN1546,2026-04-26,CUST393,Diagnostic Center,Chinchwad,Oxygen Concentrator,Respiratory Equipment,7,280,1960,2800,550,45,UPI,Returned,Excellent,4.0,2026-05-03,2026-04-23,2026-04-26,2026-05-03,2026-05-03,Completed,Not Cancelled,411007.0,OC-004,2025-03-27,2026-06-20,2026-12-17,1.3,16,9,0,0,1960
REN1547,2025-01-08,CUST385,Home Care,Wakad,Fowler Bed,Patient Care Equipment,1,440,440,8360,350,111,Credit Card,Returned,Good,4.5,2025-01-09,2025-01-05,2025-01-08,2025-01-09,2025-01-09,Completed,Not Cancelled,411028.0,FB-003,2022-09-27,2023-02-09,2023-08-08,3.8,15,13,0,0,440
REN1548,2025-10-02,CUST337,Clinic,Chinchwad,ECG Machine,Diagnostic Equipment,14,530,7420,5300,250,108,UPI,Returned,Good,3.5,2025-10-16,2025-09-28,2025-10-02,2025-10-16,2025-10-16,Completed,Not Cancelled,411027.0,ECG-007,2025-02-25,2025-07-31,2026-07-31,1.4,9,9,0,0,7420
REN1549,2024-05-25,CUST287,Home Care,Hinjawadi,Oxygen Concentrator,Respiratory Equipment,21,290,6090,4350,450,90,UPI,Returned,Good,5.0,2024-06-15,2024-05-20,2024-05-25,2024-06-15,2024-06-15,Completed,Not Cancelled,411015.0,OC-005,2024-02-15,,2026-10-14,2.5,16,12,0,0,6090
REN1550,2026-06-29,CUST243,Diagnostic Center,Bibwewadi,Wheelchair,Mobility Equipment,14,160,2240,3200,550,7,Bank Transfer,Returned,Good,4.5,2026-07-13,2026-06-26,2026-06-29,2026-07-13,2026-07-13,Completed,Not Cancelled,411008.0,WC-015,2022-05-31,2025-11-16,2026-11-16,4.2,20,10,0,0,2240
REN1551,2024-06-20,CUST417,Home Care,Shivajinagar,Nebulizer,Respiratory Equipment,5,70,350,1120,250,3,UPI,Returned,Fair,4.0,2024-06-25,2024-06-13,2024-06-20,2024-06-25,2024-06-25,Completed,Not Cancelled,411014.0,NB-001,2024-01-01,2024-11-22,2025-05-21,2.6,12,9,0,0,350
REN1552,2024-07-08,CUST434,Individual Patient,Camp,CPAP Machine,Respiratory Equipment,3,340,1020,6120,200,31,Bank Transfer,Returned,Excellent,5.0,2024-07-11,2024-07-04,2024-07-08,2024-07-11,2024-07-11,Completed,Not Cancelled,411040.0,CP-018,2022-12-12,2023-08-05,2024-08-04,3.6,19,15,0,0,1020
REN1553,2026-03-27,CUST584,Individual Patient,Viman Nagar,ECG Machine,Diagnostic Equipment,5,530,2650,7420,450,36,Credit Card,Returned,Good,3.5,2026-04-01,2026-03-26,2026-03-27,2026-04-01,2026-04-01,Completed,Not Cancelled,411037.0,ECG-003,2022-12-29,2023-07-22,2024-01-18,3.6,9,6,0,0,2650
REN1554,2026-05-16,CUST321,Home Care,Wakad,Wheelchair,Mobility Equipment,10,140,1400,2800,350,28,UPI,Returned,Good,5.0,2026-05-26,2026-05-13,2026-05-16,2026-05-26,2026-05-26,Completed,Not Cancelled,411043.0,WC-017,2022-04-22,2026-03-30,2026-07-28,4.3,20,5,0,0,1400
REN1555,2024-07-19,CUST138,Clinic,Hinjawadi,Oxygen Concentrator,Respiratory Equipment,7,260,1820,3900,450,24,UPI,Returned,Good,5.0,2024-07-26,2024-07-13,2024-07-19,2024-07-26,2024-07-26,Completed,Not Cancelled,411052.0,OC-011,2023-11-25,2025-04-03,2025-07-02,2.7,16,12,0,0,1820
REN1556,2025-03-25,CUST293,Home Care,Pimpri,Oxygen Concentrator,Respiratory Equipment,10,290,2900,5510,300,10,UPI,Returned,Excellent,4.5,2025-04-04,2025-03-18,2025-03-25,2025-04-04,2025-04-04,Completed,Not Cancelled,411009.0,OC-015,2023-09-05,2024-03-04,2024-07-02,2.9,16,11,0,0,2900
REN1557,2025-11-21,CUST390,Individual Patient,Koregaon Park,BiPAP Machine,Respiratory Equipment,14,510,7140,11220,600,61,Credit Card,Returned,Fair,4.5,2025-12-05,2025-11-12,2025-11-21,2025-12-05,2025-12-05,Completed,Not Cancelled,411028.0,BP-007,2024-05-15,2025-06-19,2026-06-19,2.2,11,9,0,0,7140
REN1558,2026-04-15,CUST296,Individual Patient,Hinjawadi,Commode Chair,Mobility Equipment,30,100,3000,1400,100,19,UPI,Returned,Good,3.0,2026-05-15,2026-04-12,2026-04-15,2026-05-15,2026-05-15,Completed,Not Cancelled,411052.0,CC-001,2024-04-22,2025-08-07,2025-11-05,2.3,10,8,0,0,3000
REN1559,2024-12-23,CUST034,Hospital,Camp,Fowler Bed,Patient Care Equipment,10,440,4400,5720,250,114,Bank Transfer,Returned,Good,,2025-01-02,2024-12-17,2024-12-23,2025-01-02,2025-01-02,Completed,Not Cancelled,411015.0,FB-002,2025-01-02,2026-02-11,2026-06-11,1.6,15,11,0,0,4400
REN1560,2025-05-08,CUST153,Home Care,Kothrud,Fowler Bed,Patient Care Equipment,10,430,4300,9460,400,73,Bank Transfer,Returned,Fair,5.0,2025-05-18,2025-05-03,2025-05-08,2025-05-18,2025-05-18,Completed,Not Cancelled,411008.0,FB-013,2024-04-21,2025-09-22,2026-01-20,2.3,15,13,0,0,4300
REN1561,2025-11-30,CUST268,Home Care,Viman Nagar,Hospital Bed,Patient Care Equipment,14,380,5320,6840,350,128,UPI,Returned,Excellent,3.0,2025-12-14,2025-11-20,2025-11-30,2025-12-14,2025-12-14,Completed,Not Cancelled,411015.0,HB-014,2025-06-29,2026-07-26,2027-07-26,1.1,23,22,0,0,5320
REN1562,2025-11-19,CUST115,Home Care,Dhankawadi,Nebulizer,Respiratory Equipment,10,70,700,1470,250,7,Debit Card,Returned,Fair,4.0,2025-11-29,2025-11-11,2025-11-19,2025-11-29,2025-11-29,Completed,Not Cancelled,411030.0,NB-009,2025-06-25,2025-08-24,2025-12-22,1.1,12,9,0,0,700
REN1563,2026-01-10,CUST335,Home Care,Wanowrie,Surgical Loupe,Surgical Equipment,10,240,2400,3360,600,47,Cash,Returned,Good,4.0,2026-01-20,2026-01-08,2026-01-10,2026-01-20,2026-01-20,Completed,Not Cancelled,411027.0,SL-004,2024-02-17,2025-06-05,2025-12-02,2.5,7,6,0,0,2400
REN1564,2025-06-24,CUST217,Home Care,Wakad,Commode Chair,Mobility Equipment,7,90,630,1260,250,10,UPI,Cancelled,Good,4.5,,2025-06-11,2025-06-24,,,Cancelled,Cancelled,411040.0,,,,,,10,10,0,1,630
REN1565,2024-04-14,CUST237,Clinic,Kothrud,Wheelchair,Mobility Equipment,3,150,450,1650,450,43,Cash,Returned,Excellent,4.5,2024-04-17,2024-04-10,2024-04-14,2024-04-17,2024-04-17,Completed,Not Cancelled,411015.0,WC-001,2024-04-30,,2025-11-22,2.3,20,15,0,0,450
REN1566,2026-05-09,CUST183,Individual Patient,Wakad,Suction Machine,Surgical Equipment,14,250,3500,5000,300,23,UPI,Returned,Good,3.5,2026-05-23,2026-04-26,2026-05-09,2026-05-23,2026-05-23,Completed,Not Cancelled,411042.0,SM-010,2024-01-18,2026-06-17,,2.5,14,14,0,0,3500
REN1567,2026-04-03,CUST052,Hospital,Dhankawadi,Oxygen Concentrator,Respiratory Equipment,7,270,1890,5400,300,91,Bank Transfer,Returned,Excellent,4.0,2026-04-10,2026-03-31,2026-04-03,2026-04-10,2026-04-10,Completed,Not Cancelled,411052.0,OC-008,2022-01-13,2023-05-05,2023-08-03,4.5,16,6,0,0,1890
REN1568,2026-01-26,CUST204,Individual Patient,Koregaon Park,Hospital Bed,Patient Care Equipment,30,330,9900,6600,500,86,UPI,Returned,Excellent,5.0,2026-02-25,2026-01-21,2026-01-26,2026-02-25,2026-02-25,Completed,Not Cancelled,411028.0,HB-016,2023-09-12,2024-11-01,2025-11-01,2.9,23,14,0,0,9900
REN1569,2024-04-09,CUST180,Home Care,Viman Nagar,Wheelchair,Mobility Equipment,14,150,2100,1950,250,31,Bank Transfer,Active,Good,4.0,,2024-04-03,2024-04-09,2024-04-23,,Confirmed,Not Cancelled,411040.0,WC-017,2022-04-22,2026-03-30,2026-07-28,4.3,20,14,0,0,2100
REN1570,2024-07-12,CUST265,Individual Patient,Bibwewadi,Hospital Bed,Patient Care Equipment,7,330,2310,5280,300,66,Debit Card,Returned,Good,4.0,2024-07-19,2024-07-11,2024-07-12,2024-07-19,2024-07-19,Completed,Not Cancelled,411046.0,HB-020,2025-01-09,2025-06-27,2025-10-25,1.6,23,12,0,0,2310
REN1571,2025-12-02,CUST118,Home Care,Dhankawadi,Wheelchair,Mobility Equipment,3,160,480,2560,500,23,Cash,Returned,Excellent,4.0,2025-12-05,2025-11-24,2025-12-02,2025-12-05,2025-12-05,Completed,Not Cancelled,411008.0,WC-005,2022-09-10,2026-02-09,2026-06-09,3.9,20,14,0,0,480
REN1572,2024-01-24,CUST237,Individual Patient,Dhankawadi,Commode Chair,Mobility Equipment,30,90,2700,990,100,3,Cash,Active,Fair,5.0,,2024-01-22,2024-01-24,2024-02-23,,Confirmed,Not Cancelled,411028.0,CC-007,2024-03-04,2024-05-09,2024-08-07,2.4,10,6,0,0,2700
REN1573,2026-07-14,CUST123,Individual Patient,Hinjawadi,Oxygen Concentrator,Respiratory Equipment,14,300,4200,3000,300,97,UPI,Active,Good,3.0,,2026-07-12,2026-07-14,2026-07-28,,Confirmed,Not Cancelled,411043.0,OC-014,2025-02-15,2026-03-30,2026-09-26,1.5,16,12,0,0,4200
REN1574,2024-12-21,CUST561,Individual Patient,Wanowrie,Commode Chair,Mobility Equipment,14,100,1400,1400,250,28,Bank Transfer,Cancelled,Excellent,4.0,,2024-12-18,2024-12-21,,,Cancelled,Cancelled,411027.0,,,,,,10,10,0,1,1400
REN1575,2025-11-07,CUST339,Diagnostic Center,Shivajinagar,Walker,Mobility Equipment,5,70,350,1120,350,5,UPI,Returned,Good,4.5,2025-11-12,2025-10-25,2025-11-07,2025-11-12,2025-11-12,Completed,Not Cancelled,411037.0,WK-004,2024-03-29,2024-10-16,2025-10-16,2.3,7,5,0,0,350
REN1576,2026-04-24,CUST380,Home Care,Wanowrie,Patient Monitor,Monitoring Equipment,3,620,1860,13640,400,43,UPI,Returned,Fair,3.0,2026-04-27,2026-04-11,2026-04-24,2026-04-27,2026-04-27,Completed,Not Cancelled,411038.0,PM-010,2022-07-05,2026-04-25,2026-10-22,4.1,13,7,0,0,1860
REN1577,2025-01-08,CUST340,Individual Patient,Vishrantwadi,Fowler Bed,Patient Care Equipment,5,440,2200,9240,300,57,UPI,Returned,Excellent,5.0,2025-01-13,2025-01-03,2025-01-08,2025-01-13,2025-01-13,Completed,Not Cancelled,411057.0,FB-009,2024-02-22,,2026-12-15,2.4,15,13,0,0,2200
REN1578,2024-10-24,CUST042,Home Care,Kothrud,Nebulizer,Respiratory Equipment,3,80,240,1520,600,22,Cash,Returned,Good,5.0,2024-10-27,2024-10-18,2024-10-24,2024-10-27,2024-10-27,Completed,Not Cancelled,411009.0,NB-009,2025-06-25,2025-08-24,2025-12-22,1.1,12,11,0,0,240
REN1579,2025-07-28,CUST356,Individual Patient,Baner,Hospital Bed,Patient Care Equipment,30,350,10500,7700,600,67,Bank Transfer,Returned,Excellent,4.5,2025-08-27,2025-07-25,2025-07-28,2025-08-27,2025-08-27,Completed,Not Cancelled,411043.0,HB-019,2022-04-24,2024-04-14,2025-04-14,4.3,23,21,0,0,10500
REN1580,2025-07-04,CUST013,Hospital,Kharadi,CPAP Machine,Respiratory Equipment,1,320,320,6400,150,77,UPI,Returned,Excellent,4.5,2025-07-05,2025-06-29,2025-07-04,2025-07-05,2025-07-05,Completed,Not Cancelled,411058.0,CP-008,2024-06-15,2025-04-22,2025-08-20,2.1,19,15,0,0,320
REN1581,2025-01-23,CUST304,Home Care,Chinchwad,Fowler Bed,Patient Care Equipment,5,390,1950,6240,450,12,Cash,Returned,Excellent,3.5,2025-01-28,2025-01-09,2025-01-23,2025-01-28,2025-01-28,Completed,Not Cancelled,411057.0,FB-001,2023-08-15,2025-12-12,2026-06-10,3.0,15,11,0,0,1950
REN1582,2025-07-22,CUST512,Individual Patient,Dhankawadi,ECG Machine,Diagnostic Equipment,14,550,7700,11550,250,179,Bank Transfer,Returned,Good,4.5,2025-08-05,2025-07-13,2025-07-22,2025-08-05,2025-08-05,Completed,Not Cancelled,411042.0,ECG-007,2025-02-25,2025-07-31,2026-07-31,1.4,9,6,0,0,7700
REN1583,2026-06-06,CUST554,Individual Patient,Chinchwad,ECG Machine,Diagnostic Equipment,7,450,3150,9450,450,37,UPI,Returned,Excellent,4.0,2026-06-13,2026-05-29,2026-06-06,2026-06-13,2026-06-13,Completed,Not Cancelled,411030.0,ECG-004,2022-05-09,2024-04-30,2025-04-30,4.2,9,6,0,0,3150
REN1584,2025-03-22,CUST222,Home Care,Bibwewadi,ECG Machine,Diagnostic Equipment,14,510,7140,6120,350,67,Credit Card,Returned,Excellent,4.5,2025-04-05,2025-03-19,2025-03-22,2025-04-05,2025-04-05,Completed,Not Cancelled,411009.0,ECG-001,2025-06-16,2025-11-07,2026-02-05,1.1,9,6,0,0,7140
REN1585,2024-07-06,CUST352,Clinic,Dhankawadi,BiPAP Machine,Respiratory Equipment,5,520,2600,6760,600,173,Bank Transfer,Returned,Good,3.5,2024-07-11,2024-06-27,2024-07-06,2024-07-11,2024-07-11,Completed,Not Cancelled,411027.0,BP-010,2023-08-08,2025-05-07,2025-11-03,3.0,11,10,0,0,2600
REN1586,2024-12-21,CUST530,Individual Patient,Hadapsar,Patient Monitor,Monitoring Equipment,21,630,13230,13860,600,167,Bank Transfer,Returned,Good,4.5,2025-01-11,2024-12-08,2024-12-21,2025-01-11,2025-01-11,Completed,Not Cancelled,411047.0,PM-009,2023-03-12,2024-08-21,2025-02-17,3.4,13,11,0,0,13230
REN1587,2025-01-07,CUST416,Hospital,Chinchwad,ECG Machine,Diagnostic Equipment,5,460,2300,4600,100,89,Credit Card,Returned,Fair,4.0,2025-01-12,2024-12-24,2025-01-07,2025-01-12,2025-01-12,Completed,Not Cancelled,411007.0,ECG-005,2022-01-24,2022-08-13,2022-12-11,4.5,9,6,0,0,2300
REN1588,2024-05-08,CUST394,Individual Patient,Hinjawadi,Infusion Pump,Critical Care Equipment,14,340,4760,5440,150,104,Credit Card,Returned,Excellent,4.5,2024-05-22,2024-05-01,2024-05-08,2024-05-22,2024-05-22,Completed,Not Cancelled,411046.0,IP-005,2022-06-29,2025-01-12,2025-05-12,4.1,10,10,0,0,4760
REN1589,2024-06-06,CUST237,Clinic,Bibwewadi,Fowler Bed,Patient Care Equipment,10,440,4400,6160,100,22,UPI,Returned,Good,4.0,2024-06-16,2024-06-04,2024-06-06,2024-06-16,2024-06-16,Completed,Not Cancelled,411057.0,FB-011,2022-05-13,2023-03-15,2023-06-13,4.2,15,10,0,0,4400
REN1590,2025-10-04,CUST219,Home Care,Vishrantwadi,Surgical Loupe,Surgical Equipment,45,240,10800,4560,500,13,Credit Card,Returned,Fair,4.0,2025-11-18,2025-09-21,2025-10-04,2025-11-18,2025-11-18,Completed,Not Cancelled,411037.0,SL-005,2022-05-04,2025-12-20,2026-06-18,4.2,7,7,0,0,10800
REN1591,2024-11-13,CUST498,Individual Patient,Shivajinagar,Infusion Pump,Critical Care Equipment,7,330,2310,7260,200,26,UPI,Returned,Good,4.5,2024-11-20,2024-11-07,2024-11-13,2024-11-20,2024-11-20,Completed,Not Cancelled,411048.0,IP-001,2025-02-21,2026-06-24,2026-09-22,1.4,10,10,0,0,2310
REN1592,2026-06-23,CUST216,Hospital,Aundh,Fowler Bed,Patient Care Equipment,30,470,14100,6580,450,54,UPI,Returned,Excellent,4.5,2026-07-23,2026-06-22,2026-06-23,2026-07-23,2026-07-23,Completed,Not Cancelled,411058.0,FB-008,2023-01-30,2026-07-02,2027-07-02,3.5,15,7,0,0,14100
REN1593,2024-08-15,CUST391,Individual Patient,Wanowrie,Hospital Bed,Patient Care Equipment,21,330,6930,3960,250,85,UPI,Returned,Good,5.0,2024-09-05,2024-08-14,2024-08-15,2024-09-05,2024-09-05,Completed,Not Cancelled,411047.0,HB-007,2023-05-24,2024-04-15,2025-04-15,3.2,23,20,0,0,6930
REN1594,2024-04-08,CUST034,Individual Patient,Koregaon Park,Wheelchair,Mobility Equipment,5,160,800,2240,250,32,Bank Transfer,Returned,Good,4.0,2024-04-13,2024-04-02,2024-04-08,2024-04-13,2024-04-13,Completed,Not Cancelled,411040.0,WC-016,2024-07-04,2025-08-17,2025-12-15,2.1,20,14,0,0,800
REN1595,2025-12-11,CUST377,Diagnostic Center,Hadapsar,Commode Chair,Mobility Equipment,3,90,270,1710,400,15,Credit Card,Returned,Fair,3.5,2025-12-14,2025-12-01,2025-12-11,2025-12-14,2025-12-14,Completed,Not Cancelled,411042.0,CC-001,2024-04-22,2025-08-07,2025-11-05,2.3,10,9,0,0,270
REN1596,2026-04-17,CUST429,Individual Patient,Vishrantwadi,Hospital Bed,Patient Care Equipment,5,360,1800,5040,500,101,Credit Card,Returned,Excellent,,2026-04-22,2026-04-05,2026-04-17,2026-04-22,2026-04-22,Completed,Not Cancelled,411015.0,HB-022,2022-10-26,2023-05-17,2024-05-16,3.8,23,16,0,0,1800
REN1597,2024-09-15,CUST265,Hospital,Viman Nagar,Fowler Bed,Patient Care Equipment,7,450,3150,8100,400,59,UPI,Returned,Good,,2024-09-22,2024-09-03,2024-09-15,2024-09-22,2024-09-22,Completed,Not Cancelled,411009.0,FB-002,2025-01-02,2026-02-11,2026-06-11,1.6,15,14,0,0,3150
REN1598,2024-07-10,CUST496,Hospital,Dhankawadi,Suction Machine,Surgical Equipment,5,270,1350,3780,400,15,Cash,Returned,Fair,5.0,2024-07-15,2024-07-04,2024-07-10,2024-07-15,2024-07-15,Completed,Not Cancelled,411047.0,SM-012,2022-09-12,2025-07-02,2025-12-29,3.9,14,14,0,0,1350
REN1599,2024-06-26,CUST396,Clinic,Kharadi,Infusion Pump,Critical Care Equipment,14,340,4760,6460,500,53,UPI,Returned,Fair,4.0,2024-07-10,2024-06-12,2024-06-26,2024-07-10,2024-07-10,Completed,Not Cancelled,411040.0,IP-009,2024-05-29,2025-01-24,2026-01-24,2.2,10,10,0,0,4760
REN1600,2025-05-13,CUST144,Clinic,Chinchwad,ECG Machine,Diagnostic Equipment,30,470,14100,4700,150,129,UPI,Returned,Excellent,5.0,2025-06-12,2025-05-11,2025-05-13,2025-06-12,2025-06-12,Completed,Not Cancelled,411057.0,ECG-001,2025-06-16,2025-11-07,2026-02-05,1.1,9,7,0,0,14100
REN1601,2025-03-23,CUST226,Individual Patient,Hadapsar,Commode Chair,Mobility Equipment,21,90,1890,1260,400,16,UPI,Returned,Good,4.5,2025-04-13,2025-03-22,2025-03-23,2025-04-13,2025-04-13,Completed,Not Cancelled,411046.0,CC-005,2024-07-20,2024-10-24,2025-04-22,2.0,10,7,0,0,1890
REN1602,2024-08-28,CUST576,Home Care,Vishrantwadi,CPAP Machine,Respiratory Equipment,7,380,2660,5320,250,130,Bank Transfer,Returned,Good,4.0,2024-09-04,2024-08-27,2024-08-28,2024-09-04,2024-09-04,Completed,Not Cancelled,411027.0,CP-019,2023-08-01,2024-08-24,2025-08-24,3.0,19,16,0,0,2660
REN1603,2024-02-16,CUST178,Home Care,Kharadi,Wheelchair,Mobility Equipment,10,150,1500,2550,150,46,Credit Card,Returned,Excellent,4.5,2024-02-26,2024-02-07,2024-02-16,2024-02-26,2024-02-26,Completed,Not Cancelled,411058.0,WC-018,2024-03-18,2025-03-11,2026-03-11,2.4,20,16,0,0,1500
REN1604,2025-04-05,CUST213,Hospital,Vishrantwadi,BiPAP Machine,Respiratory Equipment,7,480,3360,8640,250,136,UPI,Returned,Fair,4.5,2025-04-12,2025-03-24,2025-04-05,2025-04-12,2025-04-12,Completed,Not Cancelled,411007.0,BP-003,2022-01-03,2023-01-31,2024-01-31,4.6,11,9,0,0,3360
REN1605,2026-06-27,CUST093,Clinic,Kharadi,Wheelchair,Mobility Equipment,14,160,2240,3040,200,44,Debit Card,Returned,Good,4.5,2026-07-11,2026-06-17,2026-06-27,2026-07-11,2026-07-11,Completed,Not Cancelled,411008.0,WC-017,2022-04-22,2026-03-30,2026-07-28,4.3,20,10,0,0,2240
REN1606,2025-09-04,CUST365,Individual Patient,Koregaon Park,Patient Monitor,Monitoring Equipment,3,580,1740,12180,250,125,Bank Transfer,Returned,Good,4.5,2025-09-07,2025-08-23,2025-09-04,2025-09-07,2025-09-07,Completed,Not Cancelled,411043.0,PM-013,2023-07-23,2024-09-22,2025-03-21,3.0,13,12,0,0,1740
REN1607,2025-04-18,CUST556,Home Care,Viman Nagar,Surgical Loupe,Surgical Equipment,14,240,3360,4800,100,76,Credit Card,Returned,Good,4.5,2025-05-02,2025-04-12,2025-04-18,2025-05-02,2025-05-02,Completed,Not Cancelled,411043.0,SL-001,2025-06-04,2025-12-06,2026-06-04,1.2,7,6,0,0,3360
REN1608,2024-04-19,CUST158,Home Care,Camp,Patient Monitor,Monitoring Equipment,30,590,17700,5900,500,129,Credit Card,Returned,Good,4.5,2024-05-19,2024-04-10,2024-04-19,2024-05-19,2024-05-19,Completed,Not Cancelled,411046.0,PM-009,2023-03-12,2024-08-21,2025-02-17,3.4,13,11,0,0,17700
REN1609,2024-08-22,CUST319,Individual Patient,Shivajinagar,Suction Machine,Surgical Equipment,7,250,1750,4500,250,37,Cash,Returned,Excellent,4.5,2024-08-29,2024-08-18,2024-08-22,2024-08-29,2024-08-29,Completed,Not Cancelled,411043.0,SM-007,2025-04-15,2025-08-10,2025-11-08,1.3,14,12,0,0,1750
REN1610,2024-09-30,CUST139,Clinic,Hadapsar,BiPAP Machine,Respiratory Equipment,21,510,10710,5100,450,47,Cash,Returned,Good,4.5,2024-10-21,2024-09-21,2024-09-30,2024-10-21,2024-10-21,Completed,Not Cancelled,411027.0,BP-002,2022-07-01,2023-06-08,2023-10-06,4.1,11,11,0,0,10710
REN1611,2025-12-23,CUST371,Home Care,Baner,ECG Machine,Diagnostic Equipment,5,550,2750,8250,500,160,Bank Transfer,Returned,Excellent,5.0,2025-12-28,2025-12-14,2025-12-23,2025-12-28,2025-12-28,Completed,Not Cancelled,411009.0,ECG-009,2024-04-18,2026-03-30,2026-09-26,2.3,9,6,0,0,2750
REN1612,2026-04-13,CUST431,Hospital,Koregaon Park,CPAP Machine,Respiratory Equipment,5,370,1850,6290,550,55,Bank Transfer,Returned,Excellent,4.5,2026-04-18,2026-04-08,2026-04-13,2026-04-18,2026-04-18,Completed,Not Cancelled,411058.0,CP-004,2023-07-31,2023-10-18,2024-01-16,3.0,19,13,0,0,1850
REN1613,2026-05-07,CUST192,Hospital,Erandwane,Fowler Bed,Patient Care Equipment,30,470,14100,6580,100,133,Debit Card,Returned,Good,4.5,2026-06-06,2026-05-06,2026-05-07,2026-06-06,2026-06-06,Completed,Not Cancelled,411028.0,FB-001,2023-08-15,2025-12-12,2026-06-10,3.0,15,8,0,0,14100
REN1614,2026-07-19,CUST205,Clinic,Camp,Wheelchair,Mobility Equipment,10,160,1600,3040,350,55,Cash,Returned,Fair,4.0,2026-07-29,2026-07-16,2026-07-19,2026-07-29,2026-07-29,Completed,Not Cancelled,411014.0,WC-012,2025-04-29,2026-05-02,2027-05-02,1.3,20,10,0,0,1600
REN1615,2026-07-17,CUST436,Home Care,Aundh,Suction Machine,Surgical Equipment,7,250,1750,5000,300,39,UPI,Returned,Good,3.5,2026-07-24,2026-07-06,2026-07-17,2026-07-24,2026-07-24,Completed,Not Cancelled,411008.0,SM-004,2023-01-10,2023-10-14,2024-01-12,3.6,14,9,0,0,1750
REN1616,2026-06-22,CUST002,Clinic,Baner,Oxygen Concentrator,Respiratory Equipment,21,300,6300,5100,250,42,Cash,Returned,Good,4.0,2026-07-13,2026-06-15,2026-06-22,2026-07-13,2026-07-13,Completed,Not Cancelled,411048.0,OC-013,2023-06-29,2024-03-06,2025-03-06,3.1,16,6,0,0,6300
REN1617,2024-03-13,CUST370,Hospital,Aundh,Fowler Bed,Patient Care Equipment,5,420,2100,6720,500,35,Bank Transfer,Returned,Good,4.5,2024-03-18,2024-03-09,2024-03-13,2024-03-18,2024-03-18,Completed,Not Cancelled,411048.0,FB-011,2022-05-13,2023-03-15,2023-06-13,4.2,15,12,0,0,2100
REN1618,2024-05-15,CUST224,Hospital,Dhankawadi,Commode Chair,Mobility Equipment,14,100,1400,2200,100,18,Credit Card,Returned,Good,5.0,2024-05-29,2024-05-03,2024-05-15,2024-05-29,2024-05-29,Completed,Not Cancelled,411052.0,CC-009,2025-02-05,2026-03-20,2026-07-18,1.5,10,8,0,0,1400
REN1619,2024-10-10,CUST293,Home Care,Kharadi,Hospital Bed,Patient Care Equipment,5,330,1650,5940,250,79,UPI,Returned,Good,4.0,2024-10-15,2024-10-06,2024-10-10,2024-10-15,2024-10-15,Completed,Not Cancelled,,HB-010,2022-05-26,2023-11-28,2024-05-26,4.2,23,20,1,0,1650
REN1620,2025-06-09,CUST146,Individual Patient,Erandwane,Patient Monitor,Monitoring Equipment,10,620,6200,7440,500,81,UPI,Returned,Fair,4.5,2025-06-19,2025-06-05,2025-06-09,2025-06-19,2025-06-19,Completed,Not Cancelled,411014.0,PM-011,2023-07-09,2025-11-09,2026-03-09,3.1,13,12,0,0,6200
REN1621,2024-04-07,CUST104,Hospital,Vishrantwadi,Wheelchair,Mobility Equipment,3,160,480,2880,300,30,Bank Transfer,Returned,Good,3.5,2024-04-10,2024-03-29,2024-04-07,2024-04-10,2024-04-10,Completed,Not Cancelled,411007.0,WC-015,2022-05-31,2025-11-16,2026-11-16,4.2,20,15,0,0,480
REN1622,2026-03-15,CUST183,Home Care,Erandwane,Oxygen Concentrator,Respiratory Equipment,21,290,6090,4640,100,59,Bank Transfer,Returned,Good,,2026-04-05,2026-03-11,2026-03-15,2026-04-05,2026-04-05,Completed,Not Cancelled,411040.0,OC-003,2024-12-09,2025-07-09,2026-07-09,1.6,16,5,0,0,6090
REN1623,2025-08-03,CUST260,Individual Patient,Pimpri,Hospital Bed,Patient Care Equipment,10,330,3300,3300,150,39,UPI,Cancelled,Excellent,4.0,,2025-07-29,2025-08-03,,,Cancelled,Cancelled,411040.0,,,,,,23,23,0,1,3300
REN1624,2025-05-31,CUST337,Individual Patient,Viman Nagar,Wheelchair,Mobility Equipment,7,140,980,2940,250,5,Credit Card,Returned,Fair,4.5,2025-06-07,2025-05-23,2025-05-31,2025-06-07,2025-06-07,Completed,Not Cancelled,411007.0,WC-004,2024-04-11,2025-03-19,2025-07-17,2.3,20,15,0,0,980
REN1625,2024-06-08,CUST393,Individual Patient,Camp,Surgical Loupe,Surgical Equipment,7,240,1680,4800,200,24,UPI,Returned,Good,4.0,2024-06-15,2024-06-03,2024-06-08,2024-06-15,2024-06-15,Completed,Not Cancelled,411052.0,SL-005,2022-05-04,2025-12-20,2026-06-18,4.2,7,7,0,0,1680
REN1626,2024-08-23,CUST175,Home Care,Koregaon Park,Surgical Loupe,Surgical Equipment,14,220,3080,3960,450,63,Credit Card,Returned,Good,3.5,2024-09-06,2024-08-19,2024-08-23,2024-09-06,2024-09-06,Completed,Not Cancelled,411043.0,SL-001,2025-06-04,2025-12-06,2026-06-04,1.2,7,7,0,0,3080
REN1627,2024-06-04,CUST117,Individual Patient,Koregaon Park,Nebulizer,Respiratory Equipment,30,70,2100,1260,150,8,Credit Card,Returned,Good,4.5,2024-07-04,2024-06-03,2024-06-04,2024-07-04,2024-07-04,Completed,Not Cancelled,411045.0,NB-010,2024-09-03,2026-05-18,2027-05-18,1.9,12,10,0,0,2100
REN1628,2026-03-20,CUST148,Home Care,Erandwane,Suction Machine,Surgical Equipment,14,250,3500,4250,500,9,Bank Transfer,Returned,Good,4.5,2026-04-03,2026-03-09,2026-03-20,2026-04-03,2026-04-03,Completed,Not Cancelled,411040.0,SM-013,2022-07-24,2024-05-07,2025-05-07,4.0,14,7,0,0,3500
REN1629,2025-07-07,CUST462,Clinic,Dhankawadi,Commode Chair,Mobility Equipment,3,90,270,1260,250,15,UPI,Returned,Good,4.5,2025-07-10,2025-07-01,2025-07-07,2025-07-10,2025-07-10,Completed,Not Cancelled,411058.0,CC-009,2025-02-05,2026-03-20,2026-07-18,1.5,10,9,0,0,270
REN1630,2025-11-23,CUST028,Diagnostic Center,Bibwewadi,Surgical Headlight,Surgical Equipment,3,180,540,3960,100,45,UPI,Returned,Excellent,4.0,2025-11-26,2025-11-13,2025-11-23,2025-11-26,2025-11-26,Completed,Not Cancelled,411047.0,SH-007,2022-04-06,2022-09-26,2023-01-24,4.3,8,8,0,0,540
REN1631,2024-10-02,CUST166,Home Care,Chinchwad,Fowler Bed,Patient Care Equipment,30,450,13500,7650,100,122,UPI,Returned,Good,4.5,2024-11-01,2024-09-25,2024-10-02,2024-11-01,2024-11-01,Completed,Not Cancelled,411042.0,FB-004,2022-08-26,2025-11-03,2026-11-03,3.9,15,12,0,0,13500
REN1632,2024-12-16,CUST326,Home Care,Shivajinagar,Hospital Bed,Patient Care Equipment,14,360,5040,5040,400,58,Credit Card,Returned,Good,4.0,2024-12-30,2024-12-14,2024-12-16,2024-12-30,2024-12-30,Completed,Not Cancelled,411040.0,HB-011,2023-11-04,2025-12-22,2026-03-22,2.7,23,18,0,0,5040
REN1633,2025-01-18,CUST167,Home Care,Dhankawadi,Nebulizer,Respiratory Equipment,7,80,560,1440,500,17,Cash,Returned,Excellent,4.0,2025-01-25,2025-01-14,2025-01-18,2025-01-25,2025-01-25,Completed,Not Cancelled,411048.0,NB-009,2025-06-25,2025-08-24,2025-12-22,1.1,12,7,0,0,560
REN1634,2025-12-18,CUST288,Individual Patient,Koregaon Park,Surgical Loupe,Surgical Equipment,21,220,4620,2640,150,59,Bank Transfer,Returned,Good,4.5,2026-01-08,2025-12-13,2025-12-18,2026-01-08,2026-01-08,Completed,Not Cancelled,411030.0,SL-006,2024-02-17,2025-07-19,2026-01-15,2.5,7,6,0,0,4620
REN1635,2025-12-30,CUST582,Clinic,Vishrantwadi,Wheelchair,Mobility Equipment,10,160,1600,2240,250,50,Bank Transfer,Returned,Good,4.5,2026-01-09,2025-12-21,2025-12-30,2026-01-09,2026-01-09,Completed,Not Cancelled,411052.0,WC-010,2022-10-28,2026-07-19,2027-01-15,3.8,20,13,0,0,1600
REN1636,2024-07-14,CUST396,Individual Patient,Chinchwad,Fowler Bed,Patient Care Equipment,5,430,2150,4730,500,101,UPI,Returned,Excellent,5.0,2024-07-19,2024-07-08,2024-07-14,2024-07-19,2024-07-19,Completed,Not Cancelled,411009.0,FB-012,2024-03-04,,2026-04-09,2.4,15,13,0,0,2150
REN1637,2026-06-11,CUST033,Home Care,Hinjawadi,Oxygen Concentrator,Respiratory Equipment,30,270,8100,2970,550,68,UPI,Active,Good,5.0,,2026-06-04,2026-06-11,2026-07-11,,Confirmed,Not Cancelled,,OC-007,2022-03-01,2024-09-16,2025-01-14,4.4,16,8,1,0,8100
REN1638,2024-04-29,CUST559,Home Care,Hinjawadi,CPAP Machine,Respiratory Equipment,21,320,6720,6400,500,20,Debit Card,Returned,Good,3.0,2024-05-20,2024-04-20,2024-04-29,2024-05-20,2024-05-20,Completed,Not Cancelled,411008.0,CP-014,2024-05-28,2026-03-24,2027-03-24,2.2,19,17,0,0,6720
REN1639,2026-05-02,CUST016,Home Care,Hinjawadi,Nebulizer,Respiratory Equipment,7,80,560,1200,400,13,Credit Card,Returned,Good,4.0,2026-05-09,2026-04-29,2026-05-02,2026-05-09,2026-05-09,Completed,Not Cancelled,411030.0,NB-003,2023-10-05,2025-10-07,2026-01-05,2.8,12,9,0,0,560
REN1640,2024-04-10,CUST244,Clinic,Viman Nagar,CPAP Machine,Respiratory Equipment,21,370,7770,7770,500,116,UPI,Returned,Good,5.0,2024-05-01,2024-03-30,2024-04-10,2024-05-01,2024-05-01,Completed,Not Cancelled,411040.0,CP-012,2025-05-31,2025-12-09,2026-04-08,1.2,19,15,0,0,7770
REN1641,2024-09-02,CUST547,Hospital,Koregaon Park,Walker,Mobility Equipment,14,60,840,1080,250,5,Credit Card,Returned,Good,4.0,2024-09-16,2024-08-28,2024-09-02,2024-09-16,2024-09-16,Completed,Not Cancelled,411052.0,WK-007,2022-10-31,2023-01-01,2024-01-01,3.8,7,4,0,0,840
REN1642,2026-03-15,CUST566,Individual Patient,Hadapsar,Commode Chair,Mobility Equipment,45,90,4050,1170,100,12,Bank Transfer,Active,Good,4.5,,2026-03-07,2026-03-15,2026-04-29,,Confirmed,Not Cancelled,411057.0,CC-006,2024-10-14,,2025-07-16,1.8,10,7,0,0,4050
REN1643,2024-06-21,CUST005,Individual Patient,Bibwewadi,Hospital Bed,Patient Care Equipment,14,330,4620,3960,400,81,UPI,Returned,Good,4.5,2024-07-05,2024-06-18,2024-06-21,2024-07-05,2024-07-05,Completed,Not Cancelled,411007.0,HB-023,2023-09-05,,2024-05-09,2.9,23,19,0,0,4620
REN1644,2025-01-27,CUST250,Clinic,Shivajinagar,ECG Machine,Diagnostic Equipment,7,530,3710,7950,400,169,UPI,Returned,Good,4.5,2025-02-03,2025-01-24,2025-01-27,2025-02-03,2025-02-03,Completed,Not Cancelled,411047.0,ECG-004,2022-05-09,2024-04-30,2025-04-30,4.2,9,9,0,0,3710
REN1645,2025-03-05,CUST273,Individual Patient,Viman Nagar,Commode Chair,Mobility Equipment,14,90,1260,990,500,4,Credit Card,Returned,Good,3.0,2025-03-19,2025-02-24,2025-03-05,2025-03-19,2025-03-19,Completed,Not Cancelled,411015.0,CC-006,2024-10-14,2025-03-18,2025-07-16,1.8,10,9,0,0,1260
REN1646,2024-08-16,CUST290,Clinic,Hinjawadi,Fowler Bed,Patient Care Equipment,30,440,13200,7480,200,136,UPI,Active,Excellent,4.0,,2024-08-12,2024-08-16,2024-09-15,,Confirmed,Not Cancelled,411030.0,FB-011,2022-05-13,2023-03-15,2023-06-13,4.2,15,13,0,0,13200
REN1647,2025-10-29,CUST332,Clinic,Kharadi,Fowler Bed,Patient Care Equipment,45,460,20700,6900,550,46,Credit Card,Returned,Fair,3.5,2025-12-13,2025-10-18,2025-10-29,2025-12-13,2025-12-13,Completed,Not Cancelled,411052.0,FB-006,2024-01-01,2025-08-08,2025-11-06,2.6,15,12,0,0,20700
REN1648,2026-03-20,CUST349,Individual Patient,Erandwane,ECG Machine,Diagnostic Equipment,7,510,3570,5610,350,156,Bank Transfer,Returned,Good,4.0,2026-03-27,2026-03-12,2026-03-20,2026-03-27,2026-03-27,Completed,Not Cancelled,411058.0,ECG-005,2022-01-24,2022-08-13,2022-12-11,4.5,9,8,0,0,3570
REN1649,2026-04-11,CUST227,Clinic,Chinchwad,CPAP Machine,Respiratory Equipment,7,350,2450,5600,300,110,Cash,Returned,Good,3.5,2026-04-18,2026-04-03,2026-04-11,2026-04-18,2026-04-18,Completed,Not Cancelled,411047.0,CP-008,2024-06-15,2025-04-22,2025-08-20,2.1,19,13,0,0,2450
REN1650,2024-11-13,CUST344,Home Care,Aundh,Wheelchair,Mobility Equipment,7,150,1050,3150,600,42,UPI,Returned,Excellent,4.5,2024-11-20,2024-11-09,2024-11-13,2024-11-20,2024-11-20,Completed,Not Cancelled,411014.0,WC-015,2022-05-31,2025-11-16,2026-11-16,4.2,20,17,0,0,1050
REN1651,2025-05-21,CUST215,Hospital,Vishrantwadi,Oxygen Concentrator,Respiratory Equipment,14,300,4200,6300,350,98,UPI,Returned,Good,4.5,2025-06-04,2025-05-10,2025-05-21,2025-06-04,2025-06-04,Completed,Not Cancelled,411007.0,OC-004,2025-03-27,2026-06-20,2026-12-17,1.3,16,12,0,0,4200
REN1652,2024-08-19,CUST444,Home Care,Viman Nagar,Oxygen Concentrator,Respiratory Equipment,30,280,8400,4200,100,95,Credit Card,Returned,Good,3.5,2024-09-18,2024-08-07,2024-08-19,2024-09-18,2024-09-18,Completed,Not Cancelled,411058.0,OC-006,2024-06-08,2024-10-26,2025-04-24,2.1,16,13,0,0,8400
REN1653,2024-08-16,CUST278,Individual Patient,Aundh,BiPAP Machine,Respiratory Equipment,14,480,6720,4800,200,157,UPI,Returned,Fair,3.5,2024-08-30,2024-08-13,2024-08-16,2024-08-30,2024-08-30,Completed,Not Cancelled,411015.0,BP-003,2022-01-03,2023-01-31,2024-01-31,4.6,11,8,0,0,6720
REN1654,2024-06-05,CUST153,Home Care,Dhankawadi,Wheelchair,Mobility Equipment,45,160,7200,3360,400,31,Debit Card,Returned,Good,5.0,2024-07-20,2024-05-30,2024-06-05,2024-07-20,2024-07-20,Completed,Not Cancelled,,WC-006,2023-07-15,2024-01-01,2024-03-31,3.0,20,10,1,0,7200
REN1655,2026-06-10,CUST095,Home Care,Camp,Suction Machine,Surgical Equipment,1,260,260,4420,200,46,Bank Transfer,Cancelled,Good,3.5,,2026-05-30,2026-06-10,,,Cancelled,Cancelled,411040.0,,,,,,14,14,0,1,260
REN1656,2026-04-24,CUST196,Home Care,Bibwewadi,Fowler Bed,Patient Care Equipment,14,440,6160,8360,150,28,UPI,Active,Good,4.0,,2026-04-22,2026-04-24,2026-05-08,,Confirmed,Not Cancelled,411014.0,FB-006,2024-01-01,2025-08-08,2025-11-06,2.6,15,9,0,0,6160
REN1657,2026-01-04,CUST246,Individual Patient,Hadapsar,ECG Machine,Diagnostic Equipment,10,450,4500,4500,250,45,Bank Transfer,Returned,Good,4.5,2026-01-14,2026-01-01,2026-01-04,2026-01-14,2026-01-14,Completed,Not Cancelled,,ECG-008,2022-02-10,2023-09-04,2024-09-03,4.5,9,6,1,0,4500
REN1658,2025-05-09,CUST015,Individual Patient,Hinjawadi,Fowler Bed,Patient Care Equipment,45,430,19350,5590,350,103,UPI,Returned,Good,4.0,2025-06-23,2025-04-26,2025-05-09,2025-06-23,2025-06-23,Completed,Not Cancelled,411052.0,FB-003,2022-09-27,2023-02-09,2023-08-08,3.8,15,12,0,0,19350
REN1659,2025-04-14,CUST561,Individual Patient,Wanowrie,Walker,Mobility Equipment,21,70,1470,910,150,5,Credit Card,Returned,Good,4.0,2025-05-05,2025-04-09,2025-04-14,2025-05-05,2025-05-05,Completed,Not Cancelled,411028.0,WK-004,2024-03-29,2024-10-16,2025-10-16,2.3,7,5,0,0,1470
REN1660,2025-05-20,CUST209,Home Care,Kharadi,Surgical Headlight,Surgical Equipment,30,170,5100,3230,350,56,Debit Card,Returned,Excellent,3.5,2025-06-19,2025-05-07,2025-05-20,2025-06-19,2025-06-19,Completed,Not Cancelled,411038.0,SH-007,2022-04-06,2022-09-26,2023-01-24,4.3,8,8,0,0,5100
REN1661,2025-05-26,CUST285,Diagnostic Center,Koregaon Park,Wheelchair,Mobility Equipment,14,150,2100,2700,450,15,UPI,Returned,Good,5.0,2025-06-09,2025-05-22,2025-05-26,2025-06-09,2025-06-09,Completed,Not Cancelled,411052.0,WC-002,2024-11-25,2025-02-12,2025-06-12,1.7,20,16,0,0,2100
REN1662,2025-02-18,CUST310,Clinic,Hinjawadi,BiPAP Machine,Respiratory Equipment,14,510,7140,9690,350,30,UPI,Returned,Fair,4.5,2025-03-04,2025-02-12,2025-02-18,2025-03-04,2025-03-04,Completed,Not Cancelled,411052.0,BP-005,2022-02-05,2024-01-14,2025-01-13,4.5,11,10,0,0,7140
REN1663,2024-05-09,CUST145,Home Care,Bibwewadi,Wheelchair,Mobility Equipment,30,140,4200,2100,450,15,Debit Card,Returned,Good,4.5,2024-06-08,2024-05-04,2024-05-09,2024-06-08,2024-06-08,Completed,Not Cancelled,411008.0,WC-014,2025-07-05,2026-01-27,,1.1,20,17,0,0,4200
REN1664,2024-05-03,CUST136,Individual Patient,Bibwewadi,ECG Machine,Diagnostic Equipment,5,520,2600,7280,450,24,Credit Card,Returned,Good,5.0,2024-05-08,2024-04-28,2024-05-03,2024-05-08,2024-05-08,Completed,Not Cancelled,411046.0,ECG-001,2025-06-16,2025-11-07,2026-02-05,1.1,9,8,0,0,2600
REN1665,2026-06-21,CUST136,Hospital,Koregaon Park,Suction Machine,Surgical Equipment,3,250,750,3000,350,21,UPI,Returned,Good,4.5,2026-06-24,2026-06-09,2026-06-21,2026-06-24,2026-06-24,Completed,Not Cancelled,411007.0,SM-004,2023-01-10,2023-10-14,2024-01-12,3.6,14,9,0,0,750
REN1666,2025-04-05,CUST371,Hospital,Pimpri,Oxygen Concentrator,Respiratory Equipment,30,270,8100,3510,600,59,UPI,Returned,Good,4.0,2025-05-05,2025-03-28,2025-04-05,2025-05-05,2025-05-05,Completed,Not Cancelled,411014.0,OC-006,2024-06-08,2024-10-26,2025-04-24,2.1,16,9,0,0,8100
REN1667,2026-06-22,CUST206,Individual Patient,Shivajinagar,Wheelchair,Mobility Equipment,5,140,700,1680,400,17,UPI,Returned,Excellent,4.5,2026-06-27,2026-06-10,2026-06-22,2026-06-27,2026-06-27,Completed,Not Cancelled,411043.0,WC-016,2024-07-04,2025-08-17,2025-12-15,2.1,20,10,0,0,700
REN1668,2024-06-07,CUST199,Hospital,Camp,CPAP Machine,Respiratory Equipment,14,350,4900,7000,500,100,Credit Card,Returned,Good,4.5,2024-06-21,2024-06-03,2024-06-07,2024-06-21,2024-06-21,Completed,Not Cancelled,411009.0,CP-015,2022-06-26,2023-01-19,2023-07-18,4.1,19,15,0,0,4900
REN1669,2025-06-11,CUST261,Home Care,Wanowrie,Commode Chair,Mobility Equipment,5,90,450,1620,450,14,UPI,Returned,Good,4.5,2025-06-16,2025-05-28,2025-06-11,2025-06-16,2025-06-16,Completed,Not Cancelled,411014.0,CC-003,2023-05-29,2025-12-14,2026-03-14,3.2,10,10,0,0,450
REN1670,2024-07-15,CUST290,Individual Patient,Dhankawadi,Commode Chair,Mobility Equipment,21,90,1890,1620,600,23,UPI,Returned,Good,,2024-08-05,2024-07-07,2024-07-15,2024-08-05,2024-08-05,Completed,Not Cancelled,411037.0,CC-007,2024-03-04,2024-05-09,2024-08-07,2.4,10,9,0,0,1890
REN1671,2024-08-23,CUST461,Hospital,Vishrantwadi,Hospital Bed,Patient Care Equipment,5,330,1650,6930,300,85,UPI,Returned,Good,3.5,2024-08-28,2024-08-21,2024-08-23,2024-08-28,2024-08-28,Completed,Not Cancelled,411037.0,HB-021,2025-06-17,2026-06-19,2026-12-16,1.1,23,20,0,0,1650
REN1672,2024-01-31,CUST288,Hospital,Koregaon Park,Oxygen Concentrator,Respiratory Equipment,14,300,4200,5700,200,22,Bank Transfer,Returned,Good,4.0,2024-02-14,2024-01-26,2024-01-31,2024-02-14,2024-02-14,Completed,Not Cancelled,411042.0,OC-008,2022-01-13,2023-05-05,2023-08-03,4.5,16,13,0,0,4200
REN1673,2024-04-27,CUST133,Clinic,Shivajinagar,CPAP Machine,Respiratory Equipment,1,370,370,5180,150,18,Debit Card,Returned,Good,4.5,2024-04-28,2024-04-24,2024-04-27,2024-04-28,2024-04-28,Completed,Not Cancelled,411057.0,CP-015,2022-06-26,,2023-07-18,4.1,19,16,0,0,370
REN1674,2026-05-20,CUST279,Home Care,Dhankawadi,Patient Monitor,Monitoring Equipment,3,560,1680,7840,600,168,Bank Transfer,Returned,Good,3.5,2026-05-23,2026-05-17,2026-05-20,2026-05-23,2026-05-23,Completed,Not Cancelled,411037.0,PM-013,2023-07-23,2024-09-22,2025-03-21,3.0,13,8,0,0,1680
REN1675,2024-10-26,CUST241,Home Care,Kothrud,Wheelchair,Mobility Equipment,10,150,1500,1650,500,38,Bank Transfer,Active,Excellent,5.0,,2024-10-14,2024-10-26,2024-11-05,,Confirmed,Not Cancelled,411028.0,WC-001,2024-04-30,2025-08-24,2025-11-22,2.3,20,16,0,0,1500
REN1676,2025-07-27,CUST099,Home Care,Aundh,Oxygen Concentrator,Respiratory Equipment,21,300,6300,5700,250,26,Bank Transfer,Returned,Excellent,4.5,2025-08-17,2025-07-14,2025-07-27,2025-08-17,2025-08-17,Completed,Not Cancelled,411015.0,OC-014,2025-02-15,2026-03-30,2026-09-26,1.5,16,12,0,0,6300
REN1677,2025-03-20,CUST139,Home Care,Camp,Infusion Pump,Critical Care Equipment,5,340,1700,7140,300,84,UPI,Returned,Good,3.0,2025-03-25,2025-03-19,2025-03-20,2025-03-25,2025-03-25,Completed,Not Cancelled,411052.0,IP-009,2024-05-29,2025-01-24,2026-01-24,2.2,10,8,0,0,1700
REN1678,2025-01-14,CUST195,Home Care,Kharadi,Fowler Bed,Patient Care Equipment,45,430,19350,8170,100,58,UPI,Returned,Good,4.5,2025-02-28,2025-01-12,2025-01-14,2025-02-28,2025-02-28,Completed,Not Cancelled,411015.0,FB-013,2024-04-21,2025-09-22,2026-01-20,2.3,15,14,0,0,19350
REN1679,2025-05-22,CUST237,Individual Patient,Aundh,Nebulizer,Respiratory Equipment,21,80,1680,1280,600,4,UPI,Returned,Good,5.0,2025-06-12,2025-05-19,2025-05-22,2025-06-12,2025-06-12,Completed,Not Cancelled,411007.0,NB-010,2024-09-03,2026-05-18,2027-05-18,1.9,12,10,0,0,1680
REN1680,2024-06-28,CUST110,Individual Patient,Erandwane,Fowler Bed,Patient Care Equipment,7,440,3080,6160,300,45,UPI,Returned,Good,4.5,2024-07-05,2024-06-18,2024-06-28,2024-07-05,2024-07-05,Completed,Not Cancelled,,FB-010,2025-01-27,2025-09-11,2026-03-10,1.5,15,15,1,0,3080
REN1681,2026-07-22,CUST136,Hospital,Erandwane,Fowler Bed,Patient Care Equipment,5,460,2300,6900,300,125,Cash,Returned,Good,4.5,2026-07-27,2026-07-15,2026-07-22,2026-07-27,2026-07-27,Completed,Not Cancelled,411046.0,FB-015,2024-03-17,2025-01-08,2025-05-08,2.4,15,4,0,0,2300
REN1682,2026-02-15,CUST040,Individual Patient,Aundh,Suction Machine,Surgical Equipment,7,230,1610,2990,200,36,UPI,Returned,Good,4.5,2026-02-22,2026-02-09,2026-02-15,2026-02-22,2026-02-22,Completed,Not Cancelled,411007.0,SM-005,2023-02-15,2024-02-13,2025-02-12,3.5,14,7,0,0,1610
REN1683,2025-11-30,CUST272,Home Care,Kharadi,Oxygen Concentrator,Respiratory Equipment,3,270,810,3240,100,55,Debit Card,Returned,Fair,4.0,2025-12-03,2025-11-23,2025-11-30,2025-12-03,2025-12-03,Completed,Not Cancelled,411043.0,OC-013,2023-06-29,2024-03-06,2025-03-06,3.1,16,14,0,0,810
REN1684,2025-03-24,CUST358,Hospital,Baner,Wheelchair,Mobility Equipment,3,160,480,2400,500,12,UPI,Returned,Excellent,4.5,2025-03-27,2025-03-11,2025-03-24,2025-03-27,2025-03-27,Completed,Not Cancelled,411037.0,WC-001,2024-04-30,2025-08-24,2025-11-22,2.3,20,16,0,0,480
REN1685,2024-05-28,CUST366,Home Care,Kothrud,Surgical Loupe,Surgical Equipment,10,230,2300,2990,200,14,Credit Card,Active,Good,4.5,,2024-05-25,2024-05-28,2024-06-07,,Confirmed,Not Cancelled,411047.0,SL-002,2025-04-12,2025-07-05,2026-01-01,1.3,7,6,0,0,2300
REN1686,2026-05-24,CUST236,Clinic,Koregaon Park,Infusion Pump,Critical Care Equipment,45,360,16200,6840,100,38,UPI,Returned,Good,5.0,2026-07-08,2026-05-22,2026-05-24,2026-07-08,2026-07-08,Completed,Not Cancelled,411007.0,IP-010,2023-02-03,,2024-06-03,3.5,10,8,0,0,16200
REN1687,2024-11-15,CUST207,Home Care,Kharadi,Nebulizer,Respiratory Equipment,10,90,900,1890,600,16,UPI,Cancelled,Good,5.0,,2024-11-08,2024-11-15,,,Cancelled,Cancelled,411052.0,,,,,,12,12,0,1,900
REN1688,2024-02-21,CUST160,Individual Patient,Kharadi,Wheelchair,Mobility Equipment,30,140,4200,1680,400,42,UPI,Returned,Good,5.0,2024-03-22,2024-02-08,2024-02-21,2024-03-22,2024-03-22,Completed,Not Cancelled,411052.0,WC-020,2023-01-10,2024-02-15,2024-06-14,3.6,20,16,0,0,4200
REN1689,2024-11-16,CUST335,Clinic,Vishrantwadi,Hospital Bed,Patient Care Equipment,3,330,990,3300,100,91,Bank Transfer,Returned,Good,3.5,2024-11-19,2024-11-08,2024-11-16,2024-11-19,2024-11-19,Completed,Not Cancelled,411045.0,HB-016,2023-09-12,2024-11-01,2025-11-01,2.9,23,20,0,0,990
REN1690,2026-01-22,CUST156,Individual Patient,Camp,Wheelchair,Mobility Equipment,10,150,1500,3150,250,12,Credit Card,Returned,Good,5.0,2026-02-01,2026-01-11,2026-01-22,2026-02-01,2026-02-01,Completed,Not Cancelled,411043.0,WC-016,2024-07-04,2025-08-17,2025-12-15,2.1,20,15,0,0,1500
REN1691,2025-08-08,CUST111,Hospital,Shivajinagar,Walker,Mobility Equipment,14,70,980,910,400,4,Debit Card,Active,Good,4.5,,2025-07-28,2025-08-08,2025-08-22,,Confirmed,Not Cancelled,411046.0,WK-007,2022-10-31,2023-01-01,2024-01-01,3.8,7,5,0,0,980
REN1692,2025-12-09,CUST571,Hospital,Kharadi,ECG Machine,Diagnostic Equipment,3,540,1620,7020,200,55,Debit Card,Returned,Good,4.5,2025-12-12,2025-12-06,2025-12-09,2025-12-12,2025-12-12,Completed,Not Cancelled,411014.0,ECG-002,2022-10-22,2024-10-03,2025-01-31,3.8,9,9,0,0,1620
REN1693,2026-01-21,CUST055,Home Care,Wanowrie,Fowler Bed,Patient Care Equipment,3,470,1410,9870,600,142,Credit Card,Returned,Excellent,5.0,2026-01-24,2026-01-13,2026-01-21,2026-01-24,2026-01-24,Completed,Not Cancelled,411052.0,FB-013,2024-04-21,2025-09-22,2026-01-20,2.3,15,14,0,0,1410
REN1694,2024-07-18,CUST389,Hospital,Camp,Ventilator,Critical Care Equipment,14,1050,14700,21000,550,205,Cash,Returned,Good,5.0,2024-08-01,2024-07-07,2024-07-18,2024-08-01,2024-08-01,Completed,Not Cancelled,411047.0,VT-006,2023-05-13,2023-08-14,2024-02-10,3.2,8,8,0,0,14700
REN1695,2026-05-27,CUST563,Clinic,Dhankawadi,Wheelchair,Mobility Equipment,30,160,4800,2720,550,46,UPI,Active,Fair,5.0,,2026-05-25,2026-05-27,2026-06-26,,Confirmed,Not Cancelled,411047.0,WC-018,2024-03-18,2025-03-11,2026-03-11,2.4,20,8,0,0,4800
REN1696,2025-02-21,CUST165,Diagnostic Center,Hadapsar,Patient Monitor,Monitoring Equipment,10,590,5900,7080,350,87,UPI,Returned,Good,3.5,2025-03-03,2025-02-14,2025-02-21,2025-03-03,2025-03-03,Completed,Not Cancelled,411038.0,PM-011,2023-07-09,2025-11-09,2026-03-09,3.1,13,13,0,0,5900
REN1697,2025-08-23,CUST481,Individual Patient,Wanowrie,Wheelchair,Mobility Equipment,7,130,910,2470,600,28,UPI,Returned,Good,4.0,2025-08-30,2025-08-20,2025-08-23,2025-08-30,2025-08-30,Completed,Not Cancelled,411009.0,WC-003,2022-01-25,2024-05-16,2024-08-14,4.5,20,17,0,0,910
REN1698,2024-01-03,CUST150,Individual Patient,Wakad,Oxygen Concentrator,Respiratory Equipment,21,280,5880,5320,250,62,Credit Card,Returned,Good,5.0,2024-01-24,2023-12-24,2024-01-03,2024-01-24,2024-01-24,Completed,Not Cancelled,411040.0,OC-001,2025-03-23,2025-09-09,2026-01-07,1.4,16,16,0,0,5880
REN1699,2026-07-26,CUST237,Hospital,Hinjawadi,Walker,Mobility Equipment,5,60,300,900,400,14,Credit Card,Returned,Good,5.0,2026-07-31,2026-07-23,2026-07-26,2026-07-31,2026-07-31,Completed,Not Cancelled,411040.0,WK-007,2022-10-31,2023-01-01,2024-01-01,3.8,7,4,0,0,300
REN1700,2024-09-17,CUST128,Individual Patient,Kharadi,Infusion Pump,Critical Care Equipment,3,340,1020,5780,500,61,Credit Card,Returned,Good,4.0,2024-09-20,2024-09-13,2024-09-17,2024-09-20,2024-09-20,Completed,Not Cancelled,411027.0,IP-005,2022-06-29,2025-01-12,2025-05-12,4.1,10,9,0,0,1020
REN1701,2024-03-04,CUST240,Home Care,Shivajinagar,Hospital Bed,Patient Care Equipment,3,330,990,5280,350,35,Debit Card,Returned,Good,4.0,2024-03-07,2024-02-25,2024-03-04,2024-03-07,2024-03-07,Completed,Not Cancelled,411057.0,HB-023,2023-09-05,2024-01-10,2024-05-09,2.9,23,16,0,0,990
REN1702,2025-03-13,CUST551,Home Care,Aundh,Wheelchair,Mobility Equipment,14,140,1960,2520,550,23,UPI,Returned,Good,4.5,2025-03-27,2025-03-07,2025-03-13,2025-03-27,2025-03-27,Completed,Not Cancelled,411030.0,WC-009,2024-08-16,2024-11-16,2025-11-16,2.0,20,17,0,0,1960
REN1703,2024-05-07,CUST146,Home Care,Chinchwad,Suction Machine,Surgical Equipment,5,250,1250,4000,150,85,Bank Transfer,Returned,Good,3.5,2024-05-12,2024-05-05,2024-05-07,2024-05-12,2024-05-12,Completed,Not Cancelled,411058.0,SM-003,2025-06-21,2026-01-30,2026-07-29,1.1,14,12,0,0,1250
REN1704,2024-05-28,CUST011,Individual Patient,Dhankawadi,Hospital Bed,Patient Care Equipment,7,360,2520,7920,300,42,Credit Card,Returned,Good,4.5,2024-06-04,2024-05-25,2024-05-28,2024-06-04,2024-06-04,Completed,Not Cancelled,411052.0,HB-015,2023-12-19,2025-01-01,2025-04-01,2.6,23,19,0,0,2520
REN1705,2025-08-17,CUST121,Home Care,Kothrud,Patient Monitor,Monitoring Equipment,7,620,4340,6200,550,162,Credit Card,Returned,Excellent,5.0,2025-08-24,2025-08-06,2025-08-17,2025-08-24,2025-08-24,Completed,Not Cancelled,411008.0,PM-007,2023-09-28,2024-02-25,2024-05-25,2.8,13,10,0,0,4340
REN1706,2025-01-06,CUST351,Home Care,Bibwewadi,Patient Monitor,Monitoring Equipment,3,680,2040,6800,200,226,UPI,Returned,Excellent,4.0,2025-01-09,2024-12-23,2025-01-06,2025-01-09,2025-01-09,Completed,Not Cancelled,411009.0,PM-001,2023-06-06,2026-05-23,2026-08-21,3.2,13,11,0,0,2040
REN1707,2026-05-25,CUST488,Home Care,Shivajinagar,Oxygen Concentrator,Respiratory Equipment,14,310,4340,3410,300,65,UPI,Returned,Excellent,5.0,2026-06-08,2026-05-17,2026-05-25,2026-06-08,2026-06-08,Completed,Not Cancelled,411030.0,OC-009,2024-12-24,2025-05-23,2025-11-19,1.6,16,4,0,0,4340
REN1708,2024-10-24,CUST600,Clinic,Pimpri,Oxygen Concentrator,Respiratory Equipment,45,270,12150,2970,600,50,UPI,Returned,Fair,4.5,2024-12-08,2024-10-23,2024-10-24,2024-12-08,2024-12-08,Completed,Not Cancelled,411043.0,OC-006,2024-06-08,2024-10-26,2025-04-24,2.1,16,13,0,0,12150
REN1709,2025-11-14,CUST189,Home Care,Camp,Wheelchair,Mobility Equipment,5,160,800,2560,400,11,Bank Transfer,Returned,Good,4.0,2025-11-19,2025-11-05,2025-11-14,2025-11-19,2025-11-19,Completed,Not Cancelled,411009.0,WC-006,2023-07-15,2024-01-01,2024-03-31,3.0,20,16,0,0,800
REN1710,2025-03-16,CUST357,Home Care,Viman Nagar,Walker,Mobility Equipment,7,70,490,770,250,19,Credit Card,Active,Fair,4.5,,2025-03-09,2025-03-16,2025-03-23,,Confirmed,Not Cancelled,411015.0,WK-006,2024-09-05,2025-05-31,2025-09-28,1.9,7,5,0,0,490
REN1711,2025-09-11,CUST025,Individual Patient,Baner,CPAP Machine,Respiratory Equipment,1,360,360,4320,250,116,UPI,Returned,Good,4.5,2025-09-12,2025-09-06,2025-09-11,2025-09-12,2025-09-12,Completed,Not Cancelled,411052.0,CP-001,2022-11-27,2025-01-06,2025-04-06,3.7,19,18,0,0,360
REN1712,2025-07-20,CUST150,Home Care,Bibwewadi,Patient Monitor,Monitoring Equipment,10,620,6200,9920,200,213,Bank Transfer,Returned,Good,5.0,2025-07-30,2025-07-17,2025-07-20,2025-07-30,2025-07-30,Completed,Not Cancelled,411037.0,PM-001,2023-06-06,2026-05-23,2026-08-21,3.2,13,13,0,0,6200
REN1713,2025-03-27,CUST533,Diagnostic Center,Vishrantwadi,Oxygen Concentrator,Respiratory Equipment,3,280,840,5880,500,26,Bank Transfer,Cancelled,Excellent,4.5,,2025-03-25,2025-03-27,,,Cancelled,Cancelled,411042.0,,,,,,16,16,0,1,840
REN1714,2026-06-19,CUST164,Clinic,Hadapsar,Nebulizer,Respiratory Equipment,3,80,240,1600,150,26,Cash,Returned,Good,5.0,2026-06-22,2026-06-18,2026-06-19,2026-06-22,2026-06-22,Completed,Not Cancelled,411040.0,NB-002,2025-06-20,2026-04-29,2026-08-27,1.1,12,8,0,0,240
REN1715,2024-11-17,CUST305,Individual Patient,Dhankawadi,Hospital Bed,Patient Care Equipment,21,340,7140,4080,200,50,Credit Card,Returned,Good,3.5,2024-12-08,2024-11-10,2024-11-17,2024-12-08,2024-12-08,Completed,Not Cancelled,411058.0,HB-008,2024-07-02,2025-07-25,2026-01-21,2.1,23,19,0,0,7140
REN1716,2024-06-19,CUST128,Individual Patient,Hinjawadi,Hospital Bed,Patient Care Equipment,14,380,5320,3800,150,87,Bank Transfer,Active,Good,,,2024-06-15,2024-06-19,2024-07-03,,Confirmed,Not Cancelled,411009.0,HB-003,2022-11-12,2024-06-27,2024-09-25,3.7,23,20,0,0,5320
REN1717,2025-09-28,CUST143,Individual Patient,Kothrud,Nebulizer,Respiratory Equipment,14,80,1120,1520,500,8,Credit Card,Active,Good,4.5,,2025-09-22,2025-09-28,2025-10-12,,Confirmed,Not Cancelled,411040.0,NB-002,2025-06-20,2026-04-29,2026-08-27,1.1,12,11,0,0,1120
REN1718,2026-03-15,CUST254,Home Care,Bibwewadi,Nebulizer,Respiratory Equipment,45,80,3600,1600,600,9,Bank Transfer,Returned,Good,4.5,2026-04-29,2026-03-09,2026-03-15,2026-04-29,2026-04-29,Completed,Not Cancelled,411008.0,NB-008,2022-12-18,2025-07-25,2026-07-25,3.6,12,7,0,0,3600
REN1719,2024-02-11,CUST012,Home Care,Hadapsar,Oxygen Concentrator,Respiratory Equipment,14,260,3640,5720,100,59,Credit Card,Cancelled,Excellent,3.5,,2024-02-04,2024-02-11,,,Cancelled,Cancelled,411007.0,,,,,,16,16,0,1,3640
REN1720,2025-03-05,CUST173,Home Care,Vishrantwadi,Oxygen Concentrator,Respiratory Equipment,30,270,8100,4050,600,50,UPI,Returned,Good,4.0,2025-04-04,2025-02-26,2025-03-05,2025-04-04,2025-04-04,Completed,Not Cancelled,411038.0,OC-008,2022-01-13,2023-05-05,2023-08-03,4.5,16,15,0,0,8100
REN1721,2026-04-28,CUST221,Home Care,Koregaon Park,Ventilator,Critical Care Equipment,3,1040,3120,10400,600,352,Cash,Returned,Good,4.5,2026-05-01,2026-04-22,2026-04-28,2026-05-01,2026-05-01,Completed,Not Cancelled,411057.0,VT-002,2024-07-09,2026-04-04,2026-08-02,2.1,8,7,0,0,3120
REN1722,2025-12-08,CUST543,Individual Patient,Hinjawadi,Hospital Bed,Patient Care Equipment,10,370,3700,8140,350,42,Bank Transfer,Returned,Good,5.0,2025-12-18,2025-12-06,2025-12-08,2025-12-18,2025-12-18,Completed,Not Cancelled,411037.0,HB-011,2023-11-04,2025-12-22,2026-03-22,2.7,23,19,0,0,3700
REN1723,2026-07-25,CUST432,Home Care,Kharadi,Wheelchair,Mobility Equipment,30,140,4200,1820,100,44,Credit Card,Returned,Fair,5.0,2026-08-24,2026-07-24,2026-07-25,2026-08-24,2026-08-24,Completed,Not Cancelled,411046.0,WC-015,2022-05-31,2025-11-16,2026-11-16,4.2,20,7,0,0,4200
REN1724,2025-05-21,CUST546,Home Care,Erandwane,CPAP Machine,Respiratory Equipment,45,380,17100,5320,450,67,Credit Card,Returned,Fair,3.5,2025-07-05,2025-05-15,2025-05-21,2025-07-05,2025-07-05,Completed,Not Cancelled,411057.0,CP-010,2023-08-17,2024-01-18,2024-07-16,3.0,19,14,0,0,17100
REN1725,2025-09-11,CUST194,Individual Patient,Hinjawadi,Oxygen Concentrator,Respiratory Equipment,14,280,3920,4200,350,20,Bank Transfer,Returned,Excellent,4.0,2025-09-25,2025-09-06,2025-09-11,2025-09-25,2025-09-25,Completed,Not Cancelled,411007.0,OC-012,2022-09-21,2025-04-21,2025-10-18,3.9,16,12,0,0,3920
REN1726,2024-10-08,CUST207,Individual Patient,Wakad,BiPAP Machine,Respiratory Equipment,3,540,1620,11880,550,58,UPI,Returned,Good,4.5,2024-10-11,2024-10-03,2024-10-08,2024-10-11,2024-10-11,Completed,Not Cancelled,411045.0,BP-005,2022-02-05,2024-01-14,2025-01-13,4.5,11,9,0,0,1620
REN1727,2026-06-17,CUST415,Home Care,Hadapsar,BiPAP Machine,Respiratory Equipment,30,560,16800,7840,250,152,UPI,Returned,Good,5.0,2026-07-17,2026-06-12,2026-06-17,2026-07-17,2026-07-17,Completed,Not Cancelled,,BP-005,2022-02-05,2024-01-14,2025-01-13,4.5,11,9,1,0,16800
REN1728,2024-12-11,CUST269,Home Care,Kothrud,Patient Monitor,Monitoring Equipment,7,650,4550,11050,400,191,UPI,Returned,Good,5.0,2024-12-18,2024-12-09,2024-12-11,2024-12-18,2024-12-18,Completed,Not Cancelled,411052.0,PM-005,2024-05-27,2025-01-13,2025-05-13,2.2,13,12,0,0,4550
REN1729,2025-11-26,CUST112,Home Care,Kharadi,Suction Machine,Surgical Equipment,21,230,4830,3680,550,10,UPI,Returned,Excellent,4.0,2025-12-17,2025-11-24,2025-11-26,2025-12-17,2025-12-17,Completed,Not Cancelled,411046.0,SM-001,2022-01-16,2022-11-13,2023-11-13,4.5,14,13,0,0,4830
REN1730,2025-01-17,CUST387,Home Care,Viman Nagar,CPAP Machine,Respiratory Equipment,5,340,1700,7480,450,55,UPI,Returned,Good,3.0,2025-01-22,2025-01-09,2025-01-17,2025-01-22,2025-01-22,Completed,Not Cancelled,411057.0,CP-002,2022-02-22,2023-07-14,2024-07-13,4.4,19,18,0,0,1700
REN1731,2025-06-17,CUST155,Clinic,Viman Nagar,Commode Chair,Mobility Equipment,14,90,1260,1980,450,17,Bank Transfer,Returned,Excellent,3.5,2025-07-01,2025-06-11,2025-06-17,2025-07-01,2025-07-01,Completed,Not Cancelled,411043.0,CC-002,2023-03-30,2023-10-02,2024-10-01,3.3,10,9,0,0,1260
REN1732,2025-11-07,CUST166,Clinic,Hadapsar,Hospital Bed,Patient Care Equipment,21,360,7560,6480,600,82,UPI,Returned,Good,4.5,2025-11-28,2025-10-31,2025-11-07,2025-11-28,2025-11-28,Completed,Not Cancelled,411007.0,HB-021,2025-06-17,2026-06-19,2026-12-16,1.1,23,22,0,0,7560
REN1733,2025-05-01,CUST291,Individual Patient,Shivajinagar,Oxygen Concentrator,Respiratory Equipment,1,300,300,3300,350,71,Debit Card,Returned,Fair,3.5,2025-05-02,2025-04-29,2025-05-01,2025-05-02,2025-05-02,Completed,Not Cancelled,411058.0,OC-010,2022-01-22,2023-03-21,2024-03-20,4.5,16,9,0,0,300
REN1734,2026-05-12,CUST373,Individual Patient,Chinchwad,BiPAP Machine,Respiratory Equipment,14,530,7420,7420,150,157,Debit Card,Active,Good,4.0,,2026-05-02,2026-05-12,2026-05-26,,Confirmed,Not Cancelled,411052.0,BP-003,2022-01-03,2023-01-31,2024-01-31,4.6,11,7,0,0,7420
REN1735,2025-02-02,CUST486,Hospital,Dhankawadi,Oxygen Concentrator,Respiratory Equipment,30,310,9300,5580,600,36,UPI,Active,Good,5.0,,2025-01-29,2025-02-02,2025-03-04,,Confirmed,Not Cancelled,411014.0,OC-004,2025-03-27,2026-06-20,2026-12-17,1.3,16,14,0,0,9300
REN1736,2025-08-30,CUST206,Hospital,Camp,Hospital Bed,Patient Care Equipment,7,330,2310,6600,150,22,Bank Transfer,Returned,Good,4.5,2025-09-06,2025-08-23,2025-08-30,2025-09-06,2025-09-06,Completed,Not Cancelled,411058.0,HB-012,2022-06-28,2023-10-26,2024-02-23,4.1,23,18,0,0,2310
REN1737,2024-11-16,CUST201,Home Care,Erandwane,Oxygen Concentrator,Respiratory Equipment,14,270,3780,5130,400,24,Credit Card,Returned,Good,5.0,2024-11-30,2024-11-11,2024-11-16,2024-11-30,2024-11-30,Completed,Not Cancelled,411045.0,OC-014,2025-02-15,2026-03-30,2026-09-26,1.5,16,11,0,0,3780
REN1738,2025-01-22,CUST190,Home Care,Wakad,Nebulizer,Respiratory Equipment,7,80,560,1280,500,26,Debit Card,Returned,Fair,5.0,2025-01-29,2025-01-17,2025-01-22,2025-01-29,2025-01-29,Completed,Not Cancelled,411038.0,NB-001,2024-01-01,2024-11-22,2025-05-21,2.6,12,8,0,0,560
REN1739,2025-02-23,CUST420,Individual Patient,Wanowrie,Hospital Bed,Patient Care Equipment,21,330,6930,5940,500,68,Credit Card,Returned,Good,4.0,2025-03-16,2025-02-14,2025-02-23,2025-03-16,2025-03-16,Completed,Not Cancelled,411048.0,HB-011,2023-11-04,2025-12-22,2026-03-22,2.7,23,16,0,0,6930
REN1740,2024-05-04,CUST004,Individual Patient,Camp,Nebulizer,Respiratory Equipment,14,90,1260,1260,450,9,UPI,Returned,Fair,,2024-05-18,2024-05-02,2024-05-04,2024-05-18,2024-05-18,Completed,Not Cancelled,411043.0,NB-004,2022-09-18,,2023-12-01,3.9,12,11,0,0,1260
REN1741,2024-04-02,CUST017,Home Care,Koregaon Park,Commode Chair,Mobility Equipment,14,90,1260,1620,300,25,UPI,Returned,Good,4.5,2024-04-16,2024-04-01,2024-04-02,2024-04-16,2024-04-16,Completed,Not Cancelled,411047.0,CC-002,2023-03-30,2023-10-02,2024-10-01,3.3,10,7,0,0,1260
REN1742,2025-09-18,CUST114,Home Care,Erandwane,Suction Machine,Surgical Equipment,30,240,7200,3840,200,52,Debit Card,Returned,Good,4.5,2025-10-18,2025-09-16,2025-09-18,2025-10-18,2025-10-18,Completed,Not Cancelled,411028.0,SM-006,2024-01-04,2024-10-23,2025-02-20,2.6,14,12,0,0,7200
REN1743,2025-09-06,CUST577,Home Care,Camp,Wheelchair,Mobility Equipment,5,160,800,2880,100,24,UPI,Returned,Good,4.5,2025-09-11,2025-08-23,2025-09-06,2025-09-11,2025-09-11,Completed,Not Cancelled,411030.0,WC-018,2024-03-18,2025-03-11,2026-03-11,2.4,20,18,0,0,800
REN1744,2025-09-13,CUST110,Home Care,Wakad,Commode Chair,Mobility Equipment,14,90,1260,1890,250,3,Debit Card,Returned,Good,5.0,2025-09-27,2025-09-01,2025-09-13,2025-09-27,2025-09-27,Completed,Not Cancelled,411008.0,CC-002,2023-03-30,2023-10-02,2024-10-01,3.3,10,8,0,0,1260
REN1745,2024-01-21,CUST425,Individual Patient,Kharadi,Wheelchair,Mobility Equipment,7,160,1120,3200,600,45,UPI,Returned,Excellent,5.0,2024-01-28,2024-01-13,2024-01-21,2024-01-28,2024-01-28,Completed,Not Cancelled,411052.0,WC-008,2024-11-30,2025-04-12,2025-07-11,1.7,20,13,0,0,1120
REN1746,2024-10-31,CUST347,Hospital,Hinjawadi,Surgical Headlight,Surgical Equipment,30,200,6000,3800,450,52,Bank Transfer,Returned,Good,4.5,2024-11-30,2024-10-26,2024-10-31,2024-11-30,2024-11-30,Completed,Not Cancelled,411027.0,SH-006,2025-01-03,2025-04-27,2025-07-26,1.6,8,6,0,0,6000
REN1747,2024-07-07,CUST245,Individual Patient,Bibwewadi,Nebulizer,Respiratory Equipment,3,80,240,1520,300,9,Credit Card,Returned,Good,3.0,2024-07-10,2024-07-06,2024-07-07,2024-07-10,2024-07-10,Completed,Not Cancelled,411009.0,NB-004,2022-09-18,2023-08-03,2023-12-01,3.9,12,10,0,0,240
REN1748,2026-01-05,CUST428,Home Care,Baner,Hospital Bed,Patient Care Equipment,30,380,11400,4560,350,44,UPI,Returned,Good,4.0,2026-02-04,2025-12-26,2026-01-05,2026-02-04,2026-02-04,Completed,Not Cancelled,411008.0,HB-019,2022-04-24,2024-04-14,2025-04-14,4.3,23,15,0,0,11400
REN1749,2026-03-29,CUST211,Home Care,Shivajinagar,Commode Chair,Mobility Equipment,14,100,1400,1200,250,12,UPI,Returned,Excellent,4.5,2026-04-12,2026-03-27,2026-03-29,2026-04-12,2026-04-12,Completed,Not Cancelled,411030.0,CC-010,2022-12-23,2023-04-16,2023-10-13,3.6,10,6,0,0,1400
REN1750,2024-08-17,CUST258,Clinic,Bibwewadi,Fowler Bed,Patient Care Equipment,5,450,2250,9000,550,110,UPI,Returned,Fair,4.0,2024-08-22,2024-08-14,2024-08-17,2024-08-22,2024-08-22,Completed,Not Cancelled,411038.0,FB-004,2022-08-26,2025-11-03,2026-11-03,3.9,15,12,0,0,2250
REN1751,2025-09-18,CUST298,Individual Patient,Erandwane,Fowler Bed,Patient Care Equipment,30,440,13200,7480,300,55,Bank Transfer,Returned,Excellent,5.0,2025-10-18,2025-09-08,2025-09-18,2025-10-18,2025-10-18,Completed,Not Cancelled,411048.0,FB-005,2023-12-06,2025-12-27,2026-12-27,2.7,15,13,0,0,13200
REN1752,2024-05-07,CUST468,Home Care,Kothrud,CPAP Machine,Respiratory Equipment,7,380,2660,5700,550,49,Bank Transfer,Returned,Good,4.5,2024-05-14,2024-05-04,2024-05-07,2024-05-14,2024-05-14,Completed,Not Cancelled,411045.0,CP-018,2022-12-12,2023-08-05,2024-08-04,3.6,19,13,0,0,2660
REN1753,2024-09-12,CUST541,Home Care,Aundh,Suction Machine,Surgical Equipment,7,270,1890,4860,100,41,UPI,Returned,Good,4.0,2024-09-19,2024-09-02,2024-09-12,2024-09-19,2024-09-19,Completed,Not Cancelled,411048.0,SM-008,2022-11-17,2026-01-26,2026-04-26,3.7,14,10,0,0,1890
REN1754,2024-05-15,CUST087,Clinic,Bibwewadi,Nebulizer,Respiratory Equipment,5,80,400,880,350,27,Credit Card,Returned,Good,5.0,2024-05-20,2024-05-06,2024-05-15,2024-05-20,2024-05-20,Completed,Not Cancelled,411007.0,NB-003,2023-10-05,2025-10-07,2026-01-05,2.8,12,10,0,0,400
REN1755,2024-09-20,CUST198,Hospital,Kharadi,Surgical Headlight,Surgical Equipment,5,180,900,2160,400,32,UPI,Returned,Fair,4.5,2024-09-25,2024-09-10,2024-09-20,2024-09-25,2024-09-25,Completed,Not Cancelled,411007.0,SH-001,2022-09-11,2023-01-30,2023-07-29,3.9,8,8,0,0,900
REN1756,2025-09-24,CUST470,Clinic,Viman Nagar,Oxygen Concentrator,Respiratory Equipment,7,310,2170,3410,450,47,Bank Transfer,Returned,Good,4.0,2025-10-01,2025-09-16,2025-09-24,2025-10-01,2025-10-01,Completed,Not Cancelled,411015.0,OC-002,2023-10-02,2025-09-17,2026-03-16,2.8,16,12,0,0,2170
REN1757,2026-05-14,CUST503,Hospital,Viman Nagar,Suction Machine,Surgical Equipment,1,250,250,4250,100,45,Bank Transfer,Returned,Fair,4.5,2026-05-15,2026-05-10,2026-05-14,2026-05-15,2026-05-15,Completed,Not Cancelled,,SM-007,2025-04-15,2025-08-10,2025-11-08,1.3,14,12,1,0,250
REN1758,2024-07-11,CUST173,Individual Patient,Chinchwad,BiPAP Machine,Respiratory Equipment,10,570,5700,5700,450,148,Debit Card,Returned,Excellent,4.5,2024-07-21,2024-07-04,2024-07-11,2024-07-21,2024-07-21,Completed,Not Cancelled,411008.0,BP-001,2024-10-27,2025-12-27,2026-03-27,1.8,11,9,0,0,5700
REN1759,2025-05-31,CUST236,Individual Patient,Bibwewadi,BiPAP Machine,Respiratory Equipment,3,540,1620,5400,550,169,Debit Card,Active,Excellent,4.5,,2025-05-21,2025-05-31,2025-06-03,,Confirmed,Not Cancelled,411052.0,BP-005,2022-02-05,2024-01-14,2025-01-13,4.5,11,10,0,0,1620
REN1760,2025-10-20,CUST322,Home Care,Aundh,Fowler Bed,Patient Care Equipment,14,470,6580,8460,150,163,UPI,Returned,Excellent,4.0,2025-11-03,2025-10-11,2025-10-20,2025-11-03,2025-11-03,Completed,Not Cancelled,411058.0,FB-003,2022-09-27,2023-02-09,2023-08-08,3.8,15,9,0,0,6580
REN1761,2026-06-22,CUST169,Hospital,Vishrantwadi,CPAP Machine,Respiratory Equipment,3,340,1020,6460,250,63,UPI,Returned,Good,4.5,2026-06-25,2026-06-11,2026-06-22,2026-06-25,2026-06-25,Completed,Not Cancelled,411038.0,CP-003,2024-07-28,2025-08-19,2026-02-15,2.0,19,16,0,0,1020
REN1762,2025-07-29,CUST552,Individual Patient,Hinjawadi,Commode Chair,Mobility Equipment,10,90,900,1170,300,16,Debit Card,Returned,Good,4.5,2025-08-08,2025-07-15,2025-07-29,2025-08-08,2025-08-08,Completed,Not Cancelled,411048.0,CC-003,2023-05-29,2025-12-14,2026-03-14,3.2,10,9,0,0,900
REN1763,2024-08-25,CUST153,Home Care,Shivajinagar,Oxygen Concentrator,Respiratory Equipment,1,290,290,5220,200,39,UPI,Returned,Good,3.0,2024-08-26,2024-08-17,2024-08-25,2024-08-26,2024-08-26,Completed,Not Cancelled,411014.0,OC-001,2025-03-23,2025-09-09,2026-01-07,1.4,16,13,0,0,290
REN1764,2025-08-11,CUST371,Clinic,Kothrud,Wheelchair,Mobility Equipment,5,140,700,1540,300,39,UPI,Returned,Good,4.0,2025-08-16,2025-07-30,2025-08-11,2025-08-16,2025-08-16,Completed,Not Cancelled,411007.0,WC-001,2024-04-30,2025-08-24,2025-11-22,2.3,20,15,0,0,700
REN1765,2024-10-25,CUST335,Individual Patient,Kharadi,Patient Monitor,Monitoring Equipment,30,620,18600,9300,550,149,UPI,Returned,Excellent,4.5,2024-11-24,2024-10-22,2024-10-25,2024-11-24,2024-11-24,Completed,Not Cancelled,411052.0,PM-001,2023-06-06,2026-05-23,2026-08-21,3.2,13,12,0,0,18600
REN1766,2026-07-12,CUST128,Home Care,Koregaon Park,Oxygen Concentrator,Respiratory Equipment,7,310,2170,4340,550,45,Bank Transfer,Active,Good,4.0,,2026-06-29,2026-07-12,2026-07-19,,Confirmed,Not Cancelled,411048.0,OC-002,2023-10-02,2025-09-17,2026-03-16,2.8,16,12,0,0,2170
REN1767,2025-01-13,CUST184,Individual Patient,Wanowrie,Hospital Bed,Patient Care Equipment,10,330,3300,4620,400,65,Bank Transfer,Active,Fair,5.0,,2025-01-01,2025-01-13,2025-01-23,,Confirmed,Not Cancelled,411047.0,HB-017,2022-03-17,2026-02-27,2026-08-26,4.4,23,19,0,0,3300
REN1768,2025-10-05,CUST340,Clinic,Erandwane,Hospital Bed,Patient Care Equipment,1,360,360,7560,550,35,Cash,Returned,Fair,4.0,2025-10-06,2025-10-04,2025-10-05,2025-10-06,2025-10-06,Completed,Not Cancelled,411048.0,HB-016,2023-09-12,2024-11-01,2025-11-01,2.9,23,20,0,0,360
REN1769,2024-01-24,CUST125,Clinic,Wanowrie,BiPAP Machine,Respiratory Equipment,3,570,1710,6270,500,144,UPI,Returned,Good,5.0,2024-01-27,2024-01-17,2024-01-24,2024-01-27,2024-01-27,Completed,Not Cancelled,,BP-007,2024-05-15,2025-06-19,2026-06-19,2.2,11,8,1,0,1710
REN1770,2025-01-14,CUST052,Individual Patient,Baner,Ventilator,Critical Care Equipment,30,1050,31500,18900,100,116,UPI,Returned,Good,5.0,2025-02-13,2025-01-08,2025-01-14,2025-02-13,2025-02-13,Completed,Not Cancelled,411048.0,VT-008,2025-06-28,2025-09-10,2026-03-09,1.1,8,8,0,0,31500
REN1771,2026-04-12,CUST287,Diagnostic Center,Erandwane,Fowler Bed,Patient Care Equipment,21,420,8820,5460,300,60,UPI,Returned,Good,4.0,2026-05-03,2026-04-02,2026-04-12,2026-05-03,2026-05-03,Completed,Not Cancelled,411058.0,FB-007,2022-07-03,2023-06-21,2023-10-19,4.1,15,9,0,0,8820
REN1772,2025-07-29,CUST039,Clinic,Shivajinagar,Wheelchair,Mobility Equipment,1,150,150,2400,550,8,Bank Transfer,Returned,Good,4.5,2025-07-30,2025-07-27,2025-07-29,2025-07-30,2025-07-30,Completed,Not Cancelled,411052.0,WC-010,2022-10-28,2026-07-19,2027-01-15,3.8,20,16,0,0,150
REN1773,2025-02-27,CUST024,Clinic,Hinjawadi,ECG Machine,Diagnostic Equipment,7,470,3290,5640,300,47,UPI,Returned,Excellent,3.5,2025-03-06,2025-02-21,2025-02-27,2025-03-06,2025-03-06,Completed,Not Cancelled,411052.0,ECG-009,2024-04-18,2026-03-30,2026-09-26,2.3,9,7,0,0,3290
REN1774,2026-06-06,CUST189,Clinic,Erandwane,Oxygen Concentrator,Respiratory Equipment,7,280,1960,5320,400,26,Cash,Returned,Excellent,4.5,2026-06-13,2026-05-31,2026-06-06,2026-06-13,2026-06-13,Completed,Not Cancelled,411038.0,OC-016,2022-05-08,2026-06-18,2026-09-16,4.2,16,11,0,0,1960
REN1775,2026-03-23,CUST222,Individual Patient,Baner,Surgical Loupe,Surgical Equipment,10,230,2300,2300,300,61,Credit Card,Returned,Excellent,5.0,2026-04-02,2026-03-19,2026-03-23,2026-04-02,2026-04-02,Completed,Not Cancelled,411048.0,SL-004,2024-02-17,2025-06-05,2025-12-02,2.5,7,4,0,0,2300
REN1776,2024-10-27,CUST499,Hospital,Wakad,Patient Monitor,Monitoring Equipment,45,600,27000,6000,100,151,Bank Transfer,Returned,Good,5.0,2024-12-11,2024-10-13,2024-10-27,2024-12-11,2024-12-11,Completed,Not Cancelled,411015.0,PM-008,2023-02-24,2024-12-23,2025-06-21,3.4,13,10,0,0,27000
REN1777,2025-06-02,CUST433,Individual Patient,Dhankawadi,Wheelchair,Mobility Equipment,10,160,1600,2240,400,32,Debit Card,Returned,Excellent,,2025-06-12,2025-05-27,2025-06-02,2025-06-12,2025-06-12,Completed,Not Cancelled,411028.0,WC-006,2023-07-15,2024-01-01,2024-03-31,3.0,20,14,0,0,1600
REN1778,2025-04-13,CUST388,Hospital,Hinjawadi,Fowler Bed,Patient Care Equipment,5,470,2350,9870,300,72,Credit Card,Returned,Excellent,5.0,2025-04-18,2025-04-08,2025-04-13,2025-04-18,2025-04-18,Completed,Not Cancelled,411052.0,FB-011,2022-05-13,2023-03-15,,4.2,15,12,0,0,2350
REN1779,2025-08-17,CUST516,Home Care,Baner,Oxygen Concentrator,Respiratory Equipment,10,280,2800,2800,500,88,Bank Transfer,Returned,Fair,5.0,2025-08-27,2025-08-07,2025-08-17,2025-08-27,2025-08-27,Completed,Not Cancelled,411030.0,OC-001,2025-03-23,2025-09-09,2026-01-07,1.4,16,13,0,0,2800
REN1780,2024-11-08,CUST185,Hospital,Baner,Commode Chair,Mobility Equipment,14,100,1400,1200,550,31,UPI,Returned,Excellent,4.0,2024-11-22,2024-11-06,2024-11-08,2024-11-22,2024-11-22,Completed,Not Cancelled,411048.0,CC-001,2024-04-22,2025-08-07,2025-11-05,2.3,10,9,0,0,1400
REN1781,2024-08-15,CUST287,Diagnostic Center,Hinjawadi,Hospital Bed,Patient Care Equipment,7,390,2730,6240,150,87,Bank Transfer,Returned,Excellent,5.0,2024-08-22,2024-08-12,2024-08-15,2024-08-22,2024-08-22,Completed,Not Cancelled,411038.0,HB-008,2024-07-02,2025-07-25,2026-01-21,2.1,23,20,0,0,2730
REN1782,2026-05-17,CUST029,Home Care,Viman Nagar,Infusion Pump,Critical Care Equipment,14,320,4480,3200,250,77,Bank Transfer,Returned,Good,4.0,2026-05-31,2026-05-14,2026-05-17,2026-05-31,2026-05-31,Completed,Not Cancelled,411027.0,IP-009,2024-05-29,2025-01-24,2026-01-24,2.2,10,9,0,0,4480
REN1783,2026-05-27,CUST377,Diagnostic Center,Wanowrie,Commode Chair,Mobility Equipment,14,90,1260,1440,300,26,Credit Card,Returned,Excellent,5.0,2026-06-10,2026-05-15,2026-05-27,2026-06-10,2026-06-10,Completed,Not Cancelled,411037.0,CC-005,2024-07-20,2024-10-24,2025-04-22,2.0,10,9,0,0,1260
REN1784,2026-03-12,CUST446,Individual Patient,Viman Nagar,Infusion Pump,Critical Care Equipment,30,320,9600,4480,450,84,UPI,Returned,Good,5.0,2026-04-11,2026-03-01,2026-03-12,2026-04-11,2026-04-11,Completed,Not Cancelled,411042.0,IP-008,2023-06-01,2023-09-22,2024-01-20,3.2,10,5,0,0,9600
REN1785,2026-07-13,CUST058,Home Care,Wanowrie,Surgical Headlight,Surgical Equipment,7,170,1190,3060,300,17,Cash,Returned,Good,4.5,2026-07-20,2026-07-06,2026-07-13,2026-07-20,2026-07-20,Completed,Not Cancelled,411008.0,SH-008,2023-07-21,2025-11-10,2026-02-08,3.0,8,7,0,0,1190
REN1786,2025-12-03,CUST259,Home Care,Pimpri,Wheelchair,Mobility Equipment,14,150,2100,1500,400,29,Cash,Returned,Good,4.5,2025-12-17,2025-11-29,2025-12-03,2025-12-17,2025-12-17,Completed,Not Cancelled,411042.0,WC-013,2024-09-18,2026-02-24,2026-08-23,1.9,20,13,0,0,2100
REN1787,2025-12-23,CUST291,Hospital,Kharadi,Fowler Bed,Patient Care Equipment,10,410,4100,4920,550,32,Credit Card,Returned,Good,5.0,2026-01-02,2025-12-18,2025-12-23,2026-01-02,2026-01-02,Completed,Not Cancelled,411009.0,FB-005,2023-12-06,2025-12-27,2026-12-27,2.7,15,12,0,0,4100
REN1788,2025-12-20,CUST207,Individual Patient,Koregaon Park,ECG Machine,Diagnostic Equipment,7,520,3640,6240,400,150,Cash,Returned,Good,3.5,2025-12-27,2025-12-14,2025-12-20,2025-12-27,2025-12-27,Completed,Not Cancelled,411038.0,ECG-003,2022-12-29,2023-07-22,2024-01-18,3.6,9,7,0,0,3640
REN1789,2025-04-04,CUST340,Home Care,Wakad,CPAP Machine,Respiratory Equipment,5,320,1600,6080,150,77,Credit Card,Returned,Good,4.5,2025-04-09,2025-03-29,2025-04-04,2025-04-09,2025-04-09,Completed,Not Cancelled,411028.0,CP-002,2022-02-22,2023-07-14,2024-07-13,4.4,19,16,0,0,1600
REN1790,2025-03-12,CUST170,Hospital,Wanowrie,Hospital Bed,Patient Care Equipment,7,350,2450,6650,350,120,UPI,Returned,Excellent,,2025-03-19,2025-03-09,2025-03-12,2025-03-19,2025-03-19,Completed,Not Cancelled,411043.0,HB-013,2025-05-03,2025-11-16,2026-03-16,1.2,23,18,0,0,2450
REN1791,2024-08-12,CUST125,Individual Patient,Hadapsar,Oxygen Concentrator,Respiratory Equipment,14,260,3640,2860,550,19,Credit Card,Returned,Excellent,4.5,2024-08-26,2024-08-10,2024-08-12,2024-08-26,2024-08-26,Completed,Not Cancelled,411048.0,OC-012,2022-09-21,2025-04-21,2025-10-18,3.9,16,15,0,0,3640
REN1792,2025-08-28,CUST316,Individual Patient,Dhankawadi,Wheelchair,Mobility Equipment,3,160,480,2400,350,31,UPI,Returned,Fair,3.5,2025-08-31,2025-08-17,2025-08-28,2025-08-31,2025-08-31,Completed,Not Cancelled,411008.0,WC-015,2022-05-31,2025-11-16,2026-11-16,4.2,20,15,0,0,480
REN1793,2024-09-25,CUST452,Clinic,Hinjawadi,Infusion Pump,Critical Care Equipment,14,320,4480,6080,600,84,Credit Card,Returned,Excellent,4.0,2024-10-09,2024-09-18,2024-09-25,2024-10-09,2024-10-09,Completed,Not Cancelled,411008.0,IP-007,2023-02-08,2024-04-26,2024-08-24,3.5,10,10,0,0,4480
REN1794,2024-08-27,CUST423,Hospital,Baner,Fowler Bed,Patient Care Equipment,7,430,3010,4300,550,132,Bank Transfer,Returned,Good,5.0,2024-09-03,2024-08-25,2024-08-27,2024-09-03,2024-09-03,Completed,Not Cancelled,411038.0,FB-006,2024-01-01,2025-08-08,2025-11-06,2.6,15,14,0,0,3010
REN1795,2025-07-08,CUST241,Hospital,Dhankawadi,BiPAP Machine,Respiratory Equipment,7,570,3990,6270,200,173,UPI,Returned,Excellent,5.0,2025-07-15,2025-06-24,2025-07-08,2025-07-15,2025-07-15,Completed,Not Cancelled,411047.0,BP-010,2023-08-08,2025-05-07,,3.0,11,10,0,0,3990
REN1796,2025-01-24,CUST245,Individual Patient,Camp,Ventilator,Critical Care Equipment,5,1030,5150,18540,300,97,UPI,Returned,Good,5.0,2025-01-29,2025-01-19,2025-01-24,2025-01-29,2025-01-29,Completed,Not Cancelled,411027.0,VT-006,2023-05-13,2023-08-14,2024-02-10,3.2,8,6,0,0,5150
REN1797,2024-07-24,CUST499,Diagnostic Center,Wanowrie,Oxygen Concentrator,Respiratory Equipment,14,280,3920,4760,200,96,Bank Transfer,Returned,Good,4.5,2024-08-07,2024-07-15,2024-07-24,2024-08-07,2024-08-07,Completed,Not Cancelled,411047.0,OC-009,2024-12-24,2025-05-23,2025-11-19,1.6,16,12,0,0,3920
REN1798,2026-02-13,CUST405,Home Care,Shivajinagar,Commode Chair,Mobility Equipment,5,90,450,1710,200,31,Bank Transfer,Returned,Fair,4.5,2026-02-18,2026-02-11,2026-02-13,2026-02-18,2026-02-18,Completed,Not Cancelled,411007.0,CC-005,2024-07-20,2024-10-24,,2.0,10,6,0,0,450
REN1799,2026-03-29,CUST020,Home Care,Wakad,Hospital Bed,Patient Care Equipment,7,360,2520,5760,300,122,Cash,Returned,Fair,4.5,2026-04-05,2026-03-17,2026-03-29,2026-04-05,2026-04-05,Completed,Not Cancelled,411027.0,HB-009,2022-04-28,2023-06-27,2023-09-25,4.3,23,10,0,0,2520
REN1800,2024-06-10,CUST075,Home Care,Kharadi,Hospital Bed,Patient Care Equipment,14,370,5180,7770,300,84,UPI,Active,Good,4.5,,2024-06-09,2024-06-10,2024-06-24,,Confirmed,Not Cancelled,411040.0,HB-016,2023-09-12,2024-11-01,2025-11-01,2.9,23,21,0,0,5180
REN1801,2024-01-08,CUST505,Individual Patient,Koregaon Park,Wheelchair,Mobility Equipment,21,160,3360,1760,250,47,Debit Card,Returned,Excellent,5.0,2024-01-29,2023-12-26,2024-01-08,2024-01-29,2024-01-29,Completed,Not Cancelled,411043.0,WC-003,2022-01-25,2024-05-16,2024-08-14,4.5,20,18,0,0,3360
REN1802,2024-11-10,CUST135,Hospital,Koregaon Park,Oxygen Concentrator,Respiratory Equipment,7,270,1890,3240,500,15,UPI,Active,Good,4.0,,2024-11-02,2024-11-10,2024-11-17,,Confirmed,Not Cancelled,411030.0,OC-003,2024-12-09,2025-07-09,2026-07-09,1.6,16,13,0,0,1890
REN1803,2026-01-25,CUST190,Hospital,Kothrud,CPAP Machine,Respiratory Equipment,14,390,5460,7020,150,44,UPI,Active,Fair,5.0,,2026-01-22,2026-01-25,2026-02-08,,Confirmed,Not Cancelled,411052.0,CP-009,2022-05-28,2024-08-06,2025-08-06,4.2,19,18,0,0,5460
REN1804,2026-03-08,CUST221,Individual Patient,Bibwewadi,Fowler Bed,Patient Care Equipment,10,420,4200,8820,350,25,Bank Transfer,Active,Excellent,5.0,,2026-03-06,2026-03-08,2026-03-18,,Confirmed,Not Cancelled,411037.0,FB-015,2024-03-17,2025-01-08,2025-05-08,2.4,15,5,0,0,4200
REN1805,2024-05-15,CUST509,Home Care,Bibwewadi,Wheelchair,Mobility Equipment,14,140,1960,1400,550,27,Credit Card,Cancelled,Good,4.5,,2024-05-05,2024-05-15,,,Cancelled,Cancelled,411043.0,,,,,,20,20,0,1,1960
REN1806,2026-01-01,CUST141,Hospital,Dhankawadi,Hospital Bed,Patient Care Equipment,30,350,10500,6650,500,119,Bank Transfer,Returned,Excellent,5.0,2026-01-31,2025-12-31,2026-01-01,2026-01-31,2026-01-31,Completed,Not Cancelled,411009.0,HB-004,2025-03-24,2026-06-21,2026-12-18,1.4,23,17,0,0,10500
REN1807,2024-04-24,CUST126,Diagnostic Center,Hinjawadi,BiPAP Machine,Respiratory Equipment,14,560,7840,12320,200,133,UPI,Returned,Good,5.0,2024-05-08,2024-04-22,2024-04-24,2024-05-08,2024-05-08,Completed,Not Cancelled,411057.0,BP-010,2023-08-08,2025-05-07,2025-11-03,3.0,11,7,0,0,7840
REN1808,2025-01-03,CUST019,Home Care,Camp,Hospital Bed,Patient Care Equipment,10,330,3300,5610,200,59,UPI,Returned,Good,3.0,2025-01-13,2024-12-26,2025-01-03,2025-01-13,2025-01-13,Completed,Not Cancelled,411040.0,HB-001,2024-10-28,2025-07-27,2025-11-24,1.8,23,22,0,0,3300
REN1809,2026-07-30,CUST298,Home Care,Viman Nagar,ECG Machine,Diagnostic Equipment,1,530,530,10600,600,150,Credit Card,Returned,Excellent,3.0,2026-07-31,2026-07-29,2026-07-30,2026-07-31,2026-07-31,Completed,Not Cancelled,411038.0,ECG-004,2022-05-09,2024-04-30,2025-04-30,4.2,9,3,0,0,530
REN1810,2024-07-02,CUST164,Home Care,Viman Nagar,Walker,Mobility Equipment,14,70,980,910,400,14,UPI,Returned,Excellent,4.5,2024-07-16,2024-06-26,2024-07-02,2024-07-16,2024-07-16,Completed,Not Cancelled,411027.0,WK-002,2024-03-18,2025-12-13,2026-06-11,2.4,7,6,0,0,980
REN1811,2024-05-29,CUST394,Individual Patient,Chinchwad,Nebulizer,Respiratory Equipment,7,80,560,1600,550,14,UPI,Returned,Good,5.0,2024-06-05,2024-05-23,2024-05-29,2024-06-05,2024-06-05,Completed,Not Cancelled,411043.0,NB-009,2025-06-25,2025-08-24,2025-12-22,1.1,12,11,0,0,560
REN1812,2025-02-06,CUST043,Home Care,Hinjawadi,Suction Machine,Surgical Equipment,3,260,780,3900,550,60,UPI,Returned,Excellent,4.0,2025-02-09,2025-02-05,2025-02-06,2025-02-09,2025-02-09,Completed,Not Cancelled,411007.0,SM-002,2023-03-01,2023-10-28,2024-04-25,3.4,14,14,0,0,780
REN1813,2025-08-06,CUST224,Individual Patient,Kharadi,BiPAP Machine,Respiratory Equipment,45,500,22500,6500,300,97,UPI,Returned,Good,4.5,2025-09-20,2025-08-02,2025-08-06,2025-09-20,2025-09-20,Completed,Not Cancelled,411038.0,BP-007,2024-05-15,2025-06-19,2026-06-19,2.2,11,10,0,0,22500
REN1814,2026-06-04,CUST220,Hospital,Bibwewadi,BiPAP Machine,Respiratory Equipment,5,580,2900,6960,350,136,Bank Transfer,Returned,Good,4.5,2026-06-09,2026-06-03,2026-06-04,2026-06-09,2026-06-09,Completed,Not Cancelled,411047.0,BP-011,2025-01-04,2025-09-04,2026-09-04,1.6,11,5,0,0,2900
REN1815,2026-07-15,CUST544,Individual Patient,Wanowrie,Walker,Mobility Equipment,3,70,210,1470,300,20,UPI,Returned,Excellent,4.5,2026-07-18,2026-07-02,2026-07-15,2026-07-18,2026-07-18,Completed,Not Cancelled,411047.0,WK-004,2024-03-29,2024-10-16,2025-10-16,2.3,7,6,0,0,210
REN1816,2024-03-11,CUST151,Individual Patient,Kharadi,Ventilator,Critical Care Equipment,14,1060,14840,20140,450,189,Credit Card,Returned,Good,3.5,2024-03-25,2024-03-08,2024-03-11,2024-03-25,2024-03-25,Completed,Not Cancelled,411043.0,VT-006,2023-05-13,2023-08-14,2024-02-10,3.2,8,6,0,0,14840
REN1817,2024-05-15,CUST223,Home Care,Viman Nagar,CPAP Machine,Respiratory Equipment,3,390,1170,7800,450,63,Credit Card,Returned,Good,4.0,2024-05-18,2024-05-07,2024-05-15,2024-05-18,2024-05-18,Completed,Not Cancelled,411030.0,CP-005,2022-05-05,2023-05-04,2023-10-31,4.2,19,14,0,0,1170
REN1818,2026-01-18,CUST322,Clinic,Hadapsar,Suction Machine,Surgical Equipment,7,250,1750,4750,450,52,Credit Card,Returned,Fair,5.0,2026-01-25,2026-01-10,2026-01-18,2026-01-25,2026-01-25,Completed,Not Cancelled,411040.0,SM-009,2023-07-17,2026-04-30,2027-04-30,3.0,14,13,0,0,1750
REN1819,2024-09-08,CUST273,Individual Patient,Erandwane,Commode Chair,Mobility Equipment,3,100,300,1300,550,32,Credit Card,Returned,Excellent,3.5,2024-09-11,2024-08-30,2024-09-08,2024-09-11,2024-09-11,Completed,Not Cancelled,411014.0,CC-010,2022-12-23,2023-04-16,2023-10-13,3.6,10,8,0,0,300
REN1820,2026-04-21,CUST312,Individual Patient,Bibwewadi,Hospital Bed,Patient Care Equipment,14,330,4620,3960,500,55,Bank Transfer,Returned,Good,4.5,2026-05-05,2026-04-17,2026-04-21,2026-05-05,2026-05-05,Completed,Not Cancelled,411043.0,HB-011,2023-11-04,2025-12-22,2026-03-22,2.7,23,14,0,0,4620
REN1821,2025-09-14,CUST481,Home Care,Hadapsar,Patient Monitor,Monitoring Equipment,10,600,6000,10800,150,181,Debit Card,Returned,Good,4.5,2025-09-24,2025-09-12,2025-09-14,2025-09-24,2025-09-24,Completed,Not Cancelled,411015.0,PM-001,2023-06-06,2026-05-23,2026-08-21,3.2,13,11,0,0,6000
REN1822,2024-04-21,CUST010,Hospital,Viman Nagar,BiPAP Machine,Respiratory Equipment,7,540,3780,7020,250,123,UPI,Returned,Fair,5.0,2024-04-28,2024-04-15,2024-04-21,2024-04-28,2024-04-28,Completed,Not Cancelled,411028.0,BP-004,2024-06-27,2025-02-23,2026-02-23,2.1,11,9,0,0,3780
REN1823,2026-03-02,CUST277,Clinic,Bibwewadi,Nebulizer,Respiratory Equipment,3,90,270,1620,400,3,Bank Transfer,Returned,Fair,5.0,2026-03-05,2026-02-22,2026-03-02,2026-03-05,2026-03-05,Completed,Not Cancelled,411046.0,NB-004,2022-09-18,2023-08-03,2023-12-01,3.9,12,8,0,0,270
REN1824,2024-06-18,CUST034,Home Care,Koregaon Park,CPAP Machine,Respiratory Equipment,30,380,11400,7980,400,69,UPI,Returned,Good,5.0,2024-07-18,2024-06-09,2024-06-18,2024-07-18,2024-07-18,Completed,Not Cancelled,411009.0,CP-004,2023-07-31,2023-10-18,2024-01-16,3.0,19,14,0,0,11400
REN1825,2025-02-06,CUST371,Home Care,Kharadi,Oxygen Concentrator,Respiratory Equipment,21,290,6090,5510,550,28,Credit Card,Cancelled,Good,4.5,,2025-02-05,2025-02-06,,,Cancelled,Cancelled,411028.0,,,,,,16,16,0,1,6090
REN1826,2025-06-09,CUST241,Home Care,Hadapsar,Wheelchair,Mobility Equipment,45,160,7200,2560,300,12,Credit Card,Returned,Good,3.0,2025-07-24,2025-05-31,2025-06-09,2025-07-24,2025-07-24,Completed,Not Cancelled,411030.0,WC-016,2024-07-04,2025-08-17,2025-12-15,2.1,20,16,0,0,7200
REN1827,2025-04-23,CUST482,Hospital,Erandwane,Patient Monitor,Monitoring Equipment,5,640,3200,13440,550,67,UPI,Active,Good,4.0,,2025-04-21,2025-04-23,2025-04-28,,Confirmed,Not Cancelled,411057.0,PM-010,2022-07-05,2026-04-25,2026-10-22,4.1,13,13,0,0,3200
REN1828,2025-10-05,CUST251,Clinic,Bibwewadi,Surgical Headlight,Surgical Equipment,3,170,510,2890,300,44,UPI,Returned,Good,4.5,2025-10-08,2025-09-29,2025-10-05,2025-10-08,2025-10-08,Completed,Not Cancelled,411047.0,SH-008,2023-07-21,2025-11-10,2026-02-08,3.0,8,8,0,0,510
REN1829,2025-09-04,CUST231,Individual Patient,Viman Nagar,Surgical Headlight,Surgical Equipment,14,190,2660,3040,150,44,UPI,Returned,Excellent,,2025-09-18,2025-08-29,2025-09-04,2025-09-18,2025-09-18,Completed,Not Cancelled,411030.0,SH-002,2022-07-07,2023-03-12,2023-06-10,4.1,8,7,0,0,2660
REN1830,2026-07-25,CUST007,Individual Patient,Erandwane,Oxygen Concentrator,Respiratory Equipment,21,270,5670,5940,350,54,UPI,Cancelled,Excellent,3.0,,2026-07-23,2026-07-25,,,Cancelled,Cancelled,411043.0,,,,,,16,16,0,1,5670
REN1831,2026-07-31,CUST331,Hospital,Vishrantwadi,Wheelchair,Mobility Equipment,3,150,450,2100,150,28,Credit Card,Returned,Fair,,2026-08-03,2026-07-18,2026-07-31,2026-08-03,2026-08-03,Completed,Not Cancelled,411015.0,WC-011,2024-06-14,2024-10-17,2025-04-15,2.1,20,5,0,0,450
REN1832,2025-05-08,CUST021,Hospital,Aundh,Commode Chair,Mobility Equipment,5,90,450,1080,300,14,UPI,Returned,Good,4.5,2025-05-13,2025-05-01,2025-05-08,2025-05-13,2025-05-13,Completed,Not Cancelled,411047.0,CC-002,2023-03-30,2023-10-02,2024-10-01,3.3,10,8,0,0,450
REN1833,2024-04-05,CUST242,Home Care,Pimpri,Nebulizer,Respiratory Equipment,5,80,400,880,200,25,Bank Transfer,Returned,Good,4.5,2024-04-10,2024-04-02,2024-04-05,2024-04-10,2024-04-10,Completed,Not Cancelled,411028.0,NB-006,2024-09-04,2025-08-23,2026-02-19,1.9,12,8,0,0,400
REN1834,2025-11-16,CUST336,Home Care,Pimpri,Fowler Bed,Patient Care Equipment,30,410,12300,7380,100,135,Debit Card,Returned,Good,5.0,2025-12-16,2025-11-15,2025-11-16,2025-12-16,2025-12-16,Completed,Not Cancelled,411057.0,FB-014,2023-07-25,2025-06-16,2025-10-14,3.0,15,14,0,0,12300
REN1835,2026-07-12,CUST020,Individual Patient,Hinjawadi,CPAP Machine,Respiratory Equipment,21,320,6720,5120,450,88,UPI,Returned,Good,,2026-08-02,2026-07-03,2026-07-12,2026-08-02,2026-08-02,Completed,Not Cancelled,411052.0,CP-018,2022-12-12,2023-08-05,2024-08-04,3.6,19,17,0,0,6720
REN1836,2024-10-23,CUST295,Hospital,Erandwane,Hospital Bed,Patient Care Equipment,30,330,9900,6600,500,40,UPI,Returned,Good,3.0,2024-11-22,2024-10-13,2024-10-23,2024-11-22,2024-11-22,Completed,Not Cancelled,411015.0,HB-019,2022-04-24,2024-04-14,2025-04-14,4.3,23,22,0,0,9900
REN1837,2025-03-16,CUST079,Hospital,Shivajinagar,Commode Chair,Mobility Equipment,10,90,900,990,150,29,UPI,Returned,Fair,4.5,2025-03-26,2025-03-15,2025-03-16,2025-03-26,2025-03-26,Completed,Not Cancelled,411037.0,CC-001,2024-04-22,2025-08-07,2025-11-05,2.3,10,8,0,0,900
REN1838,2025-02-08,CUST239,Hospital,Dhankawadi,Suction Machine,Surgical Equipment,5,230,1150,3220,400,67,Debit Card,Active,Good,4.0,,2025-02-05,2025-02-08,2025-02-13,,Confirmed,Not Cancelled,411057.0,SM-013,2022-07-24,2024-05-07,2025-05-07,4.0,14,13,0,0,1150
REN1839,2024-02-22,CUST057,Clinic,Kothrud,CPAP Machine,Respiratory Equipment,1,340,340,3740,350,24,UPI,Returned,Excellent,5.0,2024-02-23,2024-02-15,2024-02-22,2024-02-23,2024-02-23,Completed,Not Cancelled,411008.0,CP-015,2022-06-26,2023-01-19,2023-07-18,4.1,19,17,0,0,340
REN1840,2025-09-22,CUST116,Home Care,Chinchwad,Surgical Headlight,Surgical Equipment,3,180,540,2520,150,25,UPI,Returned,Good,4.5,2025-09-25,2025-09-17,2025-09-22,2025-09-25,2025-09-25,Completed,Not Cancelled,411045.0,SH-007,2022-04-06,2022-09-26,2023-01-24,4.3,8,7,0,0,540
REN1841,2024-11-28,CUST103,Individual Patient,Chinchwad,BiPAP Machine,Respiratory Equipment,10,500,5000,11000,400,67,Cash,Returned,Good,4.0,2024-12-08,2024-11-24,2024-11-28,2024-12-08,2024-12-08,Completed,Not Cancelled,411040.0,BP-010,2023-08-08,2025-05-07,2025-11-03,3.0,11,9,0,0,5000
REN1842,2026-01-15,CUST508,Home Care,Hinjawadi,Walker,Mobility Equipment,3,70,210,1470,200,18,Credit Card,Returned,Fair,4.5,2026-01-18,2026-01-10,2026-01-15,2026-01-18,2026-01-18,Completed,Not Cancelled,411042.0,WK-005,2023-08-31,2024-06-28,,2.9,7,7,0,0,210
REN1843,2026-03-01,CUST192,Clinic,Chinchwad,Fowler Bed,Patient Care Equipment,3,440,1320,7040,550,87,UPI,Returned,Fair,4.5,2026-03-04,2026-02-23,2026-03-01,2026-03-04,2026-03-04,Completed,Not Cancelled,411042.0,FB-010,2025-01-27,2025-09-11,2026-03-10,1.5,15,7,0,0,1320
REN1844,2026-02-18,CUST138,Individual Patient,Hadapsar,Fowler Bed,Patient Care Equipment,30,450,13500,4950,400,52,Debit Card,Active,Good,4.5,,2026-02-16,2026-02-18,2026-03-20,,Confirmed,Not Cancelled,411040.0,FB-007,2022-07-03,2023-06-21,2023-10-19,4.1,15,9,0,0,13500
REN1845,2025-01-30,CUST486,Home Care,Viman Nagar,Walker,Mobility Equipment,10,60,600,1320,150,6,Cash,Returned,Fair,3.5,2025-02-09,2025-01-26,2025-01-30,2025-02-09,2025-02-09,Completed,Not Cancelled,411028.0,WK-001,2023-09-04,2024-11-20,2025-03-20,2.9,7,7,0,0,600
REN1846,2024-10-26,CUST475,Home Care,Viman Nagar,Ventilator,Critical Care Equipment,21,1060,22260,12720,350,187,Credit Card,Returned,Good,4.5,2024-11-16,2024-10-25,2024-10-26,2024-11-16,2024-11-16,Completed,Not Cancelled,411038.0,VT-007,2024-05-13,2025-03-30,2026-03-30,2.2,8,7,0,0,22260
REN1847,2025-12-07,CUST114,Hospital,Hinjawadi,Ventilator,Critical Care Equipment,21,1080,22680,11880,150,263,UPI,Returned,Excellent,3.0,2025-12-28,2025-12-06,2025-12-07,2025-12-28,2025-12-28,Completed,Not Cancelled,411058.0,VT-007,2024-05-13,2025-03-30,2026-03-30,2.2,8,6,0,0,22680
REN1848,2026-01-29,CUST264,Hospital,Hinjawadi,ECG Machine,Diagnostic Equipment,5,460,2300,6900,450,89,Credit Card,Returned,Good,5.0,2026-02-03,2026-01-16,2026-01-29,2026-02-03,2026-02-03,Completed,Not Cancelled,411008.0,ECG-002,2022-10-22,2024-10-03,2025-01-31,3.8,9,8,0,0,2300
REN1849,2025-04-14,CUST050,Hospital,Pimpri,Fowler Bed,Patient Care Equipment,14,450,6300,9900,250,51,UPI,Returned,Good,4.0,2025-04-28,2025-04-13,2025-04-14,2025-04-28,2025-04-28,Completed,Not Cancelled,411014.0,FB-005,2023-12-06,2025-12-27,2026-12-27,2.7,15,11,0,0,6300
REN1850,2026-04-29,CUST174,Home Care,Wanowrie,Wheelchair,Mobility Equipment,10,140,1400,2800,350,32,Credit Card,Returned,Excellent,3.5,2026-05-09,2026-04-28,2026-04-29,2026-05-09,2026-05-09,Completed,Not Cancelled,411008.0,WC-017,2022-04-22,2026-03-30,2026-07-28,4.3,20,12,0,0,1400
REN1851,2024-05-20,CUST363,Clinic,Shivajinagar,CPAP Machine,Respiratory Equipment,3,360,1080,5040,450,126,UPI,Returned,Excellent,4.5,2024-05-23,2024-05-09,2024-05-20,2024-05-23,2024-05-23,Completed,Not Cancelled,411043.0,CP-006,2022-06-19,2025-01-14,2025-04-14,4.1,19,16,0,0,1080
REN1852,2026-04-16,CUST102,Hospital,Shivajinagar,Walker,Mobility Equipment,10,70,700,1050,550,6,Credit Card,Returned,Excellent,4.5,2026-04-26,2026-04-03,2026-04-16,2026-04-26,2026-04-26,Completed,Not Cancelled,411028.0,WK-001,2023-09-04,2024-11-20,2025-03-20,2.9,7,5,0,0,700
REN1853,2024-04-06,CUST264,Hospital,Viman Nagar,CPAP Machine,Respiratory Equipment,21,360,7560,3600,350,72,Bank Transfer,Returned,Good,,2024-04-27,2024-03-27,2024-04-06,2024-04-27,2024-04-27,Completed,Not Cancelled,411007.0,CP-007,2023-05-05,2026-04-29,2026-10-26,3.2,19,15,0,0,7560
REN1854,2024-05-29,CUST111,Hospital,Aundh,Commode Chair,Mobility Equipment,14,100,1400,1300,100,15,Cash,Returned,Excellent,5.0,2024-06-12,2024-05-27,2024-05-29,2024-06-12,2024-06-12,Completed,Not Cancelled,411015.0,CC-010,2022-12-23,2023-04-16,2023-10-13,3.6,10,8,0,0,1400
REN1855,2025-05-23,CUST305,Clinic,Vishrantwadi,Walker,Mobility Equipment,7,70,490,1260,200,7,Debit Card,Cancelled,Good,4.5,,2025-05-16,2025-05-23,,,Cancelled,Cancelled,411027.0,,,,,,7,7,0,1,490
REN1856,2024-03-09,CUST527,Clinic,Baner,Ventilator,Critical Care Equipment,21,1120,23520,16800,400,347,UPI,Returned,Good,5.0,2024-03-30,2024-03-01,2024-03-09,2024-03-30,2024-03-30,Completed,Not Cancelled,411008.0,VT-005,2024-12-01,2025-11-16,2026-03-16,1.7,8,8,0,0,23520
REN1857,2024-02-23,CUST190,Hospital,Camp,Walker,Mobility Equipment,1,70,70,1540,100,24,UPI,Returned,Good,,2024-02-24,2024-02-14,2024-02-23,2024-02-24,2024-02-24,Completed,Not Cancelled,411047.0,WK-001,2023-09-04,2024-11-20,2025-03-20,2.9,7,7,0,0,70
REN1858,2024-01-01,CUST128,Individual Patient,Hinjawadi,Patient Monitor,Monitoring Equipment,5,660,3300,9900,300,94,Credit Card,Returned,Good,4.5,2024-01-06,2023-12-30,2024-01-01,2024-01-06,2024-01-06,Completed,Not Cancelled,411007.0,PM-001,2023-06-06,2026-05-23,2026-08-21,3.2,13,13,0,0,3300
REN1859,2025-02-20,CUST392,Individual Patient,Hinjawadi,Fowler Bed,Patient Care Equipment,7,450,3150,9450,250,64,UPI,Returned,Good,4.5,2025-02-27,2025-02-16,2025-02-20,2025-02-27,2025-02-27,Completed,Not Cancelled,411052.0,FB-014,2023-07-25,2025-06-16,2025-10-14,3.0,15,9,0,0,3150
REN1860,2026-01-01,CUST561,Clinic,Hadapsar,Surgical Loupe,Surgical Equipment,5,210,1050,3990,250,12,UPI,Returned,Excellent,4.5,2026-01-06,2025-12-29,2026-01-01,2026-01-06,2026-01-06,Completed,Not Cancelled,411058.0,SL-003,2025-07-17,2026-01-20,2027-01-20,1.0,7,6,0,0,1050
REN1861,2024-02-05,CUST135,Hospital,Erandwane,Wheelchair,Mobility Equipment,5,140,700,2240,600,32,Bank Transfer,Returned,Good,3.0,2024-02-10,2024-01-29,2024-02-05,2024-02-10,2024-02-10,Completed,Not Cancelled,411057.0,WC-014,2025-07-05,2026-01-27,2026-04-27,1.1,20,15,0,0,700
REN1862,2025-09-03,CUST382,Home Care,Shivajinagar,Wheelchair,Mobility Equipment,10,150,1500,3150,600,6,UPI,Cancelled,Good,4.0,,2025-08-30,2025-09-03,,,Cancelled,Cancelled,411015.0,,,,,,20,20,0,1,1500
REN1863,2026-02-20,CUST243,Home Care,Hinjawadi,Ventilator,Critical Care Equipment,7,1050,7350,22050,550,198,UPI,Returned,Good,5.0,2026-02-27,2026-02-14,2026-02-20,2026-02-27,2026-02-27,Completed,Not Cancelled,411015.0,VT-003,2024-06-04,2025-08-24,2025-11-22,2.2,8,8,0,0,7350
REN1864,2024-06-11,CUST485,Clinic,Hinjawadi,BiPAP Machine,Respiratory Equipment,7,540,3780,7560,550,43,Credit Card,Returned,Excellent,5.0,2024-06-18,2024-06-04,2024-06-11,2024-06-18,2024-06-18,Completed,Not Cancelled,411058.0,BP-003,2022-01-03,2023-01-31,2024-01-31,4.6,11,9,0,0,3780
REN1865,2024-05-23,CUST152,Clinic,Hadapsar,Patient Monitor,Monitoring Equipment,3,590,1770,7670,550,145,Cash,Returned,Good,3.5,2024-05-26,2024-05-12,2024-05-23,2024-05-26,2024-05-26,Completed,Not Cancelled,411043.0,PM-002,2024-11-14,2025-12-21,2026-04-20,1.7,13,10,0,0,1770
REN1866,2026-03-29,CUST533,Diagnostic Center,Vishrantwadi,Hospital Bed,Patient Care Equipment,3,400,1200,7600,200,131,Bank Transfer,Active,Good,3.0,,2026-03-17,2026-03-29,2026-04-01,,Confirmed,Not Cancelled,411040.0,HB-021,2025-06-17,2026-06-19,2026-12-16,1.1,23,10,0,0,1200
REN1867,2026-02-20,CUST311,Individual Patient,Bibwewadi,Fowler Bed,Patient Care Equipment,3,440,1320,4400,300,26,UPI,Returned,Excellent,3.5,2026-02-23,2026-02-12,2026-02-20,2026-02-23,2026-02-23,Completed,Not Cancelled,411052.0,FB-002,2025-01-02,2026-02-11,2026-06-11,1.6,15,11,0,0,1320
REN1868,2025-05-28,CUST217,Hospital,Baner,Walker,Mobility Equipment,5,70,350,1330,100,20,Credit Card,Active,Fair,4.5,,2025-05-26,2025-05-28,2025-06-02,,Confirmed,Not Cancelled,411014.0,WK-006,2024-09-05,,2025-09-28,1.9,7,5,0,0,350
REN1869,2026-02-16,CUST183,Clinic,Koregaon Park,Suction Machine,Surgical Equipment,5,240,1200,3600,500,71,Debit Card,Active,Fair,4.0,,2026-02-05,2026-02-16,2026-02-21,,Confirmed,Not Cancelled,411037.0,SM-009,2023-07-17,2026-04-30,2027-04-30,3.0,14,6,0,0,1200
REN1870,2024-04-03,CUST301,Individual Patient,Erandwane,CPAP Machine,Respiratory Equipment,5,340,1700,6460,550,29,UPI,Returned,Good,5.0,2024-04-08,2024-04-01,2024-04-03,2024-04-08,2024-04-08,Completed,Not Cancelled,411009.0,CP-008,2024-06-15,2025-04-22,2025-08-20,2.1,19,17,0,0,1700
REN1871,2025-01-08,CUST221,Home Care,Baner,Patient Monitor,Monitoring Equipment,1,620,620,6820,100,202,Bank Transfer,Returned,Fair,3.0,2025-01-09,2025-01-07,2025-01-08,2025-01-09,2025-01-09,Completed,Not Cancelled,411047.0,PM-010,2022-07-05,2026-04-25,2026-10-22,4.1,13,10,0,0,620
REN1872,2025-11-26,CUST328,Diagnostic Center,Bibwewadi,Infusion Pump,Critical Care Equipment,5,330,1650,5610,150,75,Bank Transfer,Active,Excellent,,,2025-11-21,2025-11-26,2025-12-01,,Confirmed,Not Cancelled,411015.0,IP-002,2023-07-05,2024-03-20,2025-03-20,3.1,10,9,0,0,1650
REN1873,2024-08-27,CUST570,Home Care,Viman Nagar,Surgical Headlight,Surgical Equipment,3,180,540,2880,150,36,Bank Transfer,Returned,Fair,,2024-08-30,2024-08-19,2024-08-27,2024-08-30,2024-08-30,Completed,Not Cancelled,411009.0,SH-007,2022-04-06,2022-09-26,2023-01-24,4.3,8,8,0,0,540
REN1874,2025-12-10,CUST210,Hospital,Shivajinagar,CPAP Machine,Respiratory Equipment,10,390,3900,3900,600,95,UPI,Returned,Good,3.0,2025-12-20,2025-12-08,2025-12-10,2025-12-20,2025-12-20,Completed,Not Cancelled,411030.0,CP-019,2023-08-01,2024-08-24,2025-08-24,3.0,19,18,0,0,3900
REN1875,2025-04-26,CUST548,Hospital,Wanowrie,Suction Machine,Surgical Equipment,21,250,5250,4000,500,31,Debit Card,Returned,Good,5.0,2025-05-17,2025-04-23,2025-04-26,2025-05-17,2025-05-17,Completed,Not Cancelled,411042.0,SM-014,2024-10-23,2025-06-25,2025-12-22,1.8,14,14,0,0,5250
REN1876,2025-12-08,CUST552,Hospital,Aundh,Oxygen Concentrator,Respiratory Equipment,5,280,1400,5040,250,11,UPI,Returned,Good,5.0,2025-12-13,2025-12-07,2025-12-08,2025-12-13,2025-12-13,Completed,Not Cancelled,411015.0,OC-006,2024-06-08,2024-10-26,2025-04-24,2.1,16,11,0,0,1400
REN1877,2025-03-20,CUST187,Home Care,Vishrantwadi,Fowler Bed,Patient Care Equipment,5,460,2300,6900,100,79,UPI,Returned,Excellent,4.5,2025-03-25,2025-03-13,2025-03-20,2025-03-25,2025-03-25,Completed,Not Cancelled,411057.0,FB-002,2025-01-02,2026-02-11,2026-06-11,1.6,15,13,0,0,2300
REN1878,2024-12-12,CUST115,Hospital,Viman Nagar,Wheelchair,Mobility Equipment,21,150,3150,2550,300,40,UPI,Active,Good,4.0,,2024-12-04,2024-12-12,2025-01-02,,Confirmed,Not Cancelled,411048.0,WC-003,2022-01-25,2024-05-16,2024-08-14,4.5,20,19,0,0,3150
REN1879,2024-07-25,CUST246,Home Care,Shivajinagar,Patient Monitor,Monitoring Equipment,14,640,8960,8960,400,207,Credit Card,Returned,Good,4.5,2024-08-08,2024-07-19,2024-07-25,2024-08-08,2024-08-08,Completed,Not Cancelled,411057.0,PM-002,2024-11-14,2025-12-21,2026-04-20,1.7,13,13,0,0,8960
REN1880,2024-07-16,CUST363,Clinic,Erandwane,Patient Monitor,Monitoring Equipment,3,570,1710,9690,100,96,UPI,Returned,Good,4.0,2024-07-19,2024-07-11,2024-07-16,2024-07-19,2024-07-19,Completed,Not Cancelled,411030.0,PM-003,2022-02-04,2022-07-21,2023-01-17,4.5,13,11,0,0,1710
REN1881,2025-12-09,CUST496,Home Care,Hinjawadi,Oxygen Concentrator,Respiratory Equipment,5,260,1300,3380,350,30,Bank Transfer,Returned,Fair,5.0,2025-12-14,2025-11-29,2025-12-09,2025-12-14,2025-12-14,Completed,Not Cancelled,411030.0,OC-014,2025-02-15,2026-03-30,2026-09-26,1.5,16,10,0,0,1300
REN1882,2024-04-27,CUST242,Hospital,Kothrud,Oxygen Concentrator,Respiratory Equipment,45,280,12600,3640,350,20,Debit Card,Returned,Good,4.5,2024-06-11,2024-04-22,2024-04-27,2024-06-11,2024-06-11,Completed,Not Cancelled,411040.0,OC-015,2023-09-05,2024-03-04,2024-07-02,2.9,16,12,0,0,12600
REN1883,2024-03-27,CUST078,Hospital,Shivajinagar,Wheelchair,Mobility Equipment,30,150,4500,1500,600,49,UPI,Returned,Excellent,5.0,2024-04-26,2024-03-22,2024-03-27,2024-04-26,2024-04-26,Completed,Not Cancelled,411057.0,WC-002,2024-11-25,2025-02-12,2025-06-12,1.7,20,17,0,0,4500
REN1884,2024-06-18,CUST340,Home Care,Dhankawadi,Wheelchair,Mobility Equipment,14,140,1960,1540,200,15,Bank Transfer,Returned,Good,4.5,2024-07-02,2024-06-12,2024-06-18,2024-07-02,2024-07-02,Completed,Not Cancelled,411040.0,WC-015,2022-05-31,2025-11-16,,4.2,20,11,0,0,1960
REN1885,2024-06-17,CUST338,Home Care,Erandwane,Nebulizer,Respiratory Equipment,21,80,1680,880,200,26,Cash,Returned,Fair,,2024-07-08,2024-06-09,2024-06-17,2024-07-08,2024-07-08,Completed,Not Cancelled,411030.0,NB-008,2022-12-18,2025-07-25,2026-07-25,3.6,12,11,0,0,1680
REN1886,2026-02-20,CUST578,Hospital,Kharadi,Wheelchair,Mobility Equipment,3,150,450,1800,300,13,UPI,Active,Good,4.5,,2026-02-11,2026-02-20,2026-02-23,,Confirmed,Not Cancelled,411045.0,WC-015,2022-05-31,2025-11-16,2026-11-16,4.2,20,12,0,0,450
REN1887,2025-01-12,CUST297,Home Care,Hadapsar,Hospital Bed,Patient Care Equipment,10,330,3300,6270,250,12,Bank Transfer,Returned,Good,5.0,2025-01-22,2025-01-11,2025-01-12,2025-01-22,2025-01-22,Completed,Not Cancelled,411009.0,HB-018,2023-03-16,2025-07-16,2025-11-13,3.4,23,18,0,0,3300
REN1888,2026-07-23,CUST131,Home Care,Erandwane,Surgical Loupe,Surgical Equipment,7,220,1540,2640,600,22,Cash,Returned,Good,4.5,2026-07-30,2026-07-13,2026-07-23,2026-07-30,2026-07-30,Completed,Not Cancelled,411058.0,SL-002,2025-04-12,2025-07-05,2026-01-01,1.3,7,6,0,0,1540
REN1889,2024-05-14,CUST344,Individual Patient,Vishrantwadi,Oxygen Concentrator,Respiratory Equipment,14,280,3920,3920,500,53,Bank Transfer,Returned,Good,4.0,2024-05-28,2024-05-09,2024-05-14,2024-05-28,2024-05-28,Completed,Not Cancelled,411045.0,OC-003,2024-12-09,2025-07-09,2026-07-09,1.6,16,12,0,0,3920
REN1890,2025-09-04,CUST376,Clinic,Pimpri,Surgical Headlight,Surgical Equipment,3,170,510,2040,200,24,Credit Card,Returned,Excellent,5.0,2025-09-07,2025-08-24,2025-09-04,2025-09-07,2025-09-07,Completed,Not Cancelled,411037.0,SH-006,2025-01-03,2025-04-27,2025-07-26,1.6,8,7,0,0,510
REN1891,2025-03-04,CUST482,Individual Patient,Vishrantwadi,Suction Machine,Surgical Equipment,5,240,1200,3600,250,77,Debit Card,Returned,Excellent,4.0,2025-03-09,2025-02-26,2025-03-04,2025-03-09,2025-03-09,Completed,Not Cancelled,411008.0,SM-011,2024-04-13,2025-11-27,2026-11-27,2.3,14,12,0,0,1200
REN1892,2025-01-06,CUST537,Individual Patient,Camp,Nebulizer,Respiratory Equipment,21,80,1680,1040,400,16,Bank Transfer,Returned,Good,5.0,2025-01-27,2025-01-01,2025-01-06,2025-01-27,2025-01-27,Completed,Not Cancelled,411028.0,NB-007,2025-05-13,2025-09-25,2026-01-23,1.2,12,11,0,0,1680
REN1893,2026-04-12,CUST472,Diagnostic Center,Wanowrie,Patient Monitor,Monitoring Equipment,7,620,4340,8680,550,42,UPI,Returned,Good,4.0,2026-04-19,2026-04-10,2026-04-12,2026-04-19,2026-04-19,Completed,Not Cancelled,411042.0,PM-001,2023-06-06,2026-05-23,2026-08-21,3.2,13,8,0,0,4340
REN1894,2026-07-11,CUST177,Individual Patient,Kharadi,Wheelchair,Mobility Equipment,3,140,420,1400,200,32,UPI,Returned,Good,5.0,2026-07-14,2026-07-06,2026-07-11,2026-07-14,2026-07-14,Completed,Not Cancelled,411058.0,WC-014,2025-07-05,2026-01-27,2026-04-27,1.1,20,12,0,0,420
REN1895,2026-04-10,CUST366,Individual Patient,Aundh,ECG Machine,Diagnostic Equipment,7,470,3290,7520,250,73,Credit Card,Returned,Good,,2026-04-17,2026-04-05,2026-04-10,2026-04-17,2026-04-17,Completed,Not Cancelled,411038.0,ECG-008,2022-02-10,2023-09-04,2024-09-03,4.5,9,7,0,0,3290
REN1896,2024-07-02,CUST214,Individual Patient,Shivajinagar,ECG Machine,Diagnostic Equipment,3,470,1410,6110,400,116,UPI,Returned,Fair,3.5,2024-07-05,2024-06-21,2024-07-02,2024-07-05,2024-07-05,Completed,Not Cancelled,,ECG-001,2025-06-16,,2026-02-05,1.1,9,8,1,0,1410
REN1897,2024-07-26,CUST179,Individual Patient,Vishrantwadi,Oxygen Concentrator,Respiratory Equipment,14,280,3920,5040,550,79,UPI,Returned,Excellent,3.5,2024-08-09,2024-07-15,2024-07-26,2024-08-09,2024-08-09,Completed,Not Cancelled,411040.0,OC-010,2022-01-22,2023-03-21,2024-03-20,4.5,16,13,0,0,3920
REN1898,2025-09-07,CUST334,Individual Patient,Hinjawadi,Commode Chair,Mobility Equipment,5,100,500,2200,250,35,UPI,Returned,Good,4.0,2025-09-12,2025-09-02,2025-09-07,2025-09-12,2025-09-12,Completed,Not Cancelled,411047.0,CC-003,2023-05-29,2025-12-14,2026-03-14,3.2,10,8,0,0,500
REN1899,2024-09-25,CUST149,Hospital,Erandwane,Patient Monitor,Monitoring Equipment,7,640,4480,10240,350,137,Debit Card,Returned,Good,4.5,2024-10-02,2024-09-14,2024-09-25,2024-10-02,2024-10-02,Completed,Not Cancelled,411008.0,PM-003,2022-02-04,2022-07-21,2023-01-17,4.5,13,12,0,0,4480
REN1900,2025-11-23,CUST296,Home Care,Koregaon Park,Surgical Headlight,Surgical Equipment,3,170,510,2720,450,25,Bank Transfer,Returned,Excellent,4.5,2025-11-26,2025-11-13,2025-11-23,2025-11-26,2025-11-26,Completed,Not Cancelled,411047.0,SH-004,2023-12-02,2026-02-21,2026-08-20,2.7,8,8,0,0,510
REN1901,2025-06-21,CUST472,Hospital,Dhankawadi,Commode Chair,Mobility Equipment,7,90,630,1800,300,15,UPI,Returned,Excellent,4.0,2025-06-28,2025-06-09,2025-06-21,2025-06-28,2025-06-28,Completed,Not Cancelled,411015.0,CC-004,2025-02-10,2026-02-10,2026-08-09,1.5,10,7,0,0,630
REN1902,2025-06-08,CUST170,Home Care,Baner,Hospital Bed,Patient Care Equipment,30,330,9900,4620,500,52,UPI,Active,Fair,4.5,,2025-06-04,2025-06-08,2025-07-08,,Confirmed,Not Cancelled,411037.0,HB-008,2024-07-02,2025-07-25,2026-01-21,2.1,23,23,0,0,9900
REN1903,2026-02-26,CUST191,Individual Patient,Hinjawadi,Infusion Pump,Critical Care Equipment,14,330,4620,3630,350,57,UPI,Returned,Good,5.0,2026-03-12,2026-02-23,2026-02-26,2026-03-12,2026-03-12,Completed,Not Cancelled,411028.0,IP-007,2023-02-08,2024-04-26,2024-08-24,3.5,10,5,0,0,4620
REN1904,2025-10-29,CUST457,Home Care,Viman Nagar,Ventilator,Critical Care Equipment,10,1020,10200,19380,550,40,UPI,Returned,Good,3.5,2025-11-08,2025-10-17,2025-10-29,2025-11-08,2025-11-08,Completed,Not Cancelled,411040.0,VT-006,2023-05-13,2023-08-14,2024-02-10,3.2,8,8,0,0,10200
REN1905,2024-01-28,CUST116,Individual Patient,Chinchwad,Nebulizer,Respiratory Equipment,3,90,270,1620,400,10,Credit Card,Returned,Good,4.5,2024-01-31,2024-01-21,2024-01-28,2024-01-31,2024-01-31,Completed,Not Cancelled,411043.0,NB-002,2025-06-20,2026-04-29,2026-08-27,1.1,12,11,0,0,270
REN1906,2024-02-20,CUST188,Hospital,Hadapsar,Hospital Bed,Patient Care Equipment,14,330,4620,5280,600,114,UPI,Returned,Excellent,5.0,2024-03-05,2024-02-15,2024-02-20,2024-03-05,2024-03-05,Completed,Not Cancelled,411030.0,HB-015,2023-12-19,2025-01-01,2025-04-01,2.6,23,18,0,0,4620
REN1907,2025-07-21,CUST166,Individual Patient,Erandwane,ECG Machine,Diagnostic Equipment,14,510,7140,7650,550,167,Cash,Returned,Good,,2025-08-04,2025-07-16,2025-07-21,2025-08-04,2025-08-04,Completed,Not Cancelled,411008.0,ECG-006,2024-08-17,2026-03-18,2026-07-16,2.0,9,7,0,0,7140
REN1908,2025-04-09,CUST520,Home Care,Hadapsar,Suction Machine,Surgical Equipment,7,240,1680,2400,200,11,UPI,Returned,Excellent,5.0,2025-04-16,2025-04-08,2025-04-09,2025-04-16,2025-04-16,Completed,Not Cancelled,411043.0,SM-012,2022-09-12,2025-07-02,,3.9,14,13,0,0,1680
REN1909,2024-08-29,CUST153,Home Care,Vishrantwadi,Oxygen Concentrator,Respiratory Equipment,3,290,870,4930,550,100,UPI,Returned,Good,4.5,2024-09-01,2024-08-27,2024-08-29,2024-09-01,2024-09-01,Completed,Not Cancelled,411037.0,OC-003,2024-12-09,2025-07-09,2026-07-09,1.6,16,15,0,0,870
REN1910,2025-02-02,CUST495,Clinic,Kharadi,Infusion Pump,Critical Care Equipment,45,340,15300,5780,150,96,Debit Card,Active,Excellent,4.5,,2025-01-30,2025-02-02,2025-03-19,,Confirmed,Not Cancelled,411048.0,IP-008,2023-06-01,2023-09-22,2024-01-20,3.2,10,9,0,0,15300
REN1911,2025-12-16,CUST441,Home Care,Erandwane,Patient Monitor,Monitoring Equipment,14,670,9380,10720,250,21,UPI,Returned,Good,,2025-12-30,2025-12-10,2025-12-16,2025-12-30,2025-12-30,Completed,Not Cancelled,411045.0,PM-009,2023-03-12,2024-08-21,2025-02-17,3.4,13,12,0,0,9380
REN1912,2026-02-24,CUST438,Hospital,Baner,Infusion Pump,Critical Care Equipment,3,340,1020,4420,100,110,UPI,Returned,Excellent,4.0,2026-02-27,2026-02-18,2026-02-24,2026-02-27,2026-02-27,Completed,Not Cancelled,411030.0,IP-010,2023-02-03,2024-03-05,2024-06-03,3.5,10,7,0,0,1020
REN1913,2025-06-17,CUST092,Individual Patient,Vishrantwadi,BiPAP Machine,Respiratory Equipment,3,510,1530,5610,150,172,UPI,Returned,Good,4.5,2025-06-20,2025-06-11,2025-06-17,2025-06-20,2025-06-20,Completed,Not Cancelled,411008.0,BP-002,2022-07-01,2023-06-08,2023-10-06,4.1,11,9,0,0,1530
REN1914,2024-12-30,CUST181,Home Care,Viman Nagar,Oxygen Concentrator,Respiratory Equipment,3,310,930,5270,450,72,Bank Transfer,Returned,Excellent,4.5,2025-01-02,2024-12-29,2024-12-30,2025-01-02,2025-01-02,Completed,Not Cancelled,411040.0,OC-003,2024-12-09,2025-07-09,2026-07-09,1.6,16,10,0,0,930
REN1915,2024-09-08,CUST054,Hospital,Hinjawadi,Ventilator,Critical Care Equipment,10,1090,10900,19620,150,308,UPI,Returned,Good,3.5,2024-09-18,2024-09-07,2024-09-08,2024-09-18,2024-09-18,Completed,Not Cancelled,411047.0,VT-008,2025-06-28,2025-09-10,2026-03-09,1.1,8,7,0,0,10900
REN1916,2025-05-13,CUST347,Individual Patient,Dhankawadi,Patient Monitor,Monitoring Equipment,45,600,27000,7200,200,82,Bank Transfer,Returned,Excellent,4.5,2025-06-27,2025-05-08,2025-05-13,2025-06-27,2025-06-27,Completed,Not Cancelled,411047.0,PM-003,2022-02-04,2022-07-21,2023-01-17,4.5,13,12,0,0,27000
REN1917,2024-10-20,CUST493,Home Care,Camp,Fowler Bed,Patient Care Equipment,10,440,4400,4840,300,94,Credit Card,Returned,Excellent,5.0,2024-10-30,2024-10-18,2024-10-20,2024-10-30,2024-10-30,Completed,Not Cancelled,411028.0,FB-002,2025-01-02,2026-02-11,2026-06-11,1.6,15,13,0,0,4400
REN1918,2025-06-19,CUST173,Diagnostic Center,Viman Nagar,CPAP Machine,Respiratory Equipment,21,380,7980,6080,500,100,Debit Card,Returned,Good,3.0,2025-07-10,2025-06-08,2025-06-19,2025-07-10,2025-07-10,Completed,Not Cancelled,411015.0,CP-019,2023-08-01,2024-08-24,2025-08-24,3.0,19,15,0,0,7980
REN1919,2025-09-26,CUST361,Home Care,Erandwane,Wheelchair,Mobility Equipment,7,160,1120,1600,500,34,Credit Card,Returned,Good,4.5,2025-10-03,2025-09-21,2025-09-26,2025-10-03,2025-10-03,Completed,Not Cancelled,411008.0,WC-003,2022-01-25,,2024-08-14,4.5,20,16,0,0,1120
REN1920,2024-03-07,CUST205,Individual Patient,Pimpri,BiPAP Machine,Respiratory Equipment,30,550,16500,6600,600,70,Bank Transfer,Returned,Good,3.5,2024-04-06,2024-03-03,2024-03-07,2024-04-06,2024-04-06,Completed,Not Cancelled,411043.0,BP-002,2022-07-01,2023-06-08,2023-10-06,4.1,11,9,0,0,16500
REN1921,2024-01-02,CUST418,Individual Patient,Chinchwad,CPAP Machine,Respiratory Equipment,45,380,17100,6840,100,90,Bank Transfer,Active,Good,4.0,,2023-12-27,2024-01-02,2024-02-16,,Confirmed,Not Cancelled,411027.0,CP-001,2022-11-27,2025-01-06,2025-04-06,3.7,19,19,0,0,17100
REN1922,2024-07-19,CUST305,Individual Patient,Pimpri,Walker,Mobility Equipment,21,70,1470,910,150,21,Credit Card,Returned,Excellent,4.5,2024-08-09,2024-07-12,2024-07-19,2024-08-09,2024-08-09,Completed,Not Cancelled,411047.0,WK-007,2022-10-31,2023-01-01,,3.8,7,6,0,0,1470
REN1923,2026-04-30,CUST598,Hospital,Chinchwad,Ventilator,Critical Care Equipment,7,1000,7000,15000,300,298,Bank Transfer,Active,Good,3.0,,2026-04-29,2026-04-30,2026-05-07,,Confirmed,Not Cancelled,411042.0,VT-004,2023-09-08,,2025-04-12,2.9,8,6,0,0,7000
REN1924,2025-08-29,CUST239,Home Care,Aundh,Commode Chair,Mobility Equipment,21,100,2100,1800,250,7,Bank Transfer,Active,Good,4.5,,2025-08-20,2025-08-29,2025-09-19,,Confirmed,Not Cancelled,411008.0,CC-006,2024-10-14,2025-03-18,2025-07-16,1.8,10,9,0,0,2100
REN1925,2024-06-14,CUST202,Clinic,Hinjawadi,Wheelchair,Mobility Equipment,14,160,2240,1920,150,28,UPI,Returned,Good,3.0,2024-06-28,2024-06-12,2024-06-14,2024-06-28,2024-06-28,Completed,Not Cancelled,411045.0,WC-012,2025-04-29,2026-05-02,2027-05-02,1.3,20,12,0,0,2240
REN1926,2026-04-26,CUST177,Hospital,Wanowrie,Nebulizer,Respiratory Equipment,3,80,240,960,350,3,Bank Transfer,Returned,Good,5.0,2026-04-29,2026-04-22,2026-04-26,2026-04-29,2026-04-29,Completed,Not Cancelled,411027.0,NB-007,2025-05-13,2025-09-25,2026-01-23,1.2,12,8,0,0,240
REN1927,2025-03-25,CUST201,Diagnostic Center,Bibwewadi,Hospital Bed,Patient Care Equipment,5,350,1750,4550,350,81,UPI,Returned,Good,5.0,2025-03-30,2025-03-21,2025-03-25,2025-03-30,2025-03-30,Completed,Not Cancelled,411052.0,HB-015,2023-12-19,2025-01-01,2025-04-01,2.6,23,20,0,0,1750
REN1928,2025-03-31,CUST158,Clinic,Koregaon Park,ECG Machine,Diagnostic Equipment,3,500,1500,7500,300,54,Credit Card,Returned,Excellent,4.0,2025-04-03,2025-03-25,2025-03-31,2025-04-03,2025-04-03,Completed,Not Cancelled,411007.0,ECG-009,2024-04-18,2026-03-30,2026-09-26,2.3,9,5,0,0,1500
REN1929,2026-06-06,CUST144,Clinic,Kharadi,Fowler Bed,Patient Care Equipment,5,430,2150,7310,100,141,UPI,Returned,Good,3.5,2026-06-11,2026-05-29,2026-06-06,2026-06-11,2026-06-11,Completed,Not Cancelled,411030.0,FB-012,2024-03-04,2025-10-11,2026-04-09,2.4,15,10,0,0,2150
REN1930,2024-03-01,CUST394,Hospital,Vishrantwadi,Walker,Mobility Equipment,14,70,980,700,300,16,UPI,Cancelled,Fair,4.0,,2024-02-20,2024-03-01,,,Cancelled,Cancelled,411007.0,,,,,,7,7,0,1,980
REN1931,2024-07-21,CUST269,Individual Patient,Hinjawadi,CPAP Machine,Respiratory Equipment,7,320,2240,5120,350,51,UPI,Returned,Excellent,3.0,2024-07-28,2024-07-15,2024-07-21,2024-07-28,2024-07-28,Completed,Not Cancelled,411043.0,CP-010,2023-08-17,2024-01-18,2024-07-16,3.0,19,19,0,0,2240
REN1932,2025-07-08,CUST329,Individual Patient,Hinjawadi,Oxygen Concentrator,Respiratory Equipment,14,310,4340,5580,200,82,UPI,Active,Good,4.5,,2025-07-06,2025-07-08,2025-07-22,,Confirmed,Not Cancelled,411038.0,OC-008,2022-01-13,2023-05-05,2023-08-03,4.5,16,15,0,0,4340
REN1933,2024-07-05,CUST111,Hospital,Kharadi,Surgical Loupe,Surgical Equipment,5,240,1200,5040,500,23,UPI,Returned,Excellent,4.5,2024-07-10,2024-06-27,2024-07-05,2024-07-10,2024-07-10,Completed,Not Cancelled,411040.0,SL-007,2025-04-06,2025-11-22,2026-05-21,1.3,7,6,0,0,1200
REN1934,2025-09-29,CUST271,Individual Patient,Viman Nagar,Patient Monitor,Monitoring Equipment,21,560,11760,9520,550,33,UPI,Returned,Excellent,4.5,2025-10-20,2025-09-24,2025-09-29,2025-10-20,2025-10-20,Completed,Not Cancelled,411046.0,PM-005,2024-05-27,2025-01-13,2025-05-13,2.2,13,12,0,0,11760
REN1935,2024-07-20,CUST166,Hospital,Aundh,Infusion Pump,Critical Care Equipment,30,350,10500,6300,600,20,Credit Card,Active,Good,5.0,,2024-07-13,2024-07-20,2024-08-19,,Confirmed,Not Cancelled,411052.0,IP-006,2025-03-23,2025-07-23,2025-11-20,1.4,10,7,0,0,10500
REN1936,2024-04-09,CUST416,Home Care,Wanowrie,Surgical Headlight,Surgical Equipment,30,180,5400,3600,450,39,UPI,Returned,Good,5.0,2024-05-09,2024-04-04,2024-04-09,2024-05-09,2024-05-09,Completed,Not Cancelled,411030.0,SH-002,2022-07-07,2023-03-12,2023-06-10,4.1,8,8,0,0,5400
REN1937,2024-07-14,CUST354,Clinic,Kharadi,Fowler Bed,Patient Care Equipment,30,440,13200,8360,450,138,Cash,Returned,Excellent,4.5,2024-08-13,2024-07-09,2024-07-14,2024-08-13,2024-08-13,Completed,Not Cancelled,411042.0,FB-009,2024-02-22,2025-12-15,2026-12-15,2.4,15,13,0,0,13200
REN1938,2025-02-06,CUST160,Home Care,Shivajinagar,Fowler Bed,Patient Care Equipment,5,450,2250,7200,150,46,Bank Transfer,Returned,Good,,2025-02-11,2025-01-29,2025-02-06,2025-02-11,2025-02-11,Completed,Not Cancelled,411043.0,FB-002,2025-01-02,2026-02-11,2026-06-11,1.6,15,11,0,0,2250
REN1939,2024-06-18,CUST167,Diagnostic Center,Vishrantwadi,Patient Monitor,Monitoring Equipment,10,560,5600,9520,300,153,UPI,Returned,Good,4.5,2024-06-28,2024-06-12,2024-06-18,2024-06-28,2024-06-28,Completed,Not Cancelled,411052.0,PM-007,2023-09-28,2024-02-25,2024-05-25,2.8,13,10,0,0,5600
REN1940,2024-05-12,CUST471,Home Care,Hadapsar,ECG Machine,Diagnostic Equipment,10,500,5000,11000,100,21,UPI,Returned,Good,4.5,2024-05-22,2024-05-01,2024-05-12,2024-05-22,2024-05-22,Completed,Not Cancelled,411014.0,ECG-006,2024-08-17,2026-03-18,2026-07-16,2.0,9,9,0,0,5000
REN1941,2026-03-29,CUST379,Home Care,Dhankawadi,Ventilator,Critical Care Equipment,14,1060,14840,20140,400,152,Credit Card,Returned,Good,3.5,2026-04-12,2026-03-20,2026-03-29,2026-04-12,2026-04-12,Completed,Not Cancelled,411040.0,VT-005,2024-12-01,2025-11-16,2026-03-16,1.7,8,7,0,0,14840
REN1942,2024-10-25,CUST480,Clinic,Kharadi,Oxygen Concentrator,Respiratory Equipment,3,280,840,3640,500,67,UPI,Returned,Excellent,4.0,2024-10-28,2024-10-20,2024-10-25,2024-10-28,2024-10-28,Completed,Not Cancelled,411048.0,OC-002,2023-10-02,2025-09-17,2026-03-16,2.8,16,12,0,0,840
REN1943,2024-12-05,CUST167,Clinic,Baner,Nebulizer,Respiratory Equipment,30,70,2100,1050,450,21,Credit Card,Returned,Good,4.0,2025-01-04,2024-12-02,2024-12-05,2025-01-04,2025-01-04,Completed,Not Cancelled,411027.0,NB-008,2022-12-18,2025-07-25,2026-07-25,3.6,12,11,0,0,2100
REN1944,2024-02-26,CUST031,Hospital,Hadapsar,Oxygen Concentrator,Respiratory Equipment,3,290,870,5510,100,96,Bank Transfer,Returned,Good,4.0,2024-02-29,2024-02-25,2024-02-26,2024-02-29,2024-02-29,Completed,Not Cancelled,411030.0,OC-016,2022-05-08,2026-06-18,2026-09-16,4.2,16,13,0,0,870
REN1945,2024-12-02,CUST368,Diagnostic Center,Kharadi,Suction Machine,Surgical Equipment,30,260,7800,4160,400,60,Bank Transfer,Returned,Excellent,4.5,2025-01-01,2024-11-30,2024-12-02,2025-01-01,2025-01-01,Completed,Not Cancelled,411037.0,SM-005,2023-02-15,2024-02-13,2025-02-12,3.5,14,12,0,0,7800
REN1946,2024-09-02,CUST305,Home Care,Koregaon Park,Commode Chair,Mobility Equipment,14,90,1260,1350,550,16,UPI,Returned,Good,4.5,2024-09-16,2024-08-30,2024-09-02,2024-09-16,2024-09-16,Completed,Not Cancelled,411046.0,CC-005,2024-07-20,2024-10-24,2025-04-22,2.0,10,9,0,0,1260
REN1947,2025-07-29,CUST214,Clinic,Koregaon Park,Infusion Pump,Critical Care Equipment,30,320,9600,5440,150,16,Bank Transfer,Returned,Good,4.5,2025-08-28,2025-07-27,2025-07-29,2025-08-28,2025-08-28,Completed,Not Cancelled,411045.0,IP-010,2023-02-03,2024-03-05,2024-06-03,3.5,10,9,0,0,9600
REN1948,2024-07-13,CUST083,Individual Patient,Dhankawadi,CPAP Machine,Respiratory Equipment,7,390,2730,5460,350,46,UPI,Returned,Good,5.0,2024-07-20,2024-07-05,2024-07-13,2024-07-20,2024-07-20,Completed,Not Cancelled,411009.0,CP-005,2022-05-05,2023-05-04,2023-10-31,4.2,19,15,0,0,2730
REN1949,2026-04-24,CUST034,Individual Patient,Erandwane,CPAP Machine,Respiratory Equipment,21,340,7140,6120,200,111,Debit Card,Active,Fair,4.0,,2026-04-20,2026-04-24,2026-05-15,,Confirmed,Not Cancelled,411015.0,CP-005,2022-05-05,2023-05-04,2023-10-31,4.2,19,14,0,0,7140
REN1950,2026-06-01,CUST256,Individual Patient,Dhankawadi,Wheelchair,Mobility Equipment,7,160,1120,3040,600,35,Cash,Cancelled,Excellent,5.0,,2026-05-31,2026-06-01,,,Cancelled,Cancelled,411048.0,,,,,,20,20,0,1,1120
REN1951,2024-04-09,CUST040,Home Care,Erandwane,Wheelchair,Mobility Equipment,10,150,1500,3150,400,21,UPI,Returned,Good,4.0,2024-04-19,2024-04-04,2024-04-09,2024-04-19,2024-04-19,Completed,Not Cancelled,411045.0,WC-019,2023-12-24,2026-05-27,2026-08-25,2.6,20,14,0,0,1500
REN1952,2024-04-16,CUST192,Individual Patient,Wanowrie,CPAP Machine,Respiratory Equipment,10,390,3900,8580,500,43,Bank Transfer,Returned,Excellent,4.0,2024-04-26,2024-04-07,2024-04-16,2024-04-26,2024-04-26,Completed,Not Cancelled,411040.0,CP-011,2025-03-04,2025-12-26,2026-12-26,1.4,19,14,0,0,3900
REN1953,2024-04-24,CUST321,Hospital,Kothrud,Infusion Pump,Critical Care Equipment,7,340,2380,6460,350,23,Bank Transfer,Returned,Excellent,4.0,2024-05-01,2024-04-20,2024-04-24,2024-05-01,2024-05-01,Completed,Not Cancelled,411037.0,IP-004,2023-06-20,2024-08-23,2025-08-23,3.1,10,10,0,0,2380
REN1954,2025-08-06,CUST190,Home Care,Camp,CPAP Machine,Respiratory Equipment,5,370,1850,7030,550,100,Credit Card,Returned,Excellent,4.0,2025-08-11,2025-07-26,2025-08-06,2025-08-11,2025-08-11,Completed,Not Cancelled,411058.0,CP-016,2023-08-18,2025-09-17,2026-01-15,3.0,19,14,0,0,1850
REN1955,2024-04-30,CUST490,Clinic,Bibwewadi,Oxygen Concentrator,Respiratory Equipment,7,290,2030,5800,250,47,UPI,Returned,Excellent,3.5,2024-05-07,2024-04-20,2024-04-30,2024-05-07,2024-05-07,Completed,Not Cancelled,411052.0,OC-001,2025-03-23,2025-09-09,2026-01-07,1.4,16,12,0,0,2030
REN1956,2026-03-21,CUST495,Individual Patient,Koregaon Park,Nebulizer,Respiratory Equipment,10,70,700,980,500,23,Bank Transfer,Active,Fair,4.5,,2026-03-10,2026-03-21,2026-03-31,,Confirmed,Not Cancelled,411037.0,NB-004,2022-09-18,2023-08-03,2023-12-01,3.9,12,4,0,0,700
REN1957,2025-12-12,CUST334,Home Care,Kothrud,Wheelchair,Mobility Equipment,21,140,2940,2940,300,25,UPI,Returned,Excellent,,2026-01-02,2025-12-04,2025-12-12,2026-01-02,2026-01-02,Completed,Not Cancelled,411030.0,WC-001,2024-04-30,2025-08-24,2025-11-22,2.3,20,12,0,0,2940
REN1958,2026-02-17,CUST535,Hospital,Hinjawadi,Wheelchair,Mobility Equipment,7,150,1050,2400,400,44,UPI,Active,Good,3.5,,2026-02-07,2026-02-17,2026-02-24,,Confirmed,Not Cancelled,411052.0,WC-002,2024-11-25,2025-02-12,2025-06-12,1.7,20,16,0,0,1050
REN1959,2025-05-16,CUST105,Home Care,Kothrud,Walker,Mobility Equipment,10,70,700,1470,450,5,Credit Card,Returned,Good,4.0,2025-05-26,2025-05-12,2025-05-16,2025-05-26,2025-05-26,Completed,Not Cancelled,411028.0,WK-003,2024-07-22,2024-11-09,2025-05-08,2.0,7,7,0,0,700
REN1960,2026-07-29,CUST446,Home Care,Viman Nagar,Hospital Bed,Patient Care Equipment,21,360,7560,4320,150,28,Credit Card,Returned,Good,4.5,2026-08-19,2026-07-21,2026-07-29,2026-08-19,2026-08-19,Completed,Not Cancelled,411037.0,HB-003,2022-11-12,2024-06-27,2024-09-25,3.7,23,14,0,0,7560
REN1961,2024-02-15,CUST364,Hospital,Hadapsar,CPAP Machine,Respiratory Equipment,5,360,1800,5040,550,42,UPI,Returned,Good,4.5,2024-02-20,2024-02-12,2024-02-15,2024-02-20,2024-02-20,Completed,Not Cancelled,411057.0,CP-013,2024-04-10,2026-03-03,2027-03-03,2.3,19,16,0,0,1800
REN1962,2025-01-15,CUST222,Home Care,Wanowrie,Patient Monitor,Monitoring Equipment,21,680,14280,12240,500,62,Cash,Returned,Fair,3.5,2025-02-05,2025-01-13,2025-01-15,2025-02-05,2025-02-05,Completed,Not Cancelled,411009.0,PM-008,2023-02-24,2024-12-23,2025-06-21,3.4,13,12,0,0,14280
REN1963,2024-10-29,CUST278,Home Care,Pimpri,Wheelchair,Mobility Equipment,5,130,650,2210,300,45,UPI,Returned,Excellent,3.5,2024-11-03,2024-10-17,2024-10-29,2024-11-03,2024-11-03,Completed,Not Cancelled,411046.0,WC-017,2022-04-22,2026-03-30,2026-07-28,4.3,20,13,0,0,650
REN1964,2026-06-18,CUST217,Hospital,Kharadi,Oxygen Concentrator,Respiratory Equipment,5,260,1300,3900,400,75,Credit Card,Returned,Excellent,4.5,2026-06-23,2026-06-12,2026-06-18,2026-06-23,2026-06-23,Completed,Not Cancelled,411045.0,OC-016,2022-05-08,,2026-09-16,4.2,16,8,0,0,1300
REN1965,2025-07-01,CUST515,Home Care,Vishrantwadi,Wheelchair,Mobility Equipment,14,130,1820,1560,450,18,Bank Transfer,Returned,Excellent,4.5,2025-07-15,2025-06-30,2025-07-01,2025-07-15,2025-07-15,Completed,Not Cancelled,411030.0,WC-003,2022-01-25,2024-05-16,2024-08-14,4.5,20,14,0,0,1820
REN1966,2026-02-03,CUST587,Clinic,Baner,Oxygen Concentrator,Respiratory Equipment,14,300,4200,3600,350,59,UPI,Cancelled,Fair,4.5,,2026-02-01,2026-02-03,,,Cancelled,Cancelled,411014.0,,,,,,16,16,0,1,4200
REN1967,2024-06-13,CUST123,Clinic,Kharadi,Surgical Headlight,Surgical Equipment,3,180,540,3420,400,36,Bank Transfer,Returned,Excellent,4.5,2024-06-16,2024-06-08,2024-06-13,2024-06-16,2024-06-16,Completed,Not Cancelled,411052.0,SH-008,2023-07-21,2025-11-10,2026-02-08,3.0,8,7,0,0,540
REN1968,2026-07-14,CUST344,Home Care,Koregaon Park,CPAP Machine,Respiratory Equipment,21,380,7980,3800,400,85,Bank Transfer,Cancelled,Good,4.0,,2026-07-04,2026-07-14,,,Cancelled,Cancelled,411047.0,,,,,,19,19,0,1,7980
REN1969,2025-04-21,CUST382,Individual Patient,Kothrud,CPAP Machine,Respiratory Equipment,14,360,5040,3960,500,23,Credit Card,Returned,Good,4.5,2025-05-05,2025-04-10,2025-04-21,2025-05-05,2025-05-05,Completed,Not Cancelled,411052.0,CP-012,2025-05-31,2025-12-09,2026-04-08,1.2,19,16,0,0,5040
REN1970,2025-04-16,CUST178,Home Care,Hadapsar,CPAP Machine,Respiratory Equipment,21,380,7980,8360,200,54,Credit Card,Returned,Good,4.5,2025-05-07,2025-04-14,2025-04-16,2025-05-07,2025-05-07,Completed,Not Cancelled,411028.0,CP-018,2022-12-12,2023-08-05,2024-08-04,3.6,19,18,0,0,7980
REN1971,2026-07-07,CUST253,Hospital,Wakad,Ventilator,Critical Care Equipment,5,1050,5250,23100,100,60,Cash,Returned,Good,5.0,2026-07-12,2026-07-06,2026-07-07,2026-07-12,2026-07-12,Completed,Not Cancelled,411058.0,VT-006,2023-05-13,2023-08-14,2024-02-10,3.2,8,6,0,0,5250
REN1972,2024-12-25,CUST221,Home Care,Koregaon Park,Hospital Bed,Patient Care Equipment,5,360,1800,3960,300,117,Debit Card,Returned,Good,4.0,2024-12-30,2024-12-23,2024-12-25,2024-12-30,2024-12-30,Completed,Not Cancelled,411047.0,HB-005,2024-08-09,2025-01-10,2025-04-10,2.0,23,18,0,0,1800
REN1973,2025-01-11,CUST592,Diagnostic Center,Baner,Infusion Pump,Critical Care Equipment,21,340,7140,3740,550,54,UPI,Returned,Good,4.5,2025-02-01,2025-01-03,2025-01-11,2025-02-01,2025-02-01,Completed,Not Cancelled,411015.0,IP-004,2023-06-20,2024-08-23,2025-08-23,3.1,10,10,0,0,7140
REN1974,2025-07-07,CUST019,Home Care,Bibwewadi,Oxygen Concentrator,Respiratory Equipment,21,290,6090,4060,150,76,UPI,Returned,Good,4.5,2025-07-28,2025-07-01,2025-07-07,2025-07-28,2025-07-28,Completed,Not Cancelled,411038.0,OC-016,2022-05-08,2026-06-18,,4.2,16,16,0,0,6090
REN1975,2024-05-06,CUST118,Hospital,Hinjawadi,Ventilator,Critical Care Equipment,10,1170,11700,19890,550,380,Credit Card,Returned,Good,4.5,2024-05-16,2024-04-27,2024-05-06,2024-05-16,2024-05-16,Completed,Not Cancelled,411028.0,VT-003,2024-06-04,2025-08-24,2025-11-22,2.2,8,8,0,0,11700
REN1976,2024-10-26,CUST014,Home Care,Hadapsar,Oxygen Concentrator,Respiratory Equipment,7,260,1820,3120,300,34,Debit Card,Active,Fair,4.5,,2024-10-19,2024-10-26,2024-11-02,,Confirmed,Not Cancelled,411040.0,OC-010,2022-01-22,2023-03-21,2024-03-20,4.5,16,11,0,0,1820
REN1977,2024-07-03,CUST116,Home Care,Erandwane,Hospital Bed,Patient Care Equipment,7,350,2450,7700,200,20,Bank Transfer,Returned,Good,5.0,2024-07-10,2024-07-02,2024-07-03,2024-07-10,2024-07-10,Completed,Not Cancelled,411014.0,HB-014,2025-06-29,2026-07-26,2027-07-26,1.1,23,16,0,0,2450
REN1978,2024-04-12,CUST107,Individual Patient,Kothrud,Fowler Bed,Patient Care Equipment,7,440,3080,7040,350,61,UPI,Returned,Excellent,4.0,2024-04-19,2024-04-09,2024-04-12,2024-04-19,2024-04-19,Completed,Not Cancelled,411046.0,FB-007,2022-07-03,,2023-10-19,4.1,15,11,0,0,3080
REN1979,2026-04-03,CUST250,Individual Patient,Kharadi,Wheelchair,Mobility Equipment,30,150,4500,2400,500,37,Debit Card,Returned,Good,4.0,2026-05-03,2026-03-30,2026-04-03,2026-05-03,2026-05-03,Completed,Not Cancelled,411038.0,WC-014,2025-07-05,2026-01-27,2026-04-27,1.1,20,6,0,0,4500
REN1980,2025-07-11,CUST251,Diagnostic Center,Chinchwad,Nebulizer,Respiratory Equipment,7,80,560,960,550,15,UPI,Returned,Fair,4.0,2025-07-18,2025-07-03,2025-07-11,2025-07-18,2025-07-18,Completed,Not Cancelled,411045.0,NB-002,2025-06-20,2026-04-29,2026-08-27,1.1,12,12,0,0,560
REN1981,2024-12-03,CUST008,Home Care,Wakad,BiPAP Machine,Respiratory Equipment,3,510,1530,7140,400,28,UPI,Returned,Excellent,4.5,2024-12-06,2024-11-26,2024-12-03,2024-12-06,2024-12-06,Completed,Not Cancelled,411043.0,BP-007,2024-05-15,2025-06-19,2026-06-19,2.2,11,7,0,0,1530
REN1982,2025-01-22,CUST359,Home Care,Viman Nagar,BiPAP Machine,Respiratory Equipment,7,580,4060,11020,350,30,Credit Card,Returned,Fair,4.5,2025-01-29,2025-01-10,2025-01-22,2025-01-29,2025-01-29,Completed,Not Cancelled,411045.0,BP-001,2024-10-27,2025-12-27,2026-03-27,1.8,11,10,0,0,4060
REN1983,2025-02-15,CUST394,Individual Patient,Erandwane,Wheelchair,Mobility Equipment,10,150,1500,2700,500,38,UPI,Cancelled,Good,4.5,,2025-02-13,2025-02-15,,,Cancelled,Cancelled,411047.0,,,,,,20,20,0,1,1500
REN1984,2025-08-18,CUST287,Individual Patient,Wakad,Nebulizer,Respiratory Equipment,5,90,450,1080,550,24,Credit Card,Returned,Excellent,4.5,2025-08-23,2025-08-06,2025-08-18,2025-08-23,2025-08-23,Completed,Not Cancelled,411045.0,NB-003,2023-10-05,2025-10-07,2026-01-05,2.8,12,10,0,0,450
REN1985,2026-05-29,CUST149,Clinic,Wanowrie,Oxygen Concentrator,Respiratory Equipment,10,290,2900,4350,500,19,UPI,Returned,Good,4.5,2026-06-08,2026-05-26,2026-05-29,2026-06-08,2026-06-08,Completed,Not Cancelled,411040.0,OC-012,2022-09-21,2025-04-21,2025-10-18,3.9,16,6,0,0,2900
REN1986,2026-06-04,CUST144,Clinic,Koregaon Park,Surgical Loupe,Surgical Equipment,10,230,2300,2760,600,65,Bank Transfer,Active,Good,4.5,,2026-05-31,2026-06-04,2026-06-14,,Confirmed,Not Cancelled,411042.0,SL-002,2025-04-12,2025-07-05,2026-01-01,1.3,7,7,0,0,2300
REN1987,2025-01-05,CUST498,Clinic,Erandwane,Nebulizer,Respiratory Equipment,45,80,3600,1200,550,11,Cash,Returned,Excellent,4.0,2025-02-19,2025-01-04,2025-01-05,2025-02-19,2025-02-19,Completed,Not Cancelled,,NB-012,2022-05-08,2024-10-27,2025-04-25,4.2,12,12,1,0,3600
REN1988,2024-11-03,CUST050,Home Care,Aundh,Suction Machine,Surgical Equipment,21,250,5250,3000,100,13,UPI,Returned,Good,4.0,2024-11-24,2024-10-31,2024-11-03,2024-11-24,2024-11-24,Completed,Not Cancelled,411048.0,SM-004,2023-01-10,2023-10-14,2024-01-12,3.6,14,12,0,0,5250
REN1989,2025-03-06,CUST206,Individual Patient,Hadapsar,Infusion Pump,Critical Care Equipment,3,360,1080,7920,100,49,Credit Card,Returned,Good,4.0,2025-03-09,2025-03-04,2025-03-06,2025-03-09,2025-03-09,Completed,Not Cancelled,411038.0,IP-007,2023-02-08,2024-04-26,2024-08-24,3.5,10,8,0,0,1080
REN1990,2025-06-23,CUST496,Hospital,Hinjawadi,Suction Machine,Surgical Equipment,14,230,3220,2990,400,61,Bank Transfer,Active,Fair,5.0,,2025-06-20,2025-06-23,2025-07-07,,Confirmed,Not Cancelled,411028.0,SM-008,2022-11-17,2026-01-26,2026-04-26,3.7,14,12,0,0,3220
REN1991,2025-03-17,CUST251,Individual Patient,Kothrud,Patient Monitor,Monitoring Equipment,1,560,560,8960,600,134,UPI,Returned,Good,3.5,2025-03-18,2025-03-11,2025-03-17,2025-03-18,2025-03-18,Completed,Not Cancelled,411027.0,PM-006,2024-01-04,2024-06-05,2024-12-02,2.6,13,12,0,0,560
REN1992,2025-09-09,CUST026,Hospital,Kharadi,Wheelchair,Mobility Equipment,21,150,3150,2700,250,28,Bank Transfer,Returned,Excellent,4.0,2025-09-30,2025-08-31,2025-09-09,2025-09-30,2025-09-30,Completed,Not Cancelled,411014.0,WC-010,2022-10-28,,2027-01-15,3.8,20,18,0,0,3150
REN1993,2025-06-11,CUST122,Home Care,Wakad,BiPAP Machine,Respiratory Equipment,21,560,11760,5600,600,67,Credit Card,Returned,Good,4.0,2025-07-02,2025-06-02,2025-06-11,2025-07-02,2025-07-02,Completed,Not Cancelled,411043.0,BP-009,2022-03-07,2025-12-31,2026-06-29,4.4,11,10,0,0,11760
REN1994,2024-10-26,CUST323,Individual Patient,Dhankawadi,CPAP Machine,Respiratory Equipment,10,370,3700,4440,550,61,UPI,Returned,Good,4.5,2024-11-05,2024-10-16,2024-10-26,2024-11-05,2024-11-05,Completed,Not Cancelled,411046.0,CP-016,2023-08-18,2025-09-17,2026-01-15,3.0,19,16,0,0,3700
REN1995,2024-11-20,CUST340,Clinic,Bibwewadi,Hospital Bed,Patient Care Equipment,7,370,2590,8140,150,56,Debit Card,Cancelled,Good,5.0,,2024-11-11,2024-11-20,,,Cancelled,Cancelled,411028.0,,,,,,23,23,0,1,2590
REN1996,2024-12-23,CUST390,Home Care,Erandwane,ECG Machine,Diagnostic Equipment,30,520,15600,9880,350,80,Credit Card,Returned,Good,5.0,2025-01-22,2024-12-10,2024-12-23,2025-01-22,2025-01-22,Completed,Not Cancelled,411040.0,ECG-008,2022-02-10,2023-09-04,2024-09-03,4.5,9,7,0,0,15600
REN1997,2024-04-04,CUST357,Diagnostic Center,Vishrantwadi,Hospital Bed,Patient Care Equipment,5,330,1650,4290,200,62,UPI,Returned,Excellent,3.5,2024-04-09,2024-04-03,2024-04-04,2024-04-09,2024-04-09,Completed,Not Cancelled,411030.0,HB-015,2023-12-19,2025-01-01,2025-04-01,2.6,23,19,0,0,1650
REN1998,2024-06-09,CUST019,Home Care,Chinchwad,BiPAP Machine,Respiratory Equipment,5,540,2700,8100,100,95,UPI,Returned,Fair,4.5,2024-06-14,2024-05-26,2024-06-09,2024-06-14,2024-06-14,Completed,Not Cancelled,411057.0,BP-004,2024-06-27,2025-02-23,2026-02-23,2.1,11,10,0,0,2700
REN1999,2025-11-11,CUST547,Home Care,Dhankawadi,Wheelchair,Mobility Equipment,5,160,800,3360,450,10,Bank Transfer,Returned,Good,3.0,2025-11-16,2025-11-07,2025-11-11,2025-11-16,2025-11-16,Completed,Not Cancelled,411057.0,WC-001,2024-04-30,2025-08-24,2025-11-22,2.3,20,18,0,0,800
REN2000,2025-01-02,CUST446,Home Care,Hadapsar,CPAP Machine,Respiratory Equipment,10,360,3600,4320,200,44,Cash,Active,Good,,,2024-12-28,2025-01-02,2025-01-12,,Confirmed,Not Cancelled,411058.0,CP-001,2022-11-27,2025-01-06,2025-04-06,3.7,19,19,0,0,3600
REN2001,2024-07-21,CUST139,Home Care,Bibwewadi,Infusion Pump,Critical Care Equipment,5,300,1500,3900,400,21,UPI,Active,Excellent,4.5,,2024-07-15,2024-07-21,2024-07-26,,Confirmed,Not Cancelled,411052.0,IP-005,2022-06-29,2025-01-12,2025-05-12,4.1,10,6,0,0,1500
REN2002,2025-06-18,CUST334,Individual Patient,Erandwane,Hospital Bed,Patient Care Equipment,3,340,1020,4420,450,76,UPI,Returned,Good,4.0,2025-06-21,2025-06-17,2025-06-18,2025-06-21,2025-06-21,Completed,Not Cancelled,411052.0,HB-021,2025-06-17,2026-06-19,,1.1,23,20,0,0,1020
REN2003,2025-12-13,CUST438,Home Care,Hinjawadi,BiPAP Machine,Respiratory Equipment,3,550,1650,9900,300,91,UPI,Returned,Good,4.5,2025-12-16,2025-12-11,2025-12-13,2025-12-16,2025-12-16,Completed,Not Cancelled,411042.0,BP-001,2024-10-27,2025-12-27,2026-03-27,1.8,11,8,0,0,1650
REN2004,2024-08-27,CUST219,Hospital,Wakad,Suction Machine,Surgical Equipment,10,270,2700,4320,100,66,Bank Transfer,Cancelled,Good,4.5,,2024-08-22,2024-08-27,,,Cancelled,Cancelled,411040.0,,,,,,14,14,0,1,2700
REN2005,2026-02-24,CUST289,Clinic,Kothrud,Infusion Pump,Critical Care Equipment,14,300,4200,4800,100,17,UPI,Active,Excellent,5.0,,2026-02-15,2026-02-24,2026-03-10,,Confirmed,Not Cancelled,411028.0,IP-002,2023-07-05,2024-03-20,2025-03-20,3.1,10,7,0,0,4200
REN2006,2026-05-30,CUST101,Individual Patient,Wanowrie,Wheelchair,Mobility Equipment,1,150,150,2100,300,21,Credit Card,Returned,Good,3.0,2026-05-31,2026-05-19,2026-05-30,2026-05-31,2026-05-31,Completed,Not Cancelled,411047.0,WC-007,2024-08-29,2026-04-11,2026-07-10,1.9,20,5,0,0,150
REN2007,2025-07-18,CUST133,Home Care,Bibwewadi,Commode Chair,Mobility Equipment,5,90,450,1260,100,8,UPI,Returned,Good,5.0,2025-07-23,2025-07-16,2025-07-18,2025-07-23,2025-07-23,Completed,Not Cancelled,411028.0,CC-007,2024-03-04,2024-05-09,2024-08-07,2.4,10,9,0,0,450
REN2008,2025-09-19,CUST137,Individual Patient,Vishrantwadi,Fowler Bed,Patient Care Equipment,5,450,2250,7200,550,27,Credit Card,Returned,Fair,4.0,2025-09-24,2025-09-16,2025-09-19,2025-09-24,2025-09-24,Completed,Not Cancelled,411028.0,FB-014,2023-07-25,2025-06-16,2025-10-14,3.0,15,12,0,0,2250
REN2009,2024-02-23,CUST260,Hospital,Hadapsar,CPAP Machine,Respiratory Equipment,5,370,1850,7400,150,103,Bank Transfer,Returned,Fair,3.5,2024-02-28,2024-02-16,2024-02-23,2024-02-28,2024-02-28,Completed,Not Cancelled,411057.0,CP-016,2023-08-18,2025-09-17,2026-01-15,3.0,19,17,0,0,1850
REN2010,2026-06-15,CUST593,Individual Patient,Baner,CPAP Machine,Respiratory Equipment,5,360,1800,7200,100,26,Credit Card,Returned,Excellent,5.0,2026-06-20,2026-06-11,2026-06-15,2026-06-20,2026-06-20,Completed,Not Cancelled,411007.0,CP-006,2022-06-19,2025-01-14,2025-04-14,4.1,19,14,0,0,1800
REN2011,2025-01-06,CUST284,Home Care,Aundh,CPAP Machine,Respiratory Equipment,3,380,1140,7600,150,33,UPI,Returned,Excellent,4.5,2025-01-09,2025-01-03,2025-01-06,2025-01-09,2025-01-09,Completed,Not Cancelled,411009.0,CP-017,2023-04-05,2024-11-08,2025-11-08,3.3,19,18,0,0,1140
REN2012,2026-05-27,CUST412,Individual Patient,Chinchwad,Fowler Bed,Patient Care Equipment,14,470,6580,4700,450,69,Credit Card,Returned,Fair,5.0,2026-06-10,2026-05-23,2026-05-27,2026-06-10,2026-06-10,Completed,Not Cancelled,411047.0,FB-014,2023-07-25,2025-06-16,2025-10-14,3.0,15,11,0,0,6580
REN2013,2025-07-02,CUST390,Individual Patient,Dhankawadi,Hospital Bed,Patient Care Equipment,21,350,7350,5600,400,43,Credit Card,Returned,Excellent,4.5,2025-07-23,2025-06-24,2025-07-02,2025-07-23,2025-07-23,Completed,Not Cancelled,411045.0,HB-023,2023-09-05,2024-01-10,2024-05-09,2.9,23,19,0,0,7350
REN2014,2024-01-05,CUST546,Individual Patient,Chinchwad,CPAP Machine,Respiratory Equipment,14,330,4620,4950,450,107,Credit Card,Returned,Excellent,4.5,2024-01-19,2024-01-03,2024-01-05,2024-01-19,2024-01-19,Completed,Not Cancelled,411047.0,CP-002,2022-02-22,2023-07-14,2024-07-13,4.4,19,18,0,0,4620
REN2015,2024-02-09,CUST297,Home Care,Koregaon Park,BiPAP Machine,Respiratory Equipment,45,580,26100,12760,250,201,UPI,Returned,Good,4.0,2024-03-25,2024-02-08,2024-02-09,2024-03-25,2024-03-25,Completed,Not Cancelled,411038.0,BP-009,2022-03-07,2025-12-31,2026-06-29,4.4,11,9,0,0,26100
REN2016,2025-09-30,CUST516,Diagnostic Center,Shivajinagar,Fowler Bed,Patient Care Equipment,3,460,1380,6900,250,76,UPI,Returned,Good,5.0,2025-10-03,2025-09-29,2025-09-30,2025-10-03,2025-10-03,Completed,Not Cancelled,411007.0,FB-008,2023-01-30,2026-07-02,2027-07-02,3.5,15,10,0,0,1380
REN2017,2025-06-18,CUST133,Home Care,Aundh,Wheelchair,Mobility Equipment,14,160,2240,2080,450,15,Credit Card,Returned,Excellent,4.5,2025-07-02,2025-06-12,2025-06-18,2025-07-02,2025-07-02,Completed,Not Cancelled,411027.0,WC-019,2023-12-24,2026-05-27,2026-08-25,2.6,20,14,0,0,2240
REN2018,2024-01-28,CUST122,Home Care,Camp,CPAP Machine,Respiratory Equipment,10,340,3400,4420,150,64,UPI,Returned,Excellent,4.5,2024-02-07,2024-01-25,2024-01-28,2024-02-07,2024-02-07,Completed,Not Cancelled,411052.0,CP-004,2023-07-31,2023-10-18,2024-01-16,3.0,19,17,0,0,3400
REN2019,2025-12-02,CUST183,Home Care,Chinchwad,CPAP Machine,Respiratory Equipment,5,380,1900,4560,300,72,Credit Card,Cancelled,Good,5.0,,2025-11-26,2025-12-02,,,Cancelled,Cancelled,411045.0,,,,,,19,19,0,1,1900
REN2020,2026-03-21,CUST420,Individual Patient,Erandwane,BiPAP Machine,Respiratory Equipment,1,580,580,8700,150,104,UPI,Returned,Excellent,3.5,2026-03-22,2026-03-10,2026-03-21,2026-03-22,2026-03-22,Completed,Not Cancelled,411052.0,BP-003,2022-01-03,2023-01-31,2024-01-31,4.6,11,10,0,0,580
REN2021,2025-04-19,CUST352,Individual Patient,Dhankawadi,Surgical Headlight,Surgical Equipment,30,180,5400,2340,300,7,UPI,Returned,Excellent,5.0,2025-05-19,2025-04-16,2025-04-19,2025-05-19,2025-05-19,Completed,Not Cancelled,411007.0,SH-003,2023-01-16,2024-03-16,2024-09-12,3.5,8,6,0,0,5400
REN2022,2025-03-21,CUST125,Home Care,Shivajinagar,Patient Monitor,Monitoring Equipment,10,620,6200,10540,600,44,Bank Transfer,Cancelled,Good,4.5,,2025-03-19,2025-03-21,,,Cancelled,Cancelled,411028.0,,,,,,13,13,0,1,6200
REN2023,2024-01-06,CUST143,Individual Patient,Dhankawadi,BiPAP Machine,Respiratory Equipment,5,490,2450,6370,550,37,UPI,Returned,Excellent,5.0,2024-01-11,2024-01-05,2024-01-06,2024-01-11,2024-01-11,Completed,Not Cancelled,411045.0,BP-002,2022-07-01,2023-06-08,2023-10-06,4.1,11,11,0,0,2450
REN2024,2026-01-14,CUST418,Hospital,Kharadi,Hospital Bed,Patient Care Equipment,45,330,14850,5610,450,47,UPI,Returned,Good,4.5,2026-02-28,2025-12-31,2026-01-14,2026-02-28,2026-02-28,Completed,Not Cancelled,411007.0,HB-005,2024-08-09,2025-01-10,2025-04-10,2.0,23,15,0,0,14850
REN2025,2024-11-05,CUST037,Home Care,Camp,Ventilator,Critical Care Equipment,3,980,2940,17640,450,212,Bank Transfer,Returned,Excellent,4.5,2024-11-08,2024-10-30,2024-11-05,2024-11-08,2024-11-08,Completed,Not Cancelled,411037.0,VT-001,2024-10-29,2025-06-25,2025-10-23,1.8,8,6,0,0,2940
REN2026,2026-04-15,CUST106,Clinic,Hinjawadi,Oxygen Concentrator,Respiratory Equipment,10,280,2800,5040,300,87,Credit Card,Returned,Fair,5.0,2026-04-25,2026-04-05,2026-04-15,2026-04-25,2026-04-25,Completed,Not Cancelled,411052.0,OC-013,2023-06-29,2024-03-06,2025-03-06,3.1,16,4,0,0,2800
REN2027,2024-12-17,CUST069,Home Care,Bibwewadi,Oxygen Concentrator,Respiratory Equipment,5,270,1350,5670,450,27,Debit Card,Returned,Fair,4.5,2024-12-22,2024-12-07,2024-12-17,2024-12-22,2024-12-22,Completed,Not Cancelled,411014.0,OC-011,2023-11-25,2025-04-03,2025-07-02,2.7,16,13,0,0,1350
REN2028,2025-06-20,CUST384,Home Care,Viman Nagar,Wheelchair,Mobility Equipment,7,150,1050,1500,550,42,UPI,Returned,Fair,3.0,2025-06-27,2025-06-06,2025-06-20,2025-06-27,2025-06-27,Completed,Not Cancelled,411008.0,WC-017,2022-04-22,2026-03-30,2026-07-28,4.3,20,14,0,0,1050
REN2029,2024-09-07,CUST367,Diagnostic Center,Pimpri,Hospital Bed,Patient Care Equipment,3,330,990,3300,400,34,Debit Card,Returned,Excellent,4.5,2024-09-10,2024-08-28,2024-09-07,2024-09-10,2024-09-10,Completed,Not Cancelled,411043.0,HB-022,2022-10-26,2023-05-17,2024-05-16,3.8,23,21,0,0,990
REN2030,2024-06-04,CUST385,Clinic,Wakad,Commode Chair,Mobility Equipment,3,90,270,1350,150,4,Bank Transfer,Returned,Good,4.5,2024-06-07,2024-06-01,2024-06-04,2024-06-07,2024-06-07,Completed,Not Cancelled,411015.0,CC-006,2024-10-14,2025-03-18,2025-07-16,1.8,10,6,0,0,270
REN2031,2026-01-02,CUST197,Individual Patient,Koregaon Park,Wheelchair,Mobility Equipment,21,140,2940,2240,450,33,UPI,Returned,Excellent,5.0,2026-01-23,2025-12-27,2026-01-02,2026-01-23,2026-01-23,Completed,Not Cancelled,411014.0,WC-017,2022-04-22,2026-03-30,2026-07-28,4.3,20,13,0,0,2940
REN2032,2025-04-19,CUST421,Clinic,Vishrantwadi,Oxygen Concentrator,Respiratory Equipment,10,280,2800,5320,150,28,Credit Card,Returned,Good,5.0,2025-04-29,2025-04-06,2025-04-19,2025-04-29,2025-04-29,Completed,Not Cancelled,411040.0,OC-003,2024-12-09,2025-07-09,2026-07-09,1.6,16,11,0,0,2800
REN2033,2025-05-26,CUST173,Individual Patient,Wanowrie,Wheelchair,Mobility Equipment,10,130,1300,1560,250,42,Bank Transfer,Returned,Good,4.0,2025-06-05,2025-05-19,2025-05-26,2025-06-05,2025-06-05,Completed,Not Cancelled,411043.0,WC-013,2024-09-18,2026-02-24,2026-08-23,1.9,20,16,0,0,1300
REN2034,2026-07-02,CUST271,Individual Patient,Viman Nagar,Ventilator,Critical Care Equipment,10,1060,10600,15900,200,348,Credit Card,Returned,Good,3.0,2026-07-12,2026-06-23,2026-07-02,2026-07-12,2026-07-12,Completed,Not Cancelled,411048.0,VT-007,2024-05-13,2025-03-30,2026-03-30,2.2,8,7,0,0,10600
REN2035,2026-07-01,CUST072,Clinic,Hinjawadi,Commode Chair,Mobility Equipment,30,90,2700,1530,100,6,UPI,Active,Good,4.0,,2026-06-20,2026-07-01,2026-07-31,,Confirmed,Not Cancelled,411009.0,CC-004,2025-02-10,2026-02-10,2026-08-09,1.5,10,8,0,0,2700
REN2036,2026-03-24,CUST395,Hospital,Bibwewadi,Walker,Mobility Equipment,5,70,350,1260,500,6,Cash,Returned,Good,5.0,2026-03-29,2026-03-17,2026-03-24,2026-03-29,2026-03-29,Completed,Not Cancelled,411047.0,WK-003,2024-07-22,2024-11-09,2025-05-08,2.0,7,5,0,0,350
REN2037,2024-06-28,CUST153,Home Care,Pimpri,Infusion Pump,Critical Care Equipment,21,300,6300,5100,450,29,Bank Transfer,Returned,Good,,2024-07-19,2024-06-20,2024-06-28,2024-07-19,2024-07-19,Completed,Not Cancelled,411045.0,IP-010,2023-02-03,2024-03-05,2024-06-03,3.5,10,9,0,0,6300
REN2038,2025-07-15,CUST003,Hospital,Wanowrie,Surgical Headlight,Surgical Equipment,5,190,950,3230,300,61,Cash,Returned,Good,,2025-07-20,2025-07-08,2025-07-15,2025-07-20,2025-07-20,Completed,Not Cancelled,,SH-008,2023-07-21,2025-11-10,2026-02-08,3.0,8,8,1,0,950
REN2039,2026-04-15,CUST422,Individual Patient,Erandwane,Fowler Bed,Patient Care Equipment,3,430,1290,5160,300,24,Debit Card,Returned,Good,5.0,2026-04-18,2026-04-11,2026-04-15,2026-04-18,2026-04-18,Completed,Not Cancelled,411015.0,FB-003,2022-09-27,2023-02-09,2023-08-08,3.8,15,10,0,0,1290
REN2040,2024-12-19,CUST572,Home Care,Kothrud,Wheelchair,Mobility Equipment,21,150,3150,2400,450,41,Bank Transfer,Returned,Good,4.5,2025-01-09,2024-12-16,2024-12-19,2025-01-09,2025-01-09,Completed,Not Cancelled,411048.0,WC-019,2023-12-24,2026-05-27,2026-08-25,2.6,20,17,0,0,3150
REN2041,2024-04-10,CUST441,Diagnostic Center,Koregaon Park,Oxygen Concentrator,Respiratory Equipment,30,260,7800,4420,350,32,Bank Transfer,Returned,Good,4.5,2024-05-10,2024-04-03,2024-04-10,2024-05-10,2024-05-10,Completed,Not Cancelled,411009.0,OC-008,2022-01-13,2023-05-05,2023-08-03,4.5,16,15,0,0,7800
REN2042,2026-02-08,CUST115,Individual Patient,Viman Nagar,Oxygen Concentrator,Respiratory Equipment,5,260,1300,2860,200,56,Bank Transfer,Returned,Fair,5.0,2026-02-13,2026-01-25,2026-02-08,2026-02-13,2026-02-13,Completed,Not Cancelled,411045.0,OC-007,2022-03-01,2024-09-16,2025-01-14,4.4,16,13,0,0,1300
REN2043,2025-04-05,CUST170,Hospital,Vishrantwadi,Nebulizer,Respiratory Equipment,30,80,2400,1760,350,7,Debit Card,Returned,Good,3.5,2025-05-05,2025-03-24,2025-04-05,2025-05-05,2025-05-05,Completed,Not Cancelled,411009.0,NB-006,2024-09-04,2025-08-23,2026-02-19,1.9,12,12,0,0,2400
REN2044,2025-06-19,CUST122,Hospital,Hadapsar,Hospital Bed,Patient Care Equipment,7,380,2660,6840,500,109,Credit Card,Returned,Excellent,4.5,2025-06-26,2025-06-17,2025-06-19,2025-06-26,2025-06-26,Completed,Not Cancelled,411043.0,HB-010,2022-05-26,2023-11-28,2024-05-26,4.2,23,18,0,0,2660
REN2045,2026-07-16,CUST422,Individual Patient,Camp,Wheelchair,Mobility Equipment,14,160,2240,3040,400,39,UPI,Returned,Good,4.0,2026-07-30,2026-07-06,2026-07-16,2026-07-30,2026-07-30,Completed,Not Cancelled,411038.0,WC-011,2024-06-14,2024-10-17,2025-04-15,2.1,20,12,0,0,2240
REN2046,2025-07-26,CUST213,Home Care,Shivajinagar,BiPAP Machine,Respiratory Equipment,30,530,15900,8480,500,19,Credit Card,Active,Excellent,3.5,,2025-07-25,2025-07-26,2025-08-25,,Confirmed,Not Cancelled,411014.0,BP-002,2022-07-01,2023-06-08,2023-10-06,4.1,11,8,0,0,15900
REN2047,2025-02-08,CUST140,Diagnostic Center,Vishrantwadi,Hospital Bed,Patient Care Equipment,30,330,9900,7260,350,35,UPI,Returned,Excellent,4.5,2025-03-10,2025-02-01,2025-02-08,2025-03-10,2025-03-10,Completed,Not Cancelled,411014.0,HB-012,2022-06-28,2023-10-26,2024-02-23,4.1,23,17,0,0,9900
REN2048,2024-12-14,CUST089,Hospital,Koregaon Park,Hospital Bed,Patient Care Equipment,14,330,4620,3300,300,59,Cash,Returned,Fair,,2024-12-28,2024-12-02,2024-12-14,2024-12-28,2024-12-28,Completed,Not Cancelled,411037.0,HB-003,2022-11-12,2024-06-27,2024-09-25,3.7,23,18,0,0,4620
REN2049,2025-01-31,CUST059,Hospital,Dhankawadi,Hospital Bed,Patient Care Equipment,1,360,360,7920,500,72,Bank Transfer,Returned,Fair,4.5,2025-02-01,2025-01-18,2025-01-31,2025-02-01,2025-02-01,Completed,Not Cancelled,411030.0,HB-015,2023-12-19,2025-01-01,2025-04-01,2.6,23,20,0,0,360
REN2050,2024-04-27,CUST213,Individual Patient,Dhankawadi,BiPAP Machine,Respiratory Equipment,5,550,2750,6600,200,162,Credit Card,Returned,Excellent,3.5,2024-05-02,2024-04-20,2024-04-27,2024-05-02,2024-05-02,Completed,Not Cancelled,411038.0,BP-005,2022-02-05,2024-01-14,2025-01-13,4.5,11,4,0,0,2750
REN2051,2026-01-22,CUST331,Home Care,Aundh,Wheelchair,Mobility Equipment,21,150,3150,3150,400,23,UPI,Returned,Good,4.5,2026-02-12,2026-01-15,2026-01-22,2026-02-12,2026-02-12,Completed,Not Cancelled,411037.0,WC-004,2024-04-11,2025-03-19,2025-07-17,2.3,20,15,0,0,3150
REN2052,2026-03-07,CUST109,Home Care,Aundh,Wheelchair,Mobility Equipment,30,160,4800,1600,400,52,Credit Card,Returned,Good,4.0,2026-04-06,2026-03-03,2026-03-07,2026-04-06,2026-04-06,Completed,Not Cancelled,411007.0,WC-015,2022-05-31,2025-11-16,2026-11-16,4.2,20,11,0,0,4800
REN2053,2024-09-21,CUST433,Individual Patient,Pimpri,Wheelchair,Mobility Equipment,21,140,2940,1960,250,13,UPI,Returned,Good,5.0,2024-10-12,2024-09-13,2024-09-21,2024-10-12,2024-10-12,Completed,Not Cancelled,411037.0,WC-015,2022-05-31,2025-11-16,2026-11-16,4.2,20,17,0,0,2940
REN2054,2024-10-09,CUST450,Home Care,Koregaon Park,Nebulizer,Respiratory Equipment,21,80,1680,1360,200,24,Bank Transfer,Returned,Fair,4.5,2024-10-30,2024-10-06,2024-10-09,2024-10-30,2024-10-30,Completed,Not Cancelled,411037.0,NB-003,2023-10-05,,2026-01-05,2.8,12,11,0,0,1680
REN2055,2026-04-11,CUST106,Hospital,Shivajinagar,Wheelchair,Mobility Equipment,45,130,5850,2340,100,42,Credit Card,Returned,Fair,5.0,2026-05-26,2026-04-10,2026-04-11,2026-05-26,2026-05-26,Completed,Not Cancelled,411030.0,WC-007,2024-08-29,2026-04-11,2026-07-10,1.9,20,8,0,0,5850
REN2056,2024-01-25,CUST522,Clinic,Pimpri,Hospital Bed,Patient Care Equipment,3,360,1080,3600,150,83,Credit Card,Returned,Good,4.5,2024-01-28,2024-01-15,2024-01-25,2024-01-28,2024-01-28,Completed,Not Cancelled,411015.0,HB-006,2023-04-29,2023-10-02,2024-01-30,3.3,23,19,0,0,1080
REN2057,2025-05-11,CUST272,Home Care,Vishrantwadi,Surgical Headlight,Surgical Equipment,7,200,1400,2800,150,68,UPI,Returned,Excellent,3.0,2025-05-18,2025-05-10,2025-05-11,2025-05-18,2025-05-18,Completed,Not Cancelled,411014.0,SH-004,2023-12-02,2026-02-21,2026-08-20,2.7,8,6,0,0,1400
REN2058,2025-03-19,CUST542,Individual Patient,Wanowrie,Infusion Pump,Critical Care Equipment,5,310,1550,6200,400,50,Credit Card,Active,Good,4.5,,2025-03-11,2025-03-19,2025-03-24,,Confirmed,Not Cancelled,411008.0,IP-002,2023-07-05,2024-03-20,2025-03-20,3.1,10,9,0,0,1550
REN2059,2025-10-09,CUST389,Hospital,Aundh,Wheelchair,Mobility Equipment,30,160,4800,1920,150,41,Credit Card,Returned,Excellent,3.0,2025-11-08,2025-10-04,2025-10-09,2025-11-08,2025-11-08,Completed,Not Cancelled,411043.0,WC-016,2024-07-04,2025-08-17,2025-12-15,2.1,20,17,0,0,4800
REN2060,2024-06-06,CUST223,Home Care,Koregaon Park,Oxygen Concentrator,Respiratory Equipment,14,300,4200,6600,350,10,Debit Card,Returned,Excellent,4.5,2024-06-20,2024-06-05,2024-06-06,2024-06-20,2024-06-20,Completed,Not Cancelled,411040.0,OC-011,2023-11-25,2025-04-03,2025-07-02,2.7,16,13,0,0,4200
REN2061,2025-09-18,CUST379,Clinic,Koregaon Park,Wheelchair,Mobility Equipment,1,140,140,2660,150,17,Debit Card,Returned,Good,4.5,2025-09-19,2025-09-16,2025-09-18,2025-09-19,2025-09-19,Completed,Not Cancelled,411048.0,WC-001,2024-04-30,2025-08-24,2025-11-22,2.3,20,16,0,0,140
REN2062,2024-12-21,CUST117,Individual Patient,Aundh,Nebulizer,Respiratory Equipment,7,80,560,1760,500,17,Bank Transfer,Returned,Fair,5.0,2024-12-28,2024-12-19,2024-12-21,2024-12-28,2024-12-28,Completed,Not Cancelled,411015.0,NB-005,2023-08-11,2025-09-26,2026-03-25,3.0,12,8,0,0,560
REN2063,2025-08-05,CUST029,Home Care,Wakad,Wheelchair,Mobility Equipment,21,160,3360,3360,450,50,UPI,Returned,Good,5.0,2025-08-26,2025-08-02,2025-08-05,2025-08-26,2025-08-26,Completed,Not Cancelled,411037.0,WC-002,2024-11-25,2025-02-12,2025-06-12,1.7,20,16,0,0,3360
REN2064,2024-02-10,CUST345,Home Care,Hadapsar,Walker,Mobility Equipment,10,70,700,840,250,23,UPI,Returned,Excellent,4.0,2024-02-20,2024-02-03,2024-02-10,2024-02-20,2024-02-20,Completed,Not Cancelled,411014.0,WK-006,2024-09-05,2025-05-31,2025-09-28,1.9,7,5,0,0,700
REN2065,2025-03-17,CUST185,Clinic,Shivajinagar,ECG Machine,Diagnostic Equipment,21,530,11130,11660,500,114,Debit Card,Returned,Excellent,4.5,2025-04-07,2025-03-11,2025-03-17,2025-04-07,2025-04-07,Completed,Not Cancelled,411057.0,ECG-006,2024-08-17,2026-03-18,2026-07-16,2.0,9,6,0,0,11130
REN2066,2025-05-13,CUST460,Home Care,Baner,Suction Machine,Surgical Equipment,1,230,230,3680,200,70,Cash,Returned,Good,4.5,2025-05-14,2025-05-08,2025-05-13,2025-05-14,2025-05-14,Completed,Not Cancelled,411047.0,SM-004,2023-01-10,2023-10-14,2024-01-12,3.6,14,12,0,0,230
REN2067,2024-07-21,CUST517,Hospital,Wanowrie,Hospital Bed,Patient Care Equipment,5,360,1800,4680,400,103,UPI,Cancelled,Good,5.0,,2024-07-11,2024-07-21,,,Cancelled,Cancelled,411009.0,,,,,,23,23,0,1,1800
REN2068,2024-05-16,CUST222,Home Care,Kothrud,Infusion Pump,Critical Care Equipment,3,340,1020,7140,450,94,Bank Transfer,Returned,Good,5.0,2024-05-19,2024-05-07,2024-05-16,2024-05-19,2024-05-19,Completed,Not Cancelled,411048.0,IP-006,2025-03-23,2025-07-23,2025-11-20,1.4,10,9,0,0,1020
REN2069,2024-06-29,CUST208,Home Care,Hadapsar,Nebulizer,Respiratory Equipment,7,70,490,1120,300,5,Credit Card,Active,Good,4.5,,2024-06-21,2024-06-29,2024-07-06,,Confirmed,Not Cancelled,411057.0,NB-007,2025-05-13,2025-09-25,2026-01-23,1.2,12,10,0,0,490
REN2070,2024-11-18,CUST341,Clinic,Wanowrie,Commode Chair,Mobility Equipment,30,90,2700,1620,450,16,UPI,Active,Fair,4.0,,2024-11-11,2024-11-18,2024-12-18,,Confirmed,Not Cancelled,411045.0,CC-005,2024-07-20,2024-10-24,2025-04-22,2.0,10,9,0,0,2700
REN2071,2024-04-06,CUST297,Home Care,Erandwane,Hospital Bed,Patient Care Equipment,21,360,7560,6120,600,67,Cash,Cancelled,Good,,,2024-03-29,2024-04-06,,,Cancelled,Cancelled,411058.0,,,,,,23,23,0,1,7560
REN2072,2026-06-17,CUST384,Home Care,Shivajinagar,Nebulizer,Respiratory Equipment,7,80,560,1040,300,23,Cash,Returned,Good,4.5,2026-06-24,2026-06-14,2026-06-17,2026-06-24,2026-06-24,Completed,Not Cancelled,411014.0,NB-009,2025-06-25,2025-08-24,,1.1,12,9,0,0,560
REN2073,2025-01-19,CUST317,Individual Patient,Hinjawadi,Commode Chair,Mobility Equipment,14,100,1400,2200,250,22,Cash,Returned,Good,5.0,2025-02-02,2025-01-16,2025-01-19,2025-02-02,2025-02-02,Completed,Not Cancelled,411027.0,CC-008,2024-10-02,2026-06-23,2026-12-20,1.8,10,10,0,0,1400
REN2074,2026-02-06,CUST320,Clinic,Erandwane,Ventilator,Critical Care Equipment,5,1080,5400,21600,300,316,UPI,Returned,Good,4.5,2026-02-11,2026-02-03,2026-02-06,2026-02-11,2026-02-11,Completed,Not Cancelled,411043.0,VT-002,2024-07-09,,2026-08-02,2.1,8,6,0,0,5400
REN2075,2026-07-10,CUST399,Individual Patient,Vishrantwadi,Patient Monitor,Monitoring Equipment,7,620,4340,9920,400,208,Credit Card,Active,Good,5.0,,2026-07-01,2026-07-10,2026-07-17,,Confirmed,Not Cancelled,411040.0,PM-010,2022-07-05,2026-04-25,2026-10-22,4.1,13,3,0,0,4340
REN2076,2024-03-22,CUST381,Home Care,Viman Nagar,Fowler Bed,Patient Care Equipment,21,440,9240,7480,150,91,Debit Card,Returned,Excellent,3.0,2024-04-12,2024-03-17,2024-03-22,2024-04-12,2024-04-12,Completed,Not Cancelled,411046.0,FB-012,2024-03-04,2025-10-11,2026-04-09,2.4,15,13,0,0,9240
REN2077,2025-09-03,CUST420,Diagnostic Center,Bibwewadi,CPAP Machine,Respiratory Equipment,7,370,2590,3700,600,105,Bank Transfer,Returned,Good,4.5,2025-09-10,2025-08-21,2025-09-03,2025-09-10,2025-09-10,Completed,Not Cancelled,411058.0,CP-015,2022-06-26,2023-01-19,2023-07-18,4.1,19,15,0,0,2590
REN2078,2026-04-08,CUST308,Hospital,Camp,BiPAP Machine,Respiratory Equipment,1,560,560,10640,350,117,Credit Card,Returned,Excellent,4.0,2026-04-09,2026-04-07,2026-04-08,2026-04-09,2026-04-09,Completed,Not Cancelled,411015.0,BP-007,2024-05-15,2025-06-19,2026-06-19,2.2,11,6,0,0,560
REN2079,2025-08-19,CUST269,Clinic,Erandwane,Surgical Headlight,Surgical Equipment,45,180,8100,3780,600,41,Credit Card,Returned,Good,4.5,2025-10-03,2025-08-15,2025-08-19,2025-10-03,2025-10-03,Completed,Not Cancelled,411052.0,SH-004,2023-12-02,,2026-08-20,2.7,8,8,0,0,8100
REN2080,2025-02-12,CUST166,Hospital,Erandwane,Suction Machine,Surgical Equipment,21,240,5040,5280,600,44,UPI,Returned,Excellent,5.0,2025-03-05,2025-02-10,2025-02-12,2025-03-05,2025-03-05,Completed,Not Cancelled,411009.0,SM-003,2025-06-21,2026-01-30,2026-07-29,1.1,14,13,0,0,5040
REN2081,2025-02-14,CUST389,Hospital,Wakad,Wheelchair,Mobility Equipment,3,160,480,2720,100,54,Credit Card,Returned,Good,4.5,2025-02-17,2025-02-04,2025-02-14,2025-02-17,2025-02-17,Completed,Not Cancelled,411038.0,WC-013,2024-09-18,2026-02-24,2026-08-23,1.9,20,17,0,0,480
REN2082,2024-02-06,CUST244,Individual Patient,Viman Nagar,Hospital Bed,Patient Care Equipment,7,360,2520,7920,150,105,Debit Card,Returned,Good,5.0,2024-02-13,2024-02-01,2024-02-06,2024-02-13,2024-02-13,Completed,Not Cancelled,411037.0,HB-009,2022-04-28,2023-06-27,2023-09-25,4.3,23,21,0,0,2520
REN2083,2025-05-24,CUST594,Individual Patient,Wanowrie,Suction Machine,Surgical Equipment,30,260,7800,5200,150,70,UPI,Returned,Good,4.0,2025-06-23,2025-05-17,2025-05-24,2025-06-23,2025-06-23,Completed,Not Cancelled,411048.0,SM-007,2025-04-15,2025-08-10,2025-11-08,1.3,14,11,0,0,7800
REN2084,2026-07-26,CUST103,Hospital,Chinchwad,Infusion Pump,Critical Care Equipment,3,330,990,5280,400,45,UPI,Returned,Excellent,,2026-07-29,2026-07-19,2026-07-26,2026-07-29,2026-07-29,Completed,Not Cancelled,411037.0,IP-010,2023-02-03,2024-03-05,2024-06-03,3.5,10,9,0,0,990
REN2085,2026-06-27,CUST563,Hospital,Koregaon Park,Hospital Bed,Patient Care Equipment,45,360,16200,7200,250,67,Credit Card,Returned,Fair,4.5,2026-08-11,2026-06-26,2026-06-27,2026-08-11,2026-08-11,Completed,Not Cancelled,411048.0,HB-007,2023-05-24,2024-04-15,2025-04-15,3.2,23,14,0,0,16200
REN2086,2024-02-11,CUST476,Diagnostic Center,Hadapsar,CPAP Machine,Respiratory Equipment,5,320,1600,3840,100,98,Credit Card,Returned,Good,,2024-02-16,2024-02-02,2024-02-11,2024-02-16,2024-02-16,Completed,Not Cancelled,411014.0,CP-011,2025-03-04,2025-12-26,2026-12-26,1.4,19,15,0,0,1600
REN2087,2025-10-24,CUST193,Individual Patient,Baner,Walker,Mobility Equipment,14,70,980,1260,400,23,UPI,Returned,Good,3.5,2025-11-07,2025-10-14,2025-10-24,2025-11-07,2025-11-07,Completed,Not Cancelled,411058.0,WK-005,2023-08-31,2024-06-28,2025-06-28,2.9,7,7,0,0,980
REN2088,2024-10-07,CUST263,Home Care,Viman Nagar,Fowler Bed,Patient Care Equipment,45,470,21150,8460,250,164,UPI,Returned,Excellent,4.5,2024-11-21,2024-09-30,2024-10-07,2024-11-21,2024-11-21,Completed,Not Cancelled,411014.0,FB-005,2023-12-06,2025-12-27,2026-12-27,2.7,15,10,0,0,21150
REN2089,2026-05-08,CUST054,Individual Patient,Erandwane,Wheelchair,Mobility Equipment,21,150,3150,2400,550,40,Bank Transfer,Returned,Good,4.5,2026-05-29,2026-05-05,2026-05-08,2026-05-29,2026-05-29,Completed,Not Cancelled,411042.0,WC-008,2024-11-30,2025-04-12,2025-07-11,1.7,20,4,0,0,3150
REN2090,2024-02-15,CUST234,Hospital,Viman Nagar,Oxygen Concentrator,Respiratory Equipment,7,280,1960,5040,500,74,UPI,Returned,Excellent,3.5,2024-02-22,2024-02-07,2024-02-15,2024-02-22,2024-02-22,Completed,Not Cancelled,411038.0,OC-012,2022-09-21,2025-04-21,2025-10-18,3.9,16,14,0,0,1960
REN2091,2026-06-06,CUST229,Individual Patient,Vishrantwadi,CPAP Machine,Respiratory Equipment,30,350,10500,7350,550,21,Bank Transfer,Returned,Good,3.0,2026-07-06,2026-05-29,2026-06-06,2026-07-06,2026-07-06,Completed,Not Cancelled,411008.0,CP-010,2023-08-17,2024-01-18,2024-07-16,3.0,19,13,0,0,10500
REN2092,2026-03-06,CUST441,Hospital,Erandwane,Hospital Bed,Patient Care Equipment,14,360,5040,6120,400,97,Credit Card,Cancelled,Fair,4.5,,2026-02-22,2026-03-06,,,Cancelled,Cancelled,411040.0,,,,,,23,23,0,1,5040
REN2093,2024-04-26,CUST329,Individual Patient,Erandwane,BiPAP Machine,Respiratory Equipment,10,520,5200,7280,450,73,Credit Card,Returned,Good,4.5,2024-05-06,2024-04-24,2024-04-26,2024-05-06,2024-05-06,Completed,Not Cancelled,411052.0,BP-002,2022-07-01,2023-06-08,2023-10-06,4.1,11,6,0,0,5200
REN2094,2024-03-01,CUST355,Home Care,Bibwewadi,Suction Machine,Surgical Equipment,5,270,1350,4050,100,83,Credit Card,Returned,Good,5.0,2024-03-06,2024-02-19,2024-03-01,2024-03-06,2024-03-06,Completed,Not Cancelled,411040.0,SM-007,2025-04-15,,2025-11-08,1.3,14,12,0,0,1350
REN2095,2026-03-04,CUST382,Individual Patient,Dhankawadi,Suction Machine,Surgical Equipment,5,240,1200,4080,500,8,Bank Transfer,Returned,Excellent,4.5,2026-03-09,2026-02-21,2026-03-04,2026-03-09,2026-03-09,Completed,Not Cancelled,411046.0,SM-005,2023-02-15,2024-02-13,2025-02-12,3.5,14,9,0,0,1200
REN2096,2024-05-31,CUST391,Hospital,Shivajinagar,Suction Machine,Surgical Equipment,7,240,1680,4080,300,79,Credit Card,Returned,Good,3.5,2024-06-07,2024-05-28,2024-05-31,2024-06-07,2024-06-07,Completed,Not Cancelled,411058.0,SM-006,2024-01-04,2024-10-23,2025-02-20,2.6,14,14,0,0,1680
REN2097,2025-05-24,CUST029,Clinic,Shivajinagar,Hospital Bed,Patient Care Equipment,7,340,2380,4760,100,63,Credit Card,Returned,Excellent,5.0,2025-05-31,2025-05-16,2025-05-24,2025-05-31,2025-05-31,Completed,Not Cancelled,411028.0,HB-019,2022-04-24,2024-04-14,2025-04-14,4.3,23,22,0,0,2380
REN2098,2026-05-19,CUST074,Individual Patient,Kothrud,Wheelchair,Mobility Equipment,5,160,800,2560,100,11,Credit Card,Returned,Excellent,3.5,2026-05-24,2026-05-16,2026-05-19,2026-05-24,2026-05-24,Completed,Not Cancelled,411007.0,WC-013,2024-09-18,2026-02-24,2026-08-23,1.9,20,4,0,0,800
REN2099,2025-06-22,CUST095,Individual Patient,Baner,Wheelchair,Mobility Equipment,7,150,1050,1950,250,33,Credit Card,Returned,Good,4.5,2025-06-29,2025-06-19,2025-06-22,2025-06-29,2025-06-29,Completed,Not Cancelled,411045.0,WC-008,2024-11-30,2025-04-12,2025-07-11,1.7,20,12,0,0,1050
REN2100,2025-01-11,CUST474,Individual Patient,Pimpri,Hospital Bed,Patient Care Equipment,10,340,3400,7480,300,85,Credit Card,Returned,Good,4.5,2025-01-21,2025-01-04,2025-01-11,2025-01-21,2025-01-21,Completed,Not Cancelled,411047.0,HB-019,2022-04-24,2024-04-14,2025-04-14,4.3,23,19,0,0,3400
REN2101,2025-02-28,CUST514,Individual Patient,Wakad,Nebulizer,Respiratory Equipment,10,70,700,1120,200,20,Credit Card,Returned,Good,5.0,2025-03-10,2025-02-27,2025-02-28,2025-03-10,2025-03-10,Completed,Not Cancelled,411009.0,NB-007,2025-05-13,2025-09-25,2026-01-23,1.2,12,9,0,0,700
REN2102,2024-03-05,CUST093,Home Care,Koregaon Park,Hospital Bed,Patient Care Equipment,30,330,9900,6600,500,84,Credit Card,Cancelled,Good,4.5,,2024-03-04,2024-03-05,,,Cancelled,Cancelled,411030.0,,,,,,23,23,0,1,9900
REN2103,2026-07-05,CUST575,Clinic,Viman Nagar,BiPAP Machine,Respiratory Equipment,3,550,1650,7700,300,114,UPI,Cancelled,Excellent,3.0,,2026-06-27,2026-07-05,,,Cancelled,Cancelled,411030.0,,,,,,11,11,0,1,1650
REN2104,2024-10-16,CUST229,Clinic,Camp,Wheelchair,Mobility Equipment,7,160,1120,2400,200,9,Bank Transfer,Returned,Excellent,4.5,2024-10-23,2024-10-03,2024-10-16,2024-10-23,2024-10-23,Completed,Not Cancelled,411047.0,WC-003,2022-01-25,,2024-08-14,4.5,20,16,0,0,1120
REN2105,2024-06-30,CUST068,Individual Patient,Kharadi,Hospital Bed,Patient Care Equipment,14,340,4760,4420,450,104,UPI,Returned,Good,4.0,2024-07-14,2024-06-29,2024-06-30,2024-07-14,2024-07-14,Completed,Not Cancelled,411052.0,HB-018,2023-03-16,2025-07-16,2025-11-13,3.4,23,17,0,0,4760
REN2106,2024-09-22,CUST101,Individual Patient,Pimpri,Wheelchair,Mobility Equipment,21,140,2940,2380,300,48,Debit Card,Returned,Excellent,4.0,2024-10-13,2024-09-21,2024-09-22,2024-10-13,2024-10-13,Completed,Not Cancelled,411046.0,WC-008,2024-11-30,2025-04-12,,1.7,20,15,0,0,2940
REN2107,2026-07-02,CUST264,Home Care,Koregaon Park,Fowler Bed,Patient Care Equipment,21,470,9870,8460,500,131,Credit Card,Active,Excellent,4.5,,2026-07-01,2026-07-02,2026-07-23,,Confirmed,Not Cancelled,411027.0,FB-005,2023-12-06,2025-12-27,2026-12-27,2.7,15,7,0,0,9870
REN2108,2024-04-04,CUST293,Hospital,Bibwewadi,Suction Machine,Surgical Equipment,45,270,12150,4590,350,11,UPI,Active,Excellent,4.5,,2024-04-03,2024-04-04,2024-05-19,,Confirmed,Not Cancelled,,SM-014,2024-10-23,2025-06-25,2025-12-22,1.8,14,13,1,0,12150
REN2109,2026-04-04,CUST573,Individual Patient,Aundh,ECG Machine,Diagnostic Equipment,1,540,540,10800,500,147,Bank Transfer,Returned,Good,5.0,2026-04-05,2026-03-23,2026-04-04,2026-04-05,2026-04-05,Completed,Not Cancelled,411027.0,ECG-001,2025-06-16,2025-11-07,2026-02-05,1.1,9,6,0,0,540
REN2110,2025-10-27,CUST356,Hospital,Bibwewadi,Hospital Bed,Patient Care Equipment,3,390,1170,6240,550,45,UPI,Returned,Good,3.5,2025-10-30,2025-10-22,2025-10-27,2025-10-30,2025-10-30,Completed,Not Cancelled,411043.0,HB-015,2023-12-19,2025-01-01,,2.6,23,20,0,0,1170
REN2111,2026-02-27,CUST132,Home Care,Bibwewadi,Suction Machine,Surgical Equipment,21,270,5670,5400,100,91,Cash,Returned,Good,4.5,2026-03-20,2026-02-19,2026-02-27,2026-03-20,2026-03-20,Completed,Not Cancelled,,SM-009,2023-07-17,2026-04-30,2027-04-30,3.0,14,6,1,0,5670
REN2112,2026-07-11,CUST226,Hospital,Wakad,Commode Chair,Mobility Equipment,5,100,500,1000,150,5,Cash,Returned,Excellent,5.0,2026-07-16,2026-07-06,2026-07-11,2026-07-16,2026-07-16,Completed,Not Cancelled,411045.0,CC-009,2025-02-05,2026-03-20,2026-07-18,1.5,10,3,0,0,500
REN2113,2026-03-11,CUST378,Home Care,Vishrantwadi,Oxygen Concentrator,Respiratory Equipment,30,280,8400,3920,500,17,Debit Card,Returned,Excellent,4.5,2026-04-10,2026-02-25,2026-03-11,2026-04-10,2026-04-10,Completed,Not Cancelled,411047.0,OC-013,2023-06-29,2024-03-06,2025-03-06,3.1,16,4,0,0,8400
REN2114,2026-06-13,CUST165,Hospital,Chinchwad,Hospital Bed,Patient Care Equipment,1,330,330,6270,400,29,Credit Card,Returned,Fair,4.5,2026-06-14,2026-06-08,2026-06-13,2026-06-14,2026-06-14,Completed,Not Cancelled,411046.0,HB-003,2022-11-12,2024-06-27,2024-09-25,3.7,23,15,0,0,330
REN2115,2024-05-05,CUST106,Hospital,Wanowrie,Wheelchair,Mobility Equipment,30,160,4800,2240,200,43,Debit Card,Returned,Good,5.0,2024-06-04,2024-04-23,2024-05-05,2024-06-04,2024-06-04,Completed,Not Cancelled,411038.0,WC-003,2022-01-25,2024-05-16,2024-08-14,4.5,20,17,0,0,4800
REN2116,2026-01-23,CUST436,Home Care,Pimpri,Hospital Bed,Patient Care Equipment,5,330,1650,6270,100,79,Bank Transfer,Returned,Excellent,4.5,2026-01-28,2026-01-16,2026-01-23,2026-01-28,2026-01-28,Completed,Not Cancelled,411009.0,HB-011,2023-11-04,2025-12-22,2026-03-22,2.7,23,15,0,0,1650
REN2117,2025-06-03,CUST264,Individual Patient,Kharadi,Surgical Headlight,Surgical Equipment,5,170,850,2890,600,45,Debit Card,Active,Fair,4.5,,2025-05-22,2025-06-03,2025-06-08,,Confirmed,Not Cancelled,411058.0,SH-002,2022-07-07,2023-03-12,2023-06-10,4.1,8,6,0,0,850
REN2118,2025-06-01,CUST325,Clinic,Camp,CPAP Machine,Respiratory Equipment,7,340,2380,5440,150,49,UPI,Returned,Good,5.0,2025-06-08,2025-05-27,2025-06-01,2025-06-08,2025-06-08,Completed,Not Cancelled,411030.0,CP-007,2023-05-05,2026-04-29,2026-10-26,3.2,19,14,0,0,2380
REN2119,2026-05-04,CUST136,Hospital,Hadapsar,Fowler Bed,Patient Care Equipment,5,440,2200,7480,350,137,Debit Card,Returned,Good,3.0,2026-05-09,2026-04-23,2026-05-04,2026-05-09,2026-05-09,Completed,Not Cancelled,411052.0,FB-003,2022-09-27,2023-02-09,2023-08-08,3.8,15,11,0,0,2200
REN2120,2026-07-08,CUST374,Home Care,Wanowrie,Commode Chair,Mobility Equipment,21,90,1890,1890,200,16,Bank Transfer,Returned,Good,3.0,2026-07-29,2026-07-04,2026-07-08,2026-07-29,2026-07-29,Completed,Not Cancelled,,CC-008,2024-10-02,2026-06-23,2026-12-20,1.8,10,3,1,0,1890
REN2121,2025-10-23,CUST184,Individual Patient,Chinchwad,CPAP Machine,Respiratory Equipment,3,330,990,5940,300,24,UPI,Returned,Excellent,4.5,2025-10-26,2025-10-15,2025-10-23,2025-10-26,2025-10-26,Completed,Not Cancelled,411045.0,CP-010,2023-08-17,2024-01-18,2024-07-16,3.0,19,17,0,0,990
REN2122,2025-04-06,CUST565,Individual Patient,Camp,BiPAP Machine,Respiratory Equipment,7,510,3570,11220,450,141,Cash,Returned,Good,4.0,2025-04-13,2025-03-30,2025-04-06,2025-04-13,2025-04-13,Completed,Not Cancelled,411040.0,BP-006,2023-06-13,2023-11-02,2024-04-30,3.1,11,8,0,0,3570
REN2123,2025-03-12,CUST256,Hospital,Vishrantwadi,Hospital Bed,Patient Care Equipment,30,330,9900,3630,350,66,Bank Transfer,Returned,Good,4.0,2025-04-11,2025-03-07,2025-03-12,2025-04-11,2025-04-11,Completed,Not Cancelled,411027.0,HB-014,2025-06-29,2026-07-26,2027-07-26,1.1,23,18,0,0,9900
REN2124,2024-12-31,CUST347,Hospital,Baner,Fowler Bed,Patient Care Equipment,5,470,2350,9400,100,103,Debit Card,Returned,Good,3.5,2025-01-05,2024-12-25,2024-12-31,2025-01-05,2025-01-05,Completed,Not Cancelled,411009.0,FB-004,2022-08-26,,2026-11-03,3.9,15,13,0,0,2350
REN2125,2024-12-06,CUST228,Home Care,Hadapsar,Hospital Bed,Patient Care Equipment,10,350,3500,7350,100,54,UPI,Returned,Excellent,4.5,2024-12-16,2024-12-04,2024-12-06,2024-12-16,2024-12-16,Completed,Not Cancelled,,HB-022,2022-10-26,2023-05-17,2024-05-16,3.8,23,20,1,0,3500
REN2126,2025-01-05,CUST590,Hospital,Shivajinagar,Wheelchair,Mobility Equipment,5,160,800,3520,600,41,Credit Card,Returned,Excellent,4.5,2025-01-10,2024-12-25,2025-01-05,2025-01-10,2025-01-10,Completed,Not Cancelled,411058.0,WC-009,2024-08-16,2024-11-16,2025-11-16,2.0,20,15,0,0,800
REN2127,2024-03-31,CUST341,Hospital,Pimpri,Oxygen Concentrator,Respiratory Equipment,10,290,2900,4930,200,12,Bank Transfer,Returned,Excellent,5.0,2024-04-10,2024-03-26,2024-03-31,2024-04-10,2024-04-10,Completed,Not Cancelled,411045.0,OC-009,2024-12-24,2025-05-23,2025-11-19,1.6,16,15,0,0,2900
REN2128,2024-03-19,CUST576,Hospital,Hinjawadi,Nebulizer,Respiratory Equipment,30,80,2400,1280,300,15,UPI,Active,Fair,4.0,,2024-03-17,2024-03-19,2024-04-18,,Confirmed,Not Cancelled,411058.0,NB-012,2022-05-08,2024-10-27,2025-04-25,4.2,12,10,0,0,2400
REN2129,2026-01-07,CUST121,Home Care,Kharadi,BiPAP Machine,Respiratory Equipment,30,560,16800,9520,500,93,Bank Transfer,Returned,Excellent,4.5,2026-02-06,2025-12-30,2026-01-07,2026-02-06,2026-02-06,Completed,Not Cancelled,411015.0,BP-005,2022-02-05,,2025-01-13,4.5,11,10,0,0,16800
REN2130,2025-03-01,CUST530,Home Care,Viman Nagar,Nebulizer,Respiratory Equipment,30,80,2400,1680,550,22,Bank Transfer,Returned,Excellent,4.0,2025-03-31,2025-02-21,2025-03-01,2025-03-31,2025-03-31,Completed,Not Cancelled,411040.0,NB-001,2024-01-01,2024-11-22,2025-05-21,2.6,12,8,0,0,2400
REN2131,2026-06-02,CUST507,Individual Patient,Dhankawadi,Hospital Bed,Patient Care Equipment,5,340,1700,7140,250,39,UPI,Returned,Good,3.0,2026-06-07,2026-06-01,2026-06-02,2026-06-07,2026-06-07,Completed,Not Cancelled,411014.0,HB-005,2024-08-09,2025-01-10,2025-04-10,2.0,23,16,0,0,1700
REN2132,2025-07-30,CUST389,Home Care,Dhankawadi,Surgical Loupe,Surgical Equipment,3,210,630,4620,200,22,Bank Transfer,Cancelled,Excellent,,,2025-07-26,2025-07-30,,,Cancelled,Cancelled,411040.0,,,,,,7,7,0,1,630
REN2133,2024-02-06,CUST528,Individual Patient,Aundh,Hospital Bed,Patient Care Equipment,7,360,2520,7920,300,48,UPI,Returned,Fair,3.5,2024-02-13,2024-01-30,2024-02-06,2024-02-13,2024-02-13,Completed,Not Cancelled,411052.0,HB-010,2022-05-26,2023-11-28,2024-05-26,4.2,23,21,0,0,2520
REN2134,2024-06-01,CUST262,Home Care,Vishrantwadi,ECG Machine,Diagnostic Equipment,10,460,4600,8280,250,85,Bank Transfer,Returned,Excellent,4.5,2024-06-11,2024-05-22,2024-06-01,2024-06-11,2024-06-11,Completed,Not Cancelled,411027.0,ECG-002,2022-10-22,2024-10-03,2025-01-31,3.8,9,6,0,0,4600
REN2135,2024-07-13,CUST470,Home Care,Kothrud,Nebulizer,Respiratory Equipment,10,80,800,1040,450,8,Debit Card,Returned,Good,4.5,2024-07-23,2024-07-09,2024-07-13,2024-07-23,2024-07-23,Completed,Not Cancelled,411037.0,NB-003,2023-10-05,2025-10-07,2026-01-05,2.8,12,11,0,0,800
REN2136,2026-07-11,CUST272,Hospital,Pimpri,Suction Machine,Surgical Equipment,3,250,750,2750,450,62,Credit Card,Returned,Good,4.5,2026-07-14,2026-07-08,2026-07-11,2026-07-14,2026-07-14,Completed,Not Cancelled,411040.0,SM-001,2022-01-16,2022-11-13,2023-11-13,4.5,14,10,0,0,750
REN2137,2024-07-24,CUST171,Home Care,Erandwane,CPAP Machine,Respiratory Equipment,21,330,6930,6930,200,45,Credit Card,Returned,Good,4.5,2024-08-14,2024-07-15,2024-07-24,2024-08-14,2024-08-14,Completed,Not Cancelled,411038.0,CP-016,2023-08-18,2025-09-17,2026-01-15,3.0,19,18,0,0,6930
REN2138,2025-05-07,CUST205,Hospital,Pimpri,Commode Chair,Mobility Equipment,7,90,630,990,300,15,UPI,Active,Good,5.0,,2025-05-04,2025-05-07,2025-05-14,,Confirmed,Not Cancelled,411058.0,CC-004,2025-02-10,2026-02-10,2026-08-09,1.5,10,9,0,0,630
REN2139,2026-06-07,CUST436,Home Care,Kharadi,Nebulizer,Respiratory Equipment,21,80,1680,800,500,17,UPI,Returned,Good,3.5,2026-06-28,2026-05-27,2026-06-07,2026-06-28,2026-06-28,Completed,Not Cancelled,411037.0,NB-006,2024-09-04,2025-08-23,,1.9,12,7,0,0,1680
REN2140,2026-07-13,CUST397,Individual Patient,Koregaon Park,Wheelchair,Mobility Equipment,7,150,1050,2400,350,23,Debit Card,Returned,Good,5.0,2026-07-20,2026-07-04,2026-07-13,2026-07-20,2026-07-20,Completed,Not Cancelled,411027.0,WC-005,2022-09-10,2026-02-09,2026-06-09,3.9,20,13,0,0,1050
REN2141,2024-08-08,CUST192,Individual Patient,Kothrud,Commode Chair,Mobility Equipment,10,90,900,1710,400,23,UPI,Returned,Good,3.5,2024-08-18,2024-07-28,2024-08-08,2024-08-18,2024-08-18,Completed,Not Cancelled,411028.0,CC-002,2023-03-30,2023-10-02,2024-10-01,3.3,10,9,0,0,900
REN2142,2024-02-20,CUST186,Clinic,Chinchwad,Hospital Bed,Patient Care Equipment,21,340,7140,6460,500,82,UPI,Returned,Fair,4.5,2024-03-12,2024-02-16,2024-02-20,2024-03-12,2024-03-12,Completed,Not Cancelled,411028.0,HB-016,2023-09-12,2024-11-01,2025-11-01,2.9,23,18,0,0,7140
REN2143,2024-05-29,CUST263,Hospital,Chinchwad,Fowler Bed,Patient Care Equipment,30,460,13800,5980,450,125,UPI,Returned,Excellent,5.0,2024-06-28,2024-05-27,2024-05-29,2024-06-28,2024-06-28,Completed,Not Cancelled,411028.0,FB-002,2025-01-02,2026-02-11,2026-06-11,1.6,15,12,0,0,13800
REN2144,2024-03-05,CUST486,Individual Patient,Erandwane,Suction Machine,Surgical Equipment,21,240,5040,3840,450,47,Bank Transfer,Returned,Excellent,4.0,2024-03-26,2024-02-27,2024-03-05,2024-03-26,2024-03-26,Completed,Not Cancelled,411052.0,SM-008,2022-11-17,2026-01-26,2026-04-26,3.7,14,11,0,0,5040
REN2145,2024-07-04,CUST464,Hospital,Camp,ECG Machine,Diagnostic Equipment,30,460,13800,9660,350,68,Bank Transfer,Returned,Good,5.0,2024-08-03,2024-07-02,2024-07-04,2024-08-03,2024-08-03,Completed,Not Cancelled,411040.0,ECG-005,2022-01-24,2022-08-13,2022-12-11,4.5,9,6,0,0,13800
REN2146,2025-06-23,CUST212,Home Care,Dhankawadi,Fowler Bed,Patient Care Equipment,7,460,3220,9200,550,43,UPI,Returned,Good,4.5,2025-06-30,2025-06-20,2025-06-23,2025-06-30,2025-06-30,Completed,Not Cancelled,411030.0,FB-006,2024-01-01,2025-08-08,2025-11-06,2.6,15,12,0,0,3220
REN2147,2026-05-16,CUST250,Individual Patient,Erandwane,Wheelchair,Mobility Equipment,45,160,7200,3360,100,27,UPI,Active,Good,5.0,,2026-05-12,2026-05-16,2026-06-30,,Confirmed,Not Cancelled,411009.0,WC-006,2023-07-15,2024-01-01,2024-03-31,3.0,20,5,0,0,7200
REN2148,2025-05-26,CUST064,Home Care,Bibwewadi,Fowler Bed,Patient Care Equipment,1,460,460,9200,100,142,UPI,Returned,Excellent,3.0,2025-05-27,2025-05-21,2025-05-26,2025-05-27,2025-05-27,Completed,Not Cancelled,411058.0,FB-002,2025-01-02,2026-02-11,2026-06-11,1.6,15,14,0,0,460
REN2149,2025-08-11,CUST427,Individual Patient,Wanowrie,Wheelchair,Mobility Equipment,5,150,750,1650,450,10,UPI,Returned,Good,,2025-08-16,2025-08-07,2025-08-11,2025-08-16,2025-08-16,Completed,Not Cancelled,411014.0,WC-006,2023-07-15,2024-01-01,2024-03-31,3.0,20,15,0,0,750
REN2150,2024-07-10,CUST173,Home Care,Pimpri,Patient Monitor,Monitoring Equipment,14,560,7840,6720,400,55,UPI,Returned,Excellent,4.0,2024-07-24,2024-07-07,2024-07-10,2024-07-24,2024-07-24,Completed,Not Cancelled,411028.0,PM-009,2023-03-12,2024-08-21,2025-02-17,3.4,13,11,0,0,7840
REN2151,2026-01-28,CUST593,Clinic,Kharadi,Fowler Bed,Patient Care Equipment,7,470,3290,5640,250,114,Bank Transfer,Returned,Good,3.0,2026-02-04,2026-01-25,2026-01-28,2026-02-04,2026-02-04,Completed,Not Cancelled,411045.0,FB-003,2022-09-27,2023-02-09,2023-08-08,3.8,15,14,0,0,3290
REN2152,2025-08-04,CUST109,Individual Patient,Wanowrie,Commode Chair,Mobility Equipment,21,90,1890,990,400,19,Credit Card,Returned,Good,4.5,2025-08-25,2025-07-27,2025-08-04,2025-08-25,2025-08-25,Completed,Not Cancelled,411007.0,CC-008,2024-10-02,,2026-12-20,1.8,10,8,0,0,1890
REN2153,2026-04-01,CUST323,Individual Patient,Koregaon Park,Wheelchair,Mobility Equipment,1,160,160,3360,150,52,UPI,Returned,Good,5.0,2026-04-02,2026-03-29,2026-04-01,2026-04-02,2026-04-02,Completed,Not Cancelled,411028.0,WC-020,2023-01-10,2024-02-15,2024-06-14,3.6,20,6,0,0,160
REN2154,2026-06-18,CUST212,Individual Patient,Baner,Wheelchair,Mobility Equipment,21,160,3360,3040,400,6,Credit Card,Active,Good,4.5,,2026-06-10,2026-06-18,2026-07-09,,Confirmed,Not Cancelled,411058.0,WC-019,2023-12-24,2026-05-27,2026-08-25,2.6,20,11,0,0,3360
REN2155,2024-11-22,CUST542,Home Care,Koregaon Park,Fowler Bed,Patient Care Equipment,5,440,2200,9240,250,137,Bank Transfer,Returned,Good,4.5,2024-11-27,2024-11-13,2024-11-22,2024-11-27,2024-11-27,Completed,Not Cancelled,411007.0,FB-003,2022-09-27,2023-02-09,2023-08-08,3.8,15,13,0,0,2200
REN2156,2024-04-01,CUST255,Home Care,Wanowrie,Hospital Bed,Patient Care Equipment,14,360,5040,5040,400,94,UPI,Returned,Excellent,5.0,2024-04-15,2024-03-24,2024-04-01,2024-04-15,2024-04-15,Completed,Not Cancelled,411015.0,HB-013,2025-05-03,2025-11-16,2026-03-16,1.2,23,18,0,0,5040
REN2157,2024-07-30,CUST062,Clinic,Kharadi,Wheelchair,Mobility Equipment,10,150,1500,3300,250,42,UPI,Returned,Good,4.5,2024-08-09,2024-07-18,2024-07-30,2024-08-09,2024-08-09,Completed,Not Cancelled,411008.0,WC-004,2024-04-11,2025-03-19,2025-07-17,2.3,20,18,0,0,1500
REN2158,2025-02-21,CUST460,Clinic,Aundh,Oxygen Concentrator,Respiratory Equipment,5,280,1400,6160,450,42,Bank Transfer,Returned,Good,4.0,2025-02-26,2025-02-08,2025-02-21,2025-02-26,2025-02-26,Completed,Not Cancelled,411045.0,OC-011,2023-11-25,2025-04-03,2025-07-02,2.7,16,15,0,0,1400
REN2159,2026-06-15,CUST572,Home Care,Vishrantwadi,Fowler Bed,Patient Care Equipment,14,470,6580,5170,150,60,UPI,Returned,Good,5.0,2026-06-29,2026-06-13,2026-06-15,2026-06-29,2026-06-29,Completed,Not Cancelled,411007.0,FB-004,2022-08-26,2025-11-03,2026-11-03,3.9,15,11,0,0,6580
REN2160,2024-12-23,CUST154,Hospital,Shivajinagar,Oxygen Concentrator,Respiratory Equipment,14,270,3780,5670,550,9,Bank Transfer,Returned,Fair,4.5,2025-01-06,2024-12-19,2024-12-23,2025-01-06,2025-01-06,Completed,Not Cancelled,411007.0,OC-016,2022-05-08,2026-06-18,2026-09-16,4.2,16,14,0,0,3780
REN2161,2025-12-29,CUST154,Individual Patient,Aundh,Patient Monitor,Monitoring Equipment,14,580,8120,6380,350,164,Bank Transfer,Returned,Excellent,4.0,2026-01-12,2025-12-20,2025-12-29,2026-01-12,2026-01-12,Completed,Not Cancelled,411038.0,PM-004,2025-02-22,2025-11-29,2026-03-29,1.4,13,11,0,0,8120
REN2162,2025-05-29,CUST152,Home Care,Vishrantwadi,Infusion Pump,Critical Care Equipment,7,320,2240,4800,200,26,Debit Card,Active,Excellent,4.5,,2025-05-20,2025-05-29,2025-06-05,,Confirmed,Not Cancelled,411046.0,IP-009,2024-05-29,2025-01-24,2026-01-24,2.2,10,9,0,0,2240
REN2163,2024-06-24,CUST582,Individual Patient,Vishrantwadi,Patient Monitor,Monitoring Equipment,30,680,20400,8160,600,70,UPI,Returned,Good,4.0,2024-07-24,2024-06-23,2024-06-24,2024-07-24,2024-07-24,Completed,Not Cancelled,411057.0,PM-011,2023-07-09,2025-11-09,2026-03-09,3.1,13,9,0,0,20400
REN2164,2024-10-26,CUST119,Home Care,Camp,Oxygen Concentrator,Respiratory Equipment,5,270,1350,4590,150,32,UPI,Returned,Fair,5.0,2024-10-31,2024-10-13,2024-10-26,2024-10-31,2024-10-31,Completed,Not Cancelled,411015.0,OC-016,2022-05-08,2026-06-18,2026-09-16,4.2,16,11,0,0,1350
REN2165,2025-09-04,CUST128,Home Care,Vishrantwadi,Hospital Bed,Patient Care Equipment,5,360,1800,3600,350,111,Debit Card,Returned,Good,4.0,2025-09-09,2025-08-25,2025-09-04,2025-09-09,2025-09-09,Completed,Not Cancelled,411042.0,HB-005,2024-08-09,2025-01-10,2025-04-10,2.0,23,18,0,0,1800
REN2166,2025-09-23,CUST145,Hospital,Wakad,Wheelchair,Mobility Equipment,3,160,480,3360,100,20,Credit Card,Returned,Excellent,4.5,2025-09-26,2025-09-12,2025-09-23,2025-09-26,2025-09-26,Completed,Not Cancelled,411048.0,WC-020,2023-01-10,2024-02-15,2024-06-14,3.6,20,16,0,0,480
REN2167,2025-02-18,CUST104,Home Care,Hadapsar,Patient Monitor,Monitoring Equipment,1,650,650,10400,550,108,UPI,Active,Excellent,4.5,,2025-02-16,2025-02-18,2025-02-19,,Confirmed,Not Cancelled,411046.0,PM-012,2023-12-20,2024-10-07,2025-02-04,2.6,13,12,0,0,650
REN2168,2024-08-02,CUST265,Clinic,Wakad,BiPAP Machine,Respiratory Equipment,30,560,16800,11760,150,151,Credit Card,Returned,Good,5.0,2024-09-01,2024-07-27,2024-08-02,2024-09-01,2024-09-01,Completed,Not Cancelled,411058.0,BP-009,2022-03-07,2025-12-31,2026-06-29,4.4,11,10,0,0,16800
REN2169,2025-11-10,CUST278,Hospital,Shivajinagar,Hospital Bed,Patient Care Equipment,3,380,1140,5700,200,120,UPI,Returned,Good,4.5,2025-11-13,2025-11-05,2025-11-10,2025-11-13,2025-11-13,Completed,Not Cancelled,411008.0,HB-012,2022-06-28,2023-10-26,2024-02-23,4.1,23,20,0,0,1140
REN2170,2024-06-11,CUST345,Clinic,Hadapsar,Wheelchair,Mobility Equipment,30,150,4500,2550,450,42,Bank Transfer,Returned,Good,5.0,2024-07-11,2024-06-07,2024-06-11,2024-07-11,2024-07-11,Completed,Not Cancelled,411007.0,WC-011,2024-06-14,2024-10-17,2025-04-15,2.1,20,11,0,0,4500
REN2171,2026-06-07,CUST393,Hospital,Erandwane,Oxygen Concentrator,Respiratory Equipment,30,270,8100,5130,550,54,Cash,Returned,Good,4.5,2026-07-07,2026-06-04,2026-06-07,2026-07-07,2026-07-07,Completed,Not Cancelled,411045.0,OC-006,2024-06-08,2024-10-26,2025-04-24,2.1,16,11,0,0,8100
REN2172,2024-06-28,CUST423,Clinic,Pimpri,Oxygen Concentrator,Respiratory Equipment,3,280,840,6160,300,9,Bank Transfer,Returned,Good,3.0,2024-07-01,2024-06-26,2024-06-28,2024-07-01,2024-07-01,Completed,Not Cancelled,411030.0,OC-012,2022-09-21,2025-04-21,2025-10-18,3.9,16,11,0,0,840
REN2173,2024-04-16,CUST261,Individual Patient,Erandwane,Ventilator,Critical Care Equipment,10,1030,10300,14420,200,83,Credit Card,Active,Good,4.5,,2024-04-05,2024-04-16,2024-04-26,,Confirmed,Not Cancelled,411046.0,VT-008,2025-06-28,2025-09-10,2026-03-09,1.1,8,7,0,0,10300
REN2174,2025-04-20,CUST326,Individual Patient,Dhankawadi,Wheelchair,Mobility Equipment,10,160,1600,2560,250,18,Cash,Returned,Good,4.5,2025-04-30,2025-04-14,2025-04-20,2025-04-30,2025-04-30,Completed,Not Cancelled,411046.0,WC-004,2024-04-11,,2025-07-17,2.3,20,17,0,0,1600
REN2175,2025-05-10,CUST351,Individual Patient,Chinchwad,Hospital Bed,Patient Care Equipment,10,340,3400,4760,600,55,Bank Transfer,Returned,Excellent,3.5,2025-05-20,2025-05-03,2025-05-10,2025-05-20,2025-05-20,Completed,Not Cancelled,411037.0,HB-016,2023-09-12,2024-11-01,2025-11-01,2.9,23,21,0,0,3400
REN2176,2025-04-30,CUST247,Clinic,Hinjawadi,Oxygen Concentrator,Respiratory Equipment,5,290,1450,2900,600,42,UPI,Returned,Good,4.5,2025-05-05,2025-04-27,2025-04-30,2025-05-05,2025-05-05,Completed,Not Cancelled,411058.0,OC-016,2022-05-08,2026-06-18,2026-09-16,4.2,16,10,0,0,1450
REN2177,2025-02-20,CUST438,Home Care,Pimpri,Wheelchair,Mobility Equipment,7,140,980,2940,150,27,Bank Transfer,Returned,Excellent,3.5,2025-02-27,2025-02-08,2025-02-20,2025-02-27,2025-02-27,Completed,Not Cancelled,411052.0,WC-006,2023-07-15,2024-01-01,2024-03-31,3.0,20,17,0,0,980
REN2178,2026-07-27,CUST256,Individual Patient,Erandwane,Hospital Bed,Patient Care Equipment,5,350,1750,5950,550,57,UPI,Returned,Good,5.0,2026-08-01,2026-07-15,2026-07-27,2026-08-01,2026-08-01,Completed,Not Cancelled,411030.0,HB-017,2022-03-17,2026-02-27,2026-08-26,4.4,23,16,0,0,1750
REN2179,2025-04-09,CUST328,Hospital,Chinchwad,CPAP Machine,Respiratory Equipment,5,350,1750,4900,550,92,UPI,Returned,Good,4.5,2025-04-14,2025-04-01,2025-04-09,2025-04-14,2025-04-14,Completed,Not Cancelled,411007.0,CP-003,2024-07-28,2025-08-19,2026-02-15,2.0,19,17,0,0,1750
REN2180,2025-04-02,CUST397,Individual Patient,Pimpri,Oxygen Concentrator,Respiratory Equipment,10,290,2900,5800,350,14,Credit Card,Returned,Good,4.0,2025-04-12,2025-03-29,2025-04-02,2025-04-12,2025-04-12,Completed,Not Cancelled,411058.0,OC-009,2024-12-24,2025-05-23,2025-11-19,1.6,16,9,0,0,2900
REN2181,2025-02-05,CUST030,Clinic,Dhankawadi,Hospital Bed,Patient Care Equipment,10,370,3700,7400,200,129,UPI,Returned,Fair,4.5,2025-02-15,2025-02-02,2025-02-05,2025-02-15,2025-02-15,Completed,Not Cancelled,411058.0,HB-004,2025-03-24,2026-06-21,2026-12-18,1.4,23,19,0,0,3700
REN2182,2024-03-08,CUST504,Individual Patient,Koregaon Park,Suction Machine,Surgical Equipment,14,270,3780,5940,350,81,UPI,Active,Good,5.0,,2024-03-01,2024-03-08,2024-03-22,,Confirmed,Not Cancelled,411052.0,SM-009,2023-07-17,2026-04-30,2027-04-30,3.0,14,12,0,0,3780
REN2183,2025-07-14,CUST369,Home Care,Pimpri,Fowler Bed,Patient Care Equipment,5,470,2350,7050,500,64,Credit Card,Returned,Excellent,5.0,2025-07-19,2025-07-04,2025-07-14,2025-07-19,2025-07-19,Completed,Not Cancelled,411008.0,FB-007,2022-07-03,2023-06-21,2023-10-19,4.1,15,13,0,0,2350
REN2184,2024-08-01,CUST206,Individual Patient,Shivajinagar,Hospital Bed,Patient Care Equipment,5,350,1750,3850,200,55,UPI,Returned,Excellent,5.0,2024-08-06,2024-07-19,2024-08-01,2024-08-06,2024-08-06,Completed,Not Cancelled,411046.0,HB-005,2024-08-09,2025-01-10,2025-04-10,2.0,23,18,0,0,1750
REN2185,2025-08-21,CUST203,Individual Patient,Kothrud,Infusion Pump,Critical Care Equipment,30,310,9300,4960,250,105,Credit Card,Returned,Excellent,5.0,2025-09-20,2025-08-20,2025-08-21,2025-09-20,2025-09-20,Completed,Not Cancelled,411058.0,IP-006,2025-03-23,2025-07-23,2025-11-20,1.4,10,6,0,0,9300
REN2186,2024-02-21,CUST502,Home Care,Camp,Oxygen Concentrator,Respiratory Equipment,5,270,1350,4050,350,89,UPI,Returned,Good,4.0,2024-02-26,2024-02-17,2024-02-21,2024-02-26,2024-02-26,Completed,Not Cancelled,411030.0,OC-014,2025-02-15,2026-03-30,2026-09-26,1.5,16,13,0,0,1350
REN2187,2026-07-16,CUST121,Home Care,Kharadi,Ventilator,Critical Care Equipment,14,1080,15120,12960,100,168,Bank Transfer,Returned,Good,4.5,2026-07-30,2026-07-12,2026-07-16,2026-07-30,2026-07-30,Completed,Not Cancelled,411047.0,VT-001,2024-10-29,2025-06-25,2025-10-23,1.8,8,6,0,0,15120
REN2188,2025-03-24,CUST324,Home Care,Dhankawadi,Walker,Mobility Equipment,14,70,980,1190,300,3,Debit Card,Returned,Good,4.5,2025-04-07,2025-03-20,2025-03-24,2025-04-07,2025-04-07,Completed,Not Cancelled,411040.0,WK-003,2024-07-22,2024-11-09,2025-05-08,2.0,7,5,0,0,980
REN2189,2026-05-02,CUST241,Hospital,Pimpri,CPAP Machine,Respiratory Equipment,10,370,3700,5550,150,128,UPI,Returned,Excellent,5.0,2026-05-12,2026-04-24,2026-05-02,2026-05-12,2026-05-12,Completed,Not Cancelled,411038.0,CP-007,2023-05-05,2026-04-29,2026-10-26,3.2,19,14,0,0,3700
REN2190,2025-03-30,CUST020,Clinic,Bibwewadi,Wheelchair,Mobility Equipment,7,140,980,2940,100,33,Bank Transfer,Returned,Excellent,3.5,2025-04-06,2025-03-24,2025-03-30,2025-04-06,2025-04-06,Completed,Not Cancelled,411046.0,WC-011,2024-06-14,2024-10-17,2025-04-15,2.1,20,16,0,0,980
REN2191,2024-03-02,CUST300,Individual Patient,Hinjawadi,ECG Machine,Diagnostic Equipment,10,550,5500,5500,300,138,UPI,Returned,Excellent,4.5,2024-03-12,2024-02-20,2024-03-02,2024-03-12,2024-03-12,Completed,Not Cancelled,411042.0,ECG-008,2022-02-10,2023-09-04,2024-09-03,4.5,9,8,0,0,5500
REN2192,2026-02-19,CUST142,Home Care,Kharadi,Oxygen Concentrator,Respiratory Equipment,10,260,2600,4940,500,31,UPI,Active,Good,4.0,,2026-02-16,2026-02-19,2026-03-01,,Confirmed,Not Cancelled,411045.0,OC-016,2022-05-08,2026-06-18,2026-09-16,4.2,16,12,0,0,2600
REN2193,2025-08-31,CUST100,Individual Patient,Erandwane,Wheelchair,Mobility Equipment,1,140,140,2380,600,41,UPI,Returned,Excellent,5.0,2025-09-01,2025-08-27,2025-08-31,2025-09-01,2025-09-01,Completed,Not Cancelled,,WC-016,2024-07-04,2025-08-17,2025-12-15,2.1,20,18,1,0,140
REN2194,2026-01-09,CUST150,Clinic,Aundh,Patient Monitor,Monitoring Equipment,3,580,1740,7540,300,121,UPI,Returned,Excellent,4.0,2026-01-12,2026-01-03,2026-01-09,2026-01-12,2026-01-12,Completed,Not Cancelled,411027.0,PM-008,2023-02-24,2024-12-23,2025-06-21,3.4,13,10,0,0,1740
REN2195,2025-02-11,CUST579,Hospital,Viman Nagar,Fowler Bed,Patient Care Equipment,14,430,6020,6020,500,78,UPI,Returned,Fair,5.0,2025-02-25,2025-02-01,2025-02-11,2025-02-25,2025-02-25,Completed,Not Cancelled,411043.0,FB-011,2022-05-13,2023-03-15,2023-06-13,4.2,15,12,0,0,6020
REN2196,2025-08-22,CUST598,Home Care,Shivajinagar,ECG Machine,Diagnostic Equipment,5,540,2700,11340,200,144,Bank Transfer,Returned,Excellent,5.0,2025-08-27,2025-08-12,2025-08-22,2025-08-27,2025-08-27,Completed,Not Cancelled,411042.0,ECG-002,2022-10-22,2024-10-03,2025-01-31,3.8,9,7,0,0,2700
REN2197,2026-03-25,CUST262,Home Care,Koregaon Park,Nebulizer,Respiratory Equipment,30,80,2400,1120,450,12,Bank Transfer,Returned,Good,4.0,2026-04-24,2026-03-15,2026-03-25,2026-04-24,2026-04-24,Completed,Not Cancelled,411030.0,NB-010,2024-09-03,2026-05-18,2027-05-18,1.9,12,3,0,0,2400
REN2198,2025-08-16,CUST219,Clinic,Aundh,Infusion Pump,Critical Care Equipment,7,330,2310,5940,450,55,Cash,Returned,Excellent,5.0,2025-08-23,2025-08-10,2025-08-16,2025-08-23,2025-08-23,Completed,Not Cancelled,411048.0,IP-008,2023-06-01,2023-09-22,2024-01-20,3.2,10,9,0,0,2310
REN2199,2024-11-22,CUST341,Clinic,Shivajinagar,Nebulizer,Respiratory Equipment,1,80,80,1280,250,19,Cash,Returned,Excellent,4.0,2024-11-23,2024-11-19,2024-11-22,2024-11-23,2024-11-23,Completed,Not Cancelled,411028.0,NB-012,2022-05-08,2024-10-27,2025-04-25,4.2,12,11,0,0,80
REN2200,2025-09-13,CUST472,Home Care,Dhankawadi,Suction Machine,Surgical Equipment,10,250,2500,5250,300,59,Credit Card,Returned,Good,,2025-09-23,2025-09-05,2025-09-13,2025-09-23,2025-09-23,Completed,Not Cancelled,411038.0,SM-012,2022-09-12,2025-07-02,2025-12-29,3.9,14,12,0,0,2500
REN2201,2025-09-22,CUST132,Clinic,Dhankawadi,Fowler Bed,Patient Care Equipment,14,450,6300,8100,450,153,UPI,Returned,Good,4.0,2025-10-06,2025-09-09,2025-09-22,2025-10-06,2025-10-06,Completed,Not Cancelled,411028.0,FB-001,2023-08-15,2025-12-12,2026-06-10,3.0,15,11,0,0,6300
REN2202,2026-06-28,CUST482,Home Care,Kothrud,Surgical Loupe,Surgical Equipment,7,230,1610,4600,250,48,UPI,Returned,Good,4.5,2026-07-05,2026-06-25,2026-06-28,2026-07-05,2026-07-05,Completed,Not Cancelled,411042.0,SL-003,2025-07-17,2026-01-20,2027-01-20,1.0,7,7,0,0,1610
REN2203,2024-12-15,CUST295,Home Care,Koregaon Park,Ventilator,Critical Care Equipment,42,980,20580,20580,400,130,Credit Card,Returned,Good,4.0,2025-01-05,2024-12-13,2024-12-15,2025-01-05,2025-01-05,Completed,Not Cancelled,411042.0,VT-004,2023-09-08,2024-10-14,,2.9,8,8,0,0,41160
REN2204,2025-02-08,CUST214,Hospital,Viman Nagar,ECG Machine,Diagnostic Equipment,45,480,21600,5280,200,59,Debit Card,Returned,Excellent,5.0,2025-03-25,2025-02-07,2025-02-08,2025-03-25,2025-03-25,Completed,Not Cancelled,411028.0,ECG-005,2022-01-24,2022-08-13,,4.5,9,6,0,0,21600
REN2205,2026-02-09,CUST377,Individual Patient,Bibwewadi,Commode Chair,Mobility Equipment,21,90,1890,1800,350,18,UPI,Returned,Good,5.0,2026-03-02,2026-02-01,2026-02-09,2026-03-02,2026-03-02,Completed,Not Cancelled,411047.0,CC-007,2024-03-04,2024-05-09,2024-08-07,2.4,10,7,0,0,1890
REN2206,2025-04-28,CUST032,Individual Patient,Chinchwad,Patient Monitor,Monitoring Equipment,7,670,4690,14740,100,46,UPI,Returned,Excellent,4.5,2025-05-05,2025-04-22,2025-04-28,2025-05-05,2025-05-05,Completed,Not Cancelled,411014.0,PM-008,2023-02-24,2024-12-23,2025-06-21,3.4,13,11,0,0,4690
REN2207,2025-11-25,CUST250,Clinic,Viman Nagar,Oxygen Concentrator,Respiratory Equipment,30,300,9000,3000,300,65,Credit Card,Returned,Good,3.0,2025-12-25,2025-11-23,2025-11-25,2025-12-25,2025-12-25,Completed,Not Cancelled,411047.0,OC-004,2025-03-27,2026-06-20,2026-12-17,1.3,16,15,0,0,9000
REN2208,2025-03-15,CUST184,Clinic,Hinjawadi,Infusion Pump,Critical Care Equipment,7,360,2520,5400,350,56,Debit Card,Returned,Excellent,,2025-03-22,2025-03-13,2025-03-15,2025-03-22,2025-03-22,Completed,Not Cancelled,411008.0,IP-001,2025-02-21,2026-06-24,2026-09-22,1.4,10,8,0,0,2520
REN2209,2024-07-22,CUST376,Home Care,Kharadi,Hospital Bed,Patient Care Equipment,5,360,1800,4680,550,51,Credit Card,Returned,Excellent,,2024-07-27,2024-07-14,2024-07-22,2024-07-27,2024-07-27,Completed,Not Cancelled,411027.0,HB-022,2022-10-26,2023-05-17,2024-05-16,3.8,23,17,0,0,1800
REN2210,2025-12-03,CUST388,Hospital,Camp,Wheelchair,Mobility Equipment,3,150,450,3300,300,14,Bank Transfer,Returned,Excellent,5.0,2025-12-06,2025-11-28,2025-12-03,2025-12-06,2025-12-06,Completed,Not Cancelled,411037.0,WC-015,2022-05-31,2025-11-16,2026-11-16,4.2,20,13,0,0,450
REN2211,2024-05-08,CUST143,Hospital,Chinchwad,CPAP Machine,Respiratory Equipment,45,360,16200,5040,100,68,Credit Card,Returned,Good,4.5,2024-06-22,2024-05-05,2024-05-08,2024-06-22,2024-06-22,Completed,Not Cancelled,411037.0,CP-019,2023-08-01,2024-08-24,2025-08-24,3.0,19,12,0,0,16200
REN2212,2024-07-07,CUST427,Individual Patient,Shivajinagar,Patient Monitor,Monitoring Equipment,5,620,3100,7440,100,26,UPI,Returned,Fair,5.0,2024-07-12,2024-06-30,2024-07-07,2024-07-12,2024-07-12,Completed,Not Cancelled,411043.0,PM-012,2023-12-20,2024-10-07,2025-02-04,2.6,13,12,0,0,3100
REN2213,2025-08-12,CUST548,Diagnostic Center,Wakad,Patient Monitor,Monitoring Equipment,10,600,6000,6600,350,135,Credit Card,Returned,Good,5.0,2025-08-22,2025-08-11,2025-08-12,2025-08-22,2025-08-22,Completed,Not Cancelled,411057.0,PM-011,2023-07-09,2025-11-09,2026-03-09,3.1,13,11,0,0,6000
REN2214,2025-12-05,CUST166,Hospital,Kharadi,Wheelchair,Mobility Equipment,7,150,1050,3000,500,18,Bank Transfer,Returned,Excellent,,2025-12-12,2025-12-04,2025-12-05,2025-12-12,2025-12-12,Completed,Not Cancelled,411047.0,WC-012,2025-04-29,2026-05-02,2027-05-02,1.3,20,11,0,0,1050
REN2215,2026-04-30,CUST199,Home Care,Erandwane,Hospital Bed,Patient Care Equipment,5,360,1800,3600,550,115,Bank Transfer,Returned,Good,4.5,2026-05-05,2026-04-27,2026-04-30,2026-05-05,2026-05-05,Completed,Not Cancelled,411040.0,HB-010,2022-05-26,2023-11-28,2024-05-26,4.2,23,11,0,0,1800
REN2216,2024-09-10,CUST536,Home Care,Shivajinagar,Wheelchair,Mobility Equipment,14,140,1960,1820,500,28,Credit Card,Returned,Good,5.0,2024-09-24,2024-09-07,2024-09-10,2024-09-24,2024-09-24,Completed,Not Cancelled,411008.0,WC-001,2024-04-30,2025-08-24,2025-11-22,2.3,20,16,0,0,1960
REN2217,2024-04-19,CUST177,Clinic,Kharadi,Oxygen Concentrator,Respiratory Equipment,21,300,6300,5100,250,84,UPI,Returned,Excellent,4.5,2024-05-10,2024-04-17,2024-04-19,2024-05-10,2024-05-10,Completed,Not Cancelled,411058.0,OC-014,2025-02-15,2026-03-30,2026-09-26,1.5,16,13,0,0,6300
REN2218,2026-06-24,CUST274,Diagnostic Center,Koregaon Park,Hospital Bed,Patient Care Equipment,14,330,4620,3300,350,100,UPI,Active,Good,3.5,,2026-06-22,2026-06-24,2026-07-08,,Confirmed,Not Cancelled,411028.0,HB-015,2023-12-19,,2025-04-01,2.6,23,14,0,0,4620
REN2219,2024-05-29,CUST105,Home Care,Shivajinagar,BiPAP Machine,Respiratory Equipment,3,520,1560,6240,550,162,UPI,Cancelled,Good,5.0,,2024-05-27,2024-05-29,,,Cancelled,Cancelled,411043.0,,,,,,11,11,0,1,1560
REN2220,2024-07-07,CUST180,Home Care,Wanowrie,Wheelchair,Mobility Equipment,7,160,1120,3520,550,49,UPI,Returned,Good,5.0,2024-07-14,2024-06-29,2024-07-07,2024-07-14,2024-07-14,Completed,Not Cancelled,411048.0,WC-016,2024-07-04,2025-08-17,2025-12-15,2.1,20,13,0,0,1120
REN2221,2024-09-27,CUST186,Hospital,Viman Nagar,Oxygen Concentrator,Respiratory Equipment,10,290,2900,4350,300,30,UPI,Returned,Good,5.0,2024-10-07,2024-09-17,2024-09-27,2024-10-07,2024-10-07,Completed,Not Cancelled,411045.0,OC-007,2022-03-01,2024-09-16,2025-01-14,4.4,16,11,0,0,2900
REN2222,2025-05-19,CUST350,Home Care,Hadapsar,Oxygen Concentrator,Respiratory Equipment,7,405,1890,3510,350,34,Bank Transfer,Returned,Fair,5.0,2025-05-26,2025-05-17,2025-05-19,2025-05-26,2025-05-26,Completed,Not Cancelled,411009.0,OC-012,2022-09-21,2025-04-21,2025-10-18,3.9,16,11,0,0,2835
REN2223,2026-04-19,CUST258,Home Care,Baner,Fowler Bed,Patient Care Equipment,5,470,2350,9870,100,121,Bank Transfer,Returned,Excellent,5.0,2026-04-24,2026-04-12,2026-04-19,2026-04-24,2026-04-24,Completed,Not Cancelled,411027.0,FB-009,2024-02-22,2025-12-15,2026-12-15,2.4,15,11,0,0,2350
REN2224,2025-12-18,CUST171,Clinic,Erandwane,Infusion Pump,Critical Care Equipment,10,320,3200,3520,150,65,Bank Transfer,Returned,Good,4.5,2025-12-28,2025-12-15,2025-12-18,2025-12-28,2025-12-28,Completed,Not Cancelled,411058.0,IP-007,2023-02-08,2024-04-26,2024-08-24,3.5,10,10,0,0,3200
REN2225,2025-10-27,CUST178,Clinic,Wanowrie,Wheelchair,Mobility Equipment,3,130,390,1690,350,29,Bank Transfer,Returned,Excellent,4.0,2025-10-30,2025-10-16,2025-10-27,2025-10-30,2025-10-30,Completed,Not Cancelled,411047.0,WC-019,2023-12-24,2026-05-27,2026-08-25,2.6,20,17,0,0,390
REN2226,2024-06-17,CUST518,Clinic,Camp,Oxygen Concentrator,Respiratory Equipment,1,290,290,6090,350,72,Cash,Returned,Excellent,5.0,2024-06-18,2024-06-14,2024-06-17,2024-06-18,2024-06-18,Completed,Not Cancelled,411043.0,OC-014,2025-02-15,2026-03-30,2026-09-26,1.5,16,11,0,0,290
REN2227,2024-12-02,CUST504,Hospital,Pimpri,BiPAP Machine,Respiratory Equipment,5,480,2400,9120,400,32,Cash,Returned,Excellent,3.5,2024-12-07,2024-11-30,2024-12-02,2024-12-07,2024-12-07,Completed,Not Cancelled,411037.0,BP-001,2024-10-27,2025-12-27,2026-03-27,1.8,11,8,0,0,2400
REN2228,2025-04-02,CUST284,Individual Patient,Bibwewadi,Hospital Bed,Patient Care Equipment,10,330,3300,4950,250,28,UPI,Returned,Good,5.0,2025-04-12,2025-03-28,2025-04-02,2025-04-12,2025-04-12,Completed,Not Cancelled,411057.0,HB-010,2022-05-26,2023-11-28,2024-05-26,4.2,23,20,0,0,3300
REN2229,2024-05-23,CUST389,Clinic,Kothrud,ECG Machine,Diagnostic Equipment,21,520,10920,11440,200,122,UPI,Returned,Good,4.5,2024-06-13,2024-05-21,2024-05-23,2024-06-13,2024-06-13,Completed,Not Cancelled,411046.0,ECG-009,2024-04-18,2026-03-30,2026-09-26,2.3,9,7,0,0,10920
REN2230,2024-09-10,CUST577,Home Care,Hinjawadi,Ventilator,Critical Care Equipment,7,1020,7140,17340,300,235,UPI,Returned,Good,4.5,2024-09-17,2024-09-08,2024-09-10,2024-09-17,2024-09-17,Completed,Not Cancelled,411046.0,VT-001,2024-10-29,2025-06-25,2025-10-23,1.8,8,7,0,0,7140
REN2231,2024-10-14,CUST013,Home Care,Vishrantwadi,Suction Machine,Surgical Equipment,21,260,5460,4940,550,76,Debit Card,Returned,Excellent,5.0,2024-11-04,2024-10-10,2024-10-14,2024-11-04,2024-11-04,Completed,Not Cancelled,411057.0,SM-010,2024-01-18,2026-06-17,2026-12-14,2.5,14,14,0,0,5460
REN2232,2024-05-05,CUST438,Clinic,Dhankawadi,Ventilator,Critical Care Equipment,1,980,980,21560,600,247,UPI,Returned,Excellent,5.0,2024-05-06,2024-04-27,2024-05-05,2024-05-06,2024-05-06,Completed,Not Cancelled,411058.0,VT-001,2024-10-29,2025-06-25,2025-10-23,1.8,8,8,0,0,980
REN2233,2025-06-07,CUST415,Hospital,Koregaon Park,CPAP Machine,Respiratory Equipment,21,380,7980,6080,100,37,UPI,Returned,Excellent,4.0,2025-06-28,2025-06-05,2025-06-07,2025-06-28,2025-06-28,Completed,Not Cancelled,411052.0,CP-014,2024-05-28,2026-03-24,2027-03-24,2.2,19,17,0,0,7980
REN2234,2025-10-24,CUST480,Clinic,Kharadi,CPAP Machine,Respiratory Equipment,10,320,3200,5120,250,17,Credit Card,Active,Good,4.5,,2025-10-21,2025-10-24,2025-11-03,,Confirmed,Not Cancelled,411045.0,CP-008,2024-06-15,2025-04-22,2025-08-20,2.1,19,16,0,0,3200
REN2235,2024-03-11,CUST118,Home Care,Kothrud,Hospital Bed,Patient Care Equipment,30,380,11400,6840,350,59,Credit Card,Returned,Excellent,4.0,2024-04-10,2024-03-01,2024-03-11,2024-04-10,2024-04-10,Completed,Not Cancelled,411015.0,HB-005,2024-08-09,2025-01-10,2025-04-10,2.0,23,15,0,0,11400
REN2236,2025-04-04,CUST153,Diagnostic Center,Hinjawadi,Hospital Bed,Patient Care Equipment,10,340,3400,3400,200,51,Credit Card,Returned,Good,3.5,2025-04-14,2025-04-01,2025-04-04,2025-04-14,2025-04-14,Completed,Not Cancelled,411027.0,HB-003,2022-11-12,2024-06-27,2024-09-25,3.7,23,19,0,0,3400
REN2237,2026-01-09,CUST224,Hospital,Wanowrie,Wheelchair,Mobility Equipment,3,160,480,2400,250,44,Bank Transfer,Returned,Excellent,4.5,2026-01-12,2026-01-07,2026-01-09,2026-01-12,2026-01-12,Completed,Not Cancelled,411014.0,WC-003,2022-01-25,,2024-08-14,4.5,20,12,0,0,480
REN2238,2025-12-06,CUST460,Hospital,Kharadi,Fowler Bed,Patient Care Equipment,45,420,18900,7560,150,103,Credit Card,Active,Good,5.0,,2025-11-30,2025-12-06,2026-01-20,,Confirmed,Not Cancelled,411048.0,FB-009,2024-02-22,2025-12-15,2026-12-15,2.4,15,13,0,0,18900
REN2239,2026-02-12,CUST323,Clinic,Wanowrie,Fowler Bed,Patient Care Equipment,7,470,3290,6580,350,145,Debit Card,Returned,Excellent,5.0,2026-02-19,2026-02-11,2026-02-12,2026-02-19,2026-02-19,Completed,Not Cancelled,411028.0,FB-010,2025-01-27,2025-09-11,2026-03-10,1.5,15,11,0,0,3290
REN2240,2025-03-04,CUST400,Individual Patient,Hinjawadi,Wheelchair,Mobility Equipment,30,140,4200,2660,550,27,UPI,Returned,Fair,4.5,2025-04-03,2025-02-22,2025-03-04,2025-04-03,2025-04-03,Completed,Not Cancelled,411015.0,WC-017,2022-04-22,2026-03-30,2026-07-28,4.3,20,17,0,0,4200
REN2241,2026-02-18,CUST278,Hospital,Koregaon Park,Suction Machine,Surgical Equipment,10,230,2300,3450,600,28,Debit Card,Returned,Good,5.0,2026-02-28,2026-02-15,2026-02-18,2026-02-28,2026-02-28,Completed,Not Cancelled,411046.0,SM-001,2022-01-16,2022-11-13,2023-11-13,4.5,14,5,0,0,2300
REN2242,2024-08-12,CUST394,Hospital,Dhankawadi,Wheelchair,Mobility Equipment,7,150,1050,1800,100,29,Credit Card,Returned,Excellent,4.0,2024-08-19,2024-08-10,2024-08-12,2024-08-19,2024-08-19,Completed,Not Cancelled,411042.0,WC-002,2024-11-25,2025-02-12,2025-06-12,1.7,20,17,0,0,1050
REN2243,2024-12-05,CUST600,Hospital,Chinchwad,Oxygen Concentrator,Respiratory Equipment,3,300,900,3300,450,30,UPI,Returned,Excellent,4.0,2024-12-08,2024-11-25,2024-12-05,2024-12-08,2024-12-08,Completed,Not Cancelled,411015.0,OC-005,2024-02-15,2026-06-16,2026-10-14,2.5,16,12,0,0,900
REN2244,2024-06-18,CUST244,Clinic,Baner,Wheelchair,Mobility Equipment,30,160,4800,2720,550,8,Cash,Returned,Good,4.5,2024-07-18,2024-06-08,2024-06-18,2024-07-18,2024-07-18,Completed,Not Cancelled,411030.0,WC-010,2022-10-28,2026-07-19,2027-01-15,3.8,20,11,0,0,4800
REN2245,2025-03-22,CUST330,Hospital,Hadapsar,BiPAP Machine,Respiratory Equipment,10,570,5700,6840,500,108,Cash,Returned,Good,,2025-04-01,2025-03-13,2025-03-22,2025-04-01,2025-04-01,Completed,Not Cancelled,411038.0,BP-001,2024-10-27,2025-12-27,2026-03-27,1.8,11,8,0,0,5700
REN2246,2025-01-05,CUST400,Home Care,Wakad,Fowler Bed,Patient Care Equipment,21,460,9660,6440,100,75,Debit Card,Returned,Excellent,5.0,2025-01-26,2025-01-02,2025-01-05,2025-01-26,2025-01-26,Completed,Not Cancelled,411047.0,FB-012,2024-03-04,2025-10-11,2026-04-09,2.4,15,15,0,0,9660
REN2247,2024-08-12,CUST504,Home Care,Kothrud,Nebulizer,Respiratory Equipment,5,80,400,1280,300,3,Debit Card,Returned,Good,3.5,2024-08-17,2024-08-06,2024-08-12,2024-08-17,2024-08-17,Completed,Not Cancelled,411007.0,NB-010,2024-09-03,2026-05-18,2027-05-18,1.9,12,11,0,0,400
REN2248,2025-12-10,CUST121,Diagnostic Center,Shivajinagar,Hospital Bed,Patient Care Equipment,21,370,7770,3700,500,96,UPI,Returned,Good,4.0,2025-12-31,2025-11-27,2025-12-10,2025-12-31,2025-12-31,Completed,Not Cancelled,411047.0,HB-016,2023-09-12,2024-11-01,2025-11-01,2.9,23,17,0,0,7770
REN2249,2024-10-19,CUST378,Diagnostic Center,Kothrud,CPAP Machine,Respiratory Equipment,3,360,1080,5400,600,85,UPI,Returned,Fair,3.0,2024-10-22,2024-10-14,2024-10-19,2024-10-22,2024-10-22,Completed,Not Cancelled,411008.0,CP-006,2022-06-19,2025-01-14,2025-04-14,4.1,19,16,0,0,1080
REN2250,2024-09-10,CUST014,Diagnostic Center,Vishrantwadi,Ventilator,Critical Care Equipment,30,1010,30300,14140,250,54,UPI,Returned,Good,5.0,2024-10-10,2024-08-29,2024-09-10,2024-10-10,2024-10-10,Completed,Not Cancelled,411052.0,VT-003,2024-06-04,2025-08-24,2025-11-22,2.2,8,7,0,0,30300
REN2251,2024-05-08,CUST252,Home Care,Viman Nagar,Hospital Bed,Patient Care Equipment,7,350,2450,4900,250,90,Debit Card,Returned,Excellent,4.0,2024-05-15,2024-04-30,2024-05-08,2024-05-15,2024-05-15,Completed,Not Cancelled,411009.0,HB-006,2023-04-29,2023-10-02,2024-01-30,3.3,23,20,0,0,2450
REN2252,2025-02-22,CUST070,Individual Patient,Vishrantwadi,CPAP Machine,Respiratory Equipment,5,360,1800,7560,200,20,Bank Transfer,Returned,Excellent,4.5,2025-02-27,2025-02-12,2025-02-22,2025-02-27,2025-02-27,Completed,Not Cancelled,411015.0,CP-005,2022-05-05,2023-05-04,2023-10-31,4.2,19,16,0,0,1800
REN2253,2024-10-08,CUST244,Hospital,Pimpri,Hospital Bed,Patient Care Equipment,21,380,7980,8360,550,74,Cash,Returned,Good,4.5,2024-10-29,2024-10-06,2024-10-08,2024-10-29,2024-10-29,Completed,Not Cancelled,411030.0,HB-012,2022-06-28,2023-10-26,2024-02-23,4.1,23,21,0,0,7980
REN2254,2024-12-13,CUST445,Hospital,Bibwewadi,Wheelchair,Mobility Equipment,14,140,1960,1820,150,32,Debit Card,Active,Excellent,3.0,,2024-12-01,2024-12-13,2024-12-27,,Confirmed,Not Cancelled,411058.0,WC-016,2024-07-04,2025-08-17,2025-12-15,2.1,20,18,0,0,1960
REN2255,2024-08-08,CUST100,Home Care,Pimpri,Fowler Bed,Patient Care Equipment,5,420,2100,8820,300,80,Credit Card,Returned,Good,4.0,2024-08-13,2024-07-29,2024-08-08,2024-08-13,2024-08-13,Completed,Not Cancelled,411030.0,FB-008,2023-01-30,2026-07-02,2027-07-02,3.5,15,13,0,0,2100
REN2256,2025-12-21,CUST352,Hospital,Koregaon Park,Wheelchair,Mobility Equipment,30,140,4200,1680,150,38,UPI,Returned,Good,4.5,2026-01-20,2025-12-12,2025-12-21,2026-01-20,2026-01-20,Completed,Not Cancelled,411048.0,WC-002,2024-11-25,2025-02-12,2025-06-12,1.7,20,16,0,0,4200
REN2257,2026-06-01,CUST365,Home Care,Bibwewadi,Fowler Bed,Patient Care Equipment,30,470,14100,6580,600,72,UPI,Returned,Excellent,4.0,2026-07-01,2026-05-20,2026-06-01,2026-07-01,2026-07-01,Completed,Not Cancelled,411027.0,FB-009,2024-02-22,2025-12-15,2026-12-15,2.4,15,9,0,0,14100
REN2258,2025-04-21,CUST380,Individual Patient,Kothrud,Walker,Mobility Equipment,21,70,1470,1540,100,7,Credit Card,Returned,Fair,4.5,2025-05-12,2025-04-12,2025-04-21,2025-05-12,2025-05-12,Completed,Not Cancelled,411030.0,WK-001,2023-09-04,2024-11-20,2025-03-20,2.9,7,5,0,0,1470
REN2259,2025-08-26,CUST257,Home Care,Chinchwad,Wheelchair,Mobility Equipment,30,160,4800,1760,350,30,Bank Transfer,Returned,Good,5.0,2025-09-25,2025-08-20,2025-08-26,2025-09-25,2025-09-25,Completed,Not Cancelled,411040.0,WC-009,2024-08-16,2024-11-16,2025-11-16,2.0,20,16,0,0,4800
REN2260,2026-04-04,CUST176,Home Care,Camp,Hospital Bed,Patient Care Equipment,1,330,330,4620,150,46,UPI,Returned,Fair,3.5,2026-04-05,2026-03-28,2026-04-04,2026-04-05,2026-04-05,Completed,Not Cancelled,411009.0,HB-018,2023-03-16,2025-07-16,2025-11-13,3.4,23,5,0,0,330
REN2261,2026-07-31,CUST148,Home Care,Chinchwad,ECG Machine,Diagnostic Equipment,10,520,5200,10400,300,41,Debit Card,Returned,Excellent,4.0,2026-08-10,2026-07-21,2026-07-31,2026-08-10,2026-08-10,Completed,Not Cancelled,411007.0,ECG-001,2025-06-16,2025-11-07,2026-02-05,1.1,9,5,0,0,5200
REN2262,2025-07-31,CUST398,Clinic,Hinjawadi,Fowler Bed,Patient Care Equipment,3,450,1350,9900,400,81,Bank Transfer,Returned,Good,4.5,2025-08-03,2025-07-22,2025-07-31,2025-08-03,2025-08-03,Completed,Not Cancelled,411028.0,FB-011,2022-05-13,2023-03-15,2023-06-13,4.2,15,13,0,0,1350
REN2263,2026-04-26,CUST276,Hospital,Camp,Infusion Pump,Critical Care Equipment,21,360,7560,7920,450,34,UPI,Returned,Good,4.5,2026-05-17,2026-04-19,2026-04-26,2026-05-17,2026-05-17,Completed,Not Cancelled,411047.0,IP-003,2023-01-09,,2025-09-15,3.6,10,10,0,0,7560
REN2264,2026-05-13,CUST420,Clinic,Hinjawadi,Oxygen Concentrator,Respiratory Equipment,3,300,900,6300,400,54,Debit Card,Returned,Good,5.0,2026-05-16,2026-05-06,2026-05-13,2026-05-16,2026-05-16,Completed,Not Cancelled,411009.0,OC-009,2024-12-24,,2025-11-19,1.6,16,10,0,0,900
REN2265,2026-01-19,CUST277,Individual Patient,Erandwane,Suction Machine,Surgical Equipment,14,250,3500,5500,300,55,Credit Card,Returned,Excellent,3.0,2026-02-02,2026-01-08,2026-01-19,2026-02-02,2026-02-02,Completed,Not Cancelled,411048.0,SM-007,2025-04-15,2025-08-10,2025-11-08,1.3,14,13,0,0,3500
REN2266,2025-03-16,CUST082,Individual Patient,Hadapsar,Walker,Mobility Equipment,5,70,350,1120,250,20,Bank Transfer,Active,Good,5.0,,2025-03-15,2025-03-16,2025-03-21,,Confirmed,Not Cancelled,411043.0,WK-004,2024-03-29,2024-10-16,2025-10-16,2.3,7,5,0,0,350
REN2267,2024-03-22,CUST245,Individual Patient,Aundh,Wheelchair,Mobility Equipment,10,160,1600,2240,500,48,UPI,Returned,Good,4.5,2024-04-01,2024-03-14,2024-03-22,2024-04-01,2024-04-01,Completed,Not Cancelled,411027.0,WC-006,2023-07-15,2024-01-01,2024-03-31,3.0,20,18,0,0,1600
REN2268,2024-01-17,CUST360,Hospital,Wakad,Commode Chair,Mobility Equipment,30,90,2700,1350,450,22,UPI,Returned,Good,,2024-02-16,2024-01-11,2024-01-17,2024-02-16,2024-02-16,Completed,Not Cancelled,411009.0,CC-005,2024-07-20,2024-10-24,2025-04-22,2.0,10,8,0,0,2700
REN2269,2025-04-01,CUST080,Individual Patient,Bibwewadi,Suction Machine,Surgical Equipment,10,230,2300,2530,450,73,UPI,Returned,Fair,4.5,2025-04-11,2025-03-22,2025-04-01,2025-04-11,2025-04-11,Completed,Not Cancelled,411042.0,SM-005,2023-02-15,2024-02-13,2025-02-12,3.5,14,13,0,0,2300
REN2270,2025-04-17,CUST527,Hospital,Pimpri,ECG Machine,Diagnostic Equipment,30,450,13500,4950,500,94,Credit Card,Returned,Good,4.5,2025-05-17,2025-04-15,2025-04-17,2025-05-17,2025-05-17,Completed,Not Cancelled,411037.0,ECG-004,2022-05-09,2024-04-30,2025-04-30,4.2,9,6,0,0,13500
REN2271,2025-01-21,CUST514,Clinic,Vishrantwadi,Wheelchair,Mobility Equipment,21,130,2730,2860,200,33,Bank Transfer,Returned,Good,4.0,2025-02-11,2025-01-15,2025-01-21,2025-02-11,2025-02-11,Completed,Not Cancelled,411009.0,WC-014,2025-07-05,2026-01-27,2026-04-27,1.1,20,16,0,0,2730
REN2272,2025-06-23,CUST428,Clinic,Kharadi,CPAP Machine,Respiratory Equipment,7,370,2590,4440,600,102,Cash,Returned,Good,4.0,2025-06-30,2025-06-21,2025-06-23,2025-06-30,2025-06-30,Completed,Not Cancelled,411045.0,CP-016,2023-08-18,2025-09-17,2026-01-15,3.0,19,12,0,0,2590
REN2273,2025-06-09,CUST594,Home Care,Pimpri,Hospital Bed,Patient Care Equipment,3,400,1200,7200,600,118,Debit Card,Returned,Good,4.0,2025-06-12,2025-06-02,2025-06-09,2025-06-12,2025-06-12,Completed,Not Cancelled,,HB-004,2025-03-24,2026-06-21,2026-12-18,1.4,23,22,1,0,1200
REN2274,2026-03-05,CUST073,Individual Patient,Erandwane,Ventilator,Critical Care Equipment,10,980,9800,12740,300,265,UPI,Returned,Good,4.5,2026-03-15,2026-02-24,2026-03-05,2026-03-15,2026-03-15,Completed,Not Cancelled,411038.0,VT-007,2024-05-13,2025-03-30,2026-03-30,2.2,8,7,0,0,9800
REN2275,2024-04-18,CUST218,Home Care,Kharadi,Hospital Bed,Patient Care Equipment,7,330,2310,5940,200,105,Cash,Returned,Excellent,3.5,2024-04-25,2024-04-11,2024-04-18,2024-04-25,2024-04-25,Completed,Not Cancelled,411038.0,HB-016,2023-09-12,2024-11-01,2025-11-01,2.9,23,19,0,0,2310
REN2276,2024-07-30,CUST154,Home Care,Shivajinagar,Hospital Bed,Patient Care Equipment,10,350,3500,5600,300,63,UPI,Returned,Excellent,3.5,2024-08-09,2024-07-24,2024-07-30,2024-08-09,2024-08-09,Completed,Not Cancelled,411052.0,HB-014,2025-06-29,2026-07-26,2027-07-26,1.1,23,17,0,0,3500
REN2277,2026-01-20,CUST380,Hospital,Dhankawadi,Surgical Headlight,Surgical Equipment,10,200,2000,2200,300,67,UPI,Returned,Good,4.0,2026-01-30,2026-01-16,2026-01-20,2026-01-30,2026-01-30,Completed,Not Cancelled,411030.0,SH-006,2025-01-03,,2025-07-26,1.6,8,7,0,0,2000
REN2278,2026-03-17,CUST409,Individual Patient,Hinjawadi,Oxygen Concentrator,Respiratory Equipment,21,270,5670,3780,600,43,Bank Transfer,Returned,Excellent,4.5,2026-04-07,2026-03-10,2026-03-17,2026-04-07,2026-04-07,Completed,Not Cancelled,411015.0,OC-005,2024-02-15,2026-06-16,2026-10-14,2.5,16,5,0,0,5670
REN2279,2026-07-27,CUST071,Hospital,Viman Nagar,Suction Machine,Surgical Equipment,5,260,1300,4940,250,14,Debit Card,Returned,Good,5.0,2026-08-01,2026-07-16,2026-07-27,2026-08-01,2026-08-01,Completed,Not Cancelled,411048.0,SM-010,2024-01-18,2026-06-17,2026-12-14,2.5,14,8,0,0,1300
REN2280,2026-04-10,CUST388,Home Care,Koregaon Park,Oxygen Concentrator,Respiratory Equipment,14,280,3920,5600,600,25,Cash,Returned,Excellent,3.0,2026-04-24,2026-04-02,2026-04-10,2026-04-24,2026-04-24,Completed,Not Cancelled,411040.0,OC-006,2024-06-08,2024-10-26,2025-04-24,2.1,16,6,0,0,3920
REN2281,2026-04-26,CUST120,Diagnostic Center,Viman Nagar,BiPAP Machine,Respiratory Equipment,10,580,5800,7540,200,121,Bank Transfer,Returned,Good,5.0,2026-05-06,2026-04-25,2026-04-26,2026-05-06,2026-05-06,Completed,Not Cancelled,411057.0,BP-006,2023-06-13,2023-11-02,2024-04-30,3.1,11,5,0,0,5800
REN2282,2024-10-19,CUST431,Diagnostic Center,Hadapsar,Wheelchair,Mobility Equipment,21,150,3150,1950,600,5,UPI,Returned,Fair,4.5,2024-11-09,2024-10-13,2024-10-19,2024-11-09,2024-11-09,Completed,Not Cancelled,411057.0,WC-018,2024-03-18,2025-03-11,2026-03-11,2.4,20,16,0,0,3150
REN2283,2025-01-15,CUST163,Individual Patient,Shivajinagar,Fowler Bed,Patient Care Equipment,10,450,4500,8550,600,36,UPI,Returned,Fair,5.0,2025-01-25,2025-01-06,2025-01-15,2025-01-25,2025-01-25,Completed,Not Cancelled,411048.0,FB-014,2023-07-25,2025-06-16,2025-10-14,3.0,15,13,0,0,4500
REN2284,2024-09-05,CUST019,Clinic,Dhankawadi,Patient Monitor,Monitoring Equipment,7,620,4340,9300,400,93,UPI,Returned,Excellent,4.5,2024-09-12,2024-08-30,2024-09-05,2024-09-12,2024-09-12,Completed,Not Cancelled,411030.0,PM-007,2023-09-28,2024-02-25,2024-05-25,2.8,13,12,0,0,4340
REN2285,2025-07-25,CUST328,Home Care,Camp,Oxygen Concentrator,Respiratory Equipment,1,270,270,2700,150,62,Credit Card,Returned,Good,4.5,2025-07-26,2025-07-18,2025-07-25,2025-07-26,2025-07-26,Completed,Not Cancelled,411046.0,OC-011,2023-11-25,2025-04-03,2025-07-02,2.7,16,14,0,0,270
REN2286,2026-06-09,CUST432,Hospital,Hadapsar,Wheelchair,Mobility Equipment,14,160,2240,1760,400,13,Credit Card,Returned,Good,5.0,2026-06-23,2026-05-28,2026-06-09,2026-06-23,2026-06-23,Completed,Not Cancelled,411038.0,WC-004,2024-04-11,2025-03-19,2025-07-17,2.3,20,12,0,0,2240
REN2287,2024-11-19,CUST141,Clinic,Koregaon Park,Wheelchair,Mobility Equipment,5,140,700,1960,600,30,UPI,Returned,Excellent,4.5,2024-11-24,2024-11-08,2024-11-19,2024-11-24,2024-11-24,Completed,Not Cancelled,411047.0,WC-004,2024-04-11,2025-03-19,2025-07-17,2.3,20,15,0,0,700
REN2288,2025-06-13,CUST191,Clinic,Erandwane,Nebulizer,Respiratory Equipment,5,70,350,910,600,17,Credit Card,Active,Good,5.0,,2025-06-12,2025-06-13,2025-06-18,,Confirmed,Not Cancelled,411057.0,NB-009,2025-06-25,2025-08-24,2025-12-22,1.1,12,11,0,0,350
REN2289,2024-10-02,CUST356,Clinic,Wakad,Wheelchair,Mobility Equipment,30,150,4500,1650,350,41,Credit Card,Returned,Good,5.0,2024-11-01,2024-09-26,2024-10-02,2024-11-01,2024-11-01,Completed,Not Cancelled,411046.0,WC-005,2022-09-10,2026-02-09,2026-06-09,3.9,20,17,0,0,4500
REN2290,2024-06-12,CUST147,Individual Patient,Vishrantwadi,Oxygen Concentrator,Respiratory Equipment,21,290,6090,5800,350,70,Bank Transfer,Returned,Good,4.5,2024-07-03,2024-06-05,2024-06-12,2024-07-03,2024-07-03,Completed,Not Cancelled,411038.0,OC-006,2024-06-08,2024-10-26,2025-04-24,2.1,16,11,0,0,6090
REN2291,2024-07-04,CUST146,Clinic,Shivajinagar,Oxygen Concentrator,Respiratory Equipment,14,270,3780,4050,300,30,UPI,Returned,Good,4.5,2024-07-18,2024-06-24,2024-07-04,2024-07-18,2024-07-18,Completed,Not Cancelled,411058.0,OC-016,2022-05-08,2026-06-18,2026-09-16,4.2,16,13,0,0,3780
REN2292,2024-02-29,CUST598,Hospital,Dhankawadi,Fowler Bed,Patient Care Equipment,30,440,13200,8360,200,154,UPI,Returned,Good,4.5,2024-03-30,2024-02-26,2024-02-29,2024-03-30,2024-03-30,Completed,Not Cancelled,411052.0,FB-009,2024-02-22,2025-12-15,2026-12-15,2.4,15,12,0,0,13200
REN2293,2026-06-18,CUST226,Home Care,Camp,Nebulizer,Respiratory Equipment,30,70,2100,700,450,22,Bank Transfer,Active,Good,4.5,,2026-06-16,2026-06-18,2026-07-18,,Confirmed,Not Cancelled,411015.0,NB-011,2022-04-03,2023-07-05,2023-10-03,4.3,12,9,0,0,2100
REN2294,2025-01-16,CUST487,Home Care,Wakad,CPAP Machine,Respiratory Equipment,21,380,7980,5700,600,57,Bank Transfer,Returned,Excellent,4.5,2025-02-06,2025-01-09,2025-01-16,2025-02-06,2025-02-06,Completed,Not Cancelled,411057.0,CP-018,2022-12-12,2023-08-05,2024-08-04,3.6,19,19,0,0,7980
REN2295,2026-03-03,CUST378,Hospital,Wanowrie,Infusion Pump,Critical Care Equipment,21,340,7140,5440,200,13,UPI,Returned,Good,4.5,2026-03-24,2026-02-26,2026-03-03,2026-03-24,2026-03-24,Completed,Not Cancelled,411038.0,IP-005,2022-06-29,2025-01-12,2025-05-12,4.1,10,4,0,0,7140
REN2296,2025-10-01,CUST499,Hospital,Kothrud,BiPAP Machine,Respiratory Equipment,30,530,15900,9010,550,106,UPI,Returned,Good,3.5,2025-10-31,2025-09-28,2025-10-01,2025-10-31,2025-10-31,Completed,Not Cancelled,411027.0,BP-006,2023-06-13,2023-11-02,2024-04-30,3.1,11,10,0,0,15900
REN2297,2024-07-02,CUST004,Individual Patient,Vishrantwadi,ECG Machine,Diagnostic Equipment,7,510,3570,11220,150,156,Cash,Returned,Good,5.0,2024-07-09,2024-06-20,2024-07-02,2024-07-09,2024-07-09,Completed,Not Cancelled,411027.0,ECG-006,2024-08-17,2026-03-18,2026-07-16,2.0,9,8,0,0,3570
REN2298,2024-06-17,CUST558,Clinic,Vishrantwadi,Nebulizer,Respiratory Equipment,7,70,490,1050,100,21,Bank Transfer,Returned,Fair,4.0,2024-06-24,2024-06-13,2024-06-17,2024-06-24,2024-06-24,Completed,Not Cancelled,411047.0,NB-006,2024-09-04,2025-08-23,2026-02-19,1.9,12,11,0,0,490
REN2299,2026-02-09,CUST335,Hospital,Erandwane,Wheelchair,Mobility Equipment,1,140,140,2240,550,44,UPI,Returned,Good,4.0,2026-02-10,2026-02-08,2026-02-09,2026-02-10,2026-02-10,Completed,Not Cancelled,411030.0,WC-009,2024-08-16,2024-11-16,,2.0,20,17,0,0,140
REN2300,2024-09-02,CUST114,Individual Patient,Erandwane,Surgical Loupe,Surgical Equipment,3,230,690,4830,150,78,Credit Card,Returned,Excellent,4.0,2024-09-05,2024-09-01,2024-09-02,2024-09-05,2024-09-05,Completed,Not Cancelled,411045.0,SL-002,2025-04-12,2025-07-05,2026-01-01,1.3,7,5,0,0,690
REN2301,2026-05-17,CUST324,Individual Patient,Shivajinagar,Commode Chair,Mobility Equipment,10,90,900,1350,300,23,Credit Card,Returned,Excellent,3.5,2026-05-27,2026-05-15,2026-05-17,2026-05-27,2026-05-27,Completed,Not Cancelled,411037.0,CC-009,2025-02-05,2026-03-20,2026-07-18,1.5,10,9,0,0,900
REN2302,2024-05-16,CUST382,Hospital,Dhankawadi,Patient Monitor,Monitoring Equipment,21,640,13440,9600,550,52,UPI,Returned,Excellent,4.5,2024-06-06,2024-05-14,2024-05-16,2024-06-06,2024-06-06,Completed,Not Cancelled,411058.0,PM-001,2023-06-06,2026-05-23,2026-08-21,3.2,13,10,0,0,13440
REN2303,2025-09-27,CUST360,Hospital,Chinchwad,Wheelchair,Mobility Equipment,21,150,3150,1800,250,6,UPI,Returned,Good,3.0,2025-10-18,2025-09-23,2025-09-27,2025-10-18,2025-10-18,Completed,Not Cancelled,411009.0,WC-017,2022-04-22,2026-03-30,2026-07-28,4.3,20,15,0,0,3150
REN2304,2026-02-11,CUST235,Individual Patient,Baner,Wheelchair,Mobility Equipment,30,160,4800,3040,250,13,Cash,Returned,Excellent,4.0,2026-03-13,2026-02-10,2026-02-11,2026-03-13,2026-03-13,Completed,Not Cancelled,411042.0,WC-006,2023-07-15,2024-01-01,2024-03-31,3.0,20,18,0,0,4800
REN2305,2024-08-07,CUST104,Individual Patient,Vishrantwadi,Suction Machine,Surgical Equipment,21,270,5670,2700,100,25,Credit Card,Returned,Good,3.0,2024-08-28,2024-08-01,2024-08-07,2024-08-28,2024-08-28,Completed,Not Cancelled,,SM-004,2023-01-10,2023-10-14,2024-01-12,3.6,14,14,1,0,5670
REN2306,2024-09-13,CUST169,Hospital,Erandwane,CPAP Machine,Respiratory Equipment,14,360,5040,4320,450,18,UPI,Returned,Good,4.0,2024-09-27,2024-09-09,2024-09-13,2024-09-27,2024-09-27,Completed,Not Cancelled,411047.0,CP-001,2022-11-27,2025-01-06,2025-04-06,3.7,19,17,0,0,5040
REN2307,2026-07-02,CUST589,Hospital,Hinjawadi,BiPAP Machine,Respiratory Equipment,30,540,16200,8100,250,95,Bank Transfer,Returned,Good,5.0,2026-08-01,2026-06-25,2026-07-02,2026-08-01,2026-08-01,Completed,Not Cancelled,411057.0,BP-004,2024-06-27,2025-02-23,2026-02-23,2.1,11,6,0,0,16200
REN2308,2024-09-02,CUST318,Clinic,Kothrud,CPAP Machine,Respiratory Equipment,45,360,16200,5400,150,101,Credit Card,Returned,Fair,4.5,2024-10-17,2024-08-19,2024-09-02,2024-10-17,2024-10-17,Completed,Not Cancelled,411028.0,CP-012,2025-05-31,2025-12-09,2026-04-08,1.2,19,16,0,0,16200
REN2309,2025-02-13,CUST116,Home Care,Hinjawadi,Fowler Bed,Patient Care Equipment,14,440,6160,4400,350,14,Bank Transfer,Returned,Good,3.5,2025-02-27,2025-01-30,2025-02-13,2025-02-27,2025-02-27,Completed,Not Cancelled,411057.0,FB-005,2023-12-06,2025-12-27,2026-12-27,2.7,15,9,0,0,6160
REN2310,2025-02-16,CUST545,Hospital,Koregaon Park,Wheelchair,Mobility Equipment,7,150,1050,2400,150,43,UPI,Returned,Good,4.5,2025-02-23,2025-02-11,2025-02-16,2025-02-23,2025-02-23,Completed,Not Cancelled,411043.0,WC-016,2024-07-04,2025-08-17,2025-12-15,2.1,20,17,0,0,1050
REN2311,2024-08-23,CUST403,Individual Patient,Koregaon Park,Wheelchair,Mobility Equipment,30,160,4800,3520,550,52,UPI,Returned,Excellent,4.5,2024-09-22,2024-08-19,2024-08-23,2024-09-22,2024-09-22,Completed,Not Cancelled,411008.0,WC-016,2024-07-04,2025-08-17,2025-12-15,2.1,20,15,0,0,4800
REN2312,2026-01-03,CUST104,Home Care,Kothrud,Hospital Bed,Patient Care Equipment,10,370,3700,4070,500,29,UPI,Cancelled,Good,4.5,,2025-12-26,2026-01-03,,,Cancelled,Cancelled,411047.0,,,,,,23,23,0,1,3700
REN2313,2025-12-30,CUST168,Hospital,Vishrantwadi,ECG Machine,Diagnostic Equipment,14,530,7420,8480,600,20,Cash,Returned,Good,4.0,2026-01-13,2025-12-26,2025-12-30,2026-01-13,2026-01-13,Completed,Not Cancelled,411042.0,ECG-001,2025-06-16,2025-11-07,2026-02-05,1.1,9,7,0,0,7420
REN2314,2024-12-23,CUST247,Hospital,Dhankawadi,Patient Monitor,Monitoring Equipment,7,600,4200,10200,600,110,Credit Card,Returned,Fair,4.5,2024-12-30,2024-12-14,2024-12-23,2024-12-30,2024-12-30,Completed,Not Cancelled,411058.0,PM-004,2025-02-22,2025-11-29,2026-03-29,1.4,13,9,0,0,4200
REN2315,2026-03-04,CUST343,Individual Patient,Wanowrie,Walker,Mobility Equipment,7,70,490,980,550,22,Debit Card,Returned,Excellent,3.5,2026-03-11,2026-02-25,2026-03-04,2026-03-11,2026-03-11,Completed,Not Cancelled,411038.0,WK-002,2024-03-18,2025-12-13,2026-06-11,2.4,7,5,0,0,490
REN2316,2024-07-19,CUST343,Hospital,Vishrantwadi,Nebulizer,Respiratory Equipment,7,80,560,1360,350,21,UPI,Returned,Excellent,4.0,2024-07-26,2024-07-17,2024-07-19,2024-07-26,2024-07-26,Completed,Not Cancelled,411027.0,NB-009,2025-06-25,2025-08-24,2025-12-22,1.1,12,9,0,0,560
REN2317,2024-01-05,CUST265,Home Care,Viman Nagar,Commode Chair,Mobility Equipment,21,100,2100,1400,150,4,Bank Transfer,Returned,Good,5.0,2024-01-26,2023-12-31,2024-01-05,2024-01-26,2024-01-26,Completed,Not Cancelled,411014.0,CC-003,2023-05-29,2025-12-14,2026-03-14,3.2,10,8,0,0,2100
REN2318,2025-06-26,CUST297,Home Care,Bibwewadi,Fowler Bed,Patient Care Equipment,3,470,1410,5640,100,115,Credit Card,Returned,Good,4.5,2025-06-29,2025-06-15,2025-06-26,2025-06-29,2025-06-29,Completed,Not Cancelled,411008.0,FB-013,2024-04-21,2025-09-22,2026-01-20,2.3,15,12,0,0,1410
REN2319,2026-07-27,CUST348,Individual Patient,Koregaon Park,ECG Machine,Diagnostic Equipment,30,450,13500,9000,150,131,Bank Transfer,Returned,Good,3.5,2026-08-26,2026-07-21,2026-07-27,2026-08-26,2026-08-26,Completed,Not Cancelled,411046.0,ECG-003,2022-12-29,2023-07-22,,3.6,9,3,0,0,13500
REN2320,2024-02-09,CUST324,Individual Patient,Bibwewadi,Walker,Mobility Equipment,14,70,980,1540,200,8,UPI,Active,Good,4.0,,2024-02-01,2024-02-09,2024-02-23,,Confirmed,Not Cancelled,411058.0,WK-005,2023-08-31,2024-06-28,2025-06-28,2.9,7,6,0,0,980
REN2321,2024-07-15,CUST044,Hospital,Kharadi,Nebulizer,Respiratory Equipment,5,80,400,1200,550,19,Credit Card,Active,Good,4.5,,2024-07-07,2024-07-15,2024-07-20,,Confirmed,Not Cancelled,411043.0,NB-011,2022-04-03,2023-07-05,2023-10-03,4.3,12,10,0,0,400
REN2322,2025-05-10,CUST303,Clinic,Viman Nagar,Hospital Bed,Patient Care Equipment,7,370,2590,4070,200,70,UPI,Returned,Good,3.5,2025-05-17,2025-05-05,2025-05-10,2025-05-17,2025-05-17,Completed,Not Cancelled,411043.0,HB-013,2025-05-03,2025-11-16,2026-03-16,1.2,23,21,0,0,2590
REN2323,2026-02-07,CUST081,Hospital,Koregaon Park,BiPAP Machine,Respiratory Equipment,21,480,10080,5760,150,46,UPI,Returned,Good,4.0,2026-02-28,2026-02-04,2026-02-07,2026-02-28,2026-02-28,Completed,Not Cancelled,411007.0,BP-002,2022-07-01,2023-06-08,2023-10-06,4.1,11,11,0,0,10080
REN2324,2024-03-30,CUST018,Home Care,Bibwewadi,Hospital Bed,Patient Care Equipment,1,340,340,7140,600,108,Bank Transfer,Returned,Good,4.0,2024-03-31,2024-03-23,2024-03-30,2024-03-31,2024-03-31,Completed,Not Cancelled,411007.0,HB-017,2022-03-17,2026-02-27,2026-08-26,4.4,23,18,0,0,340
REN2325,2025-01-09,CUST183,Individual Patient,Hadapsar,Hospital Bed,Patient Care Equipment,5,370,1850,7770,300,38,UPI,Returned,Good,4.0,2025-01-14,2025-01-07,2025-01-09,2025-01-14,2025-01-14,Completed,Not Cancelled,411038.0,HB-016,2023-09-12,2024-11-01,2025-11-01,2.9,23,20,0,0,1850
REN2326,2025-12-05,CUST267,Home Care,Dhankawadi,BiPAP Machine,Respiratory Equipment,45,490,22050,7840,300,146,UPI,Returned,Good,,2026-01-19,2025-11-28,2025-12-05,2026-01-19,2026-01-19,Completed,Not Cancelled,411040.0,BP-011,2025-01-04,2025-09-04,2026-09-04,1.6,11,8,0,0,22050
REN2327,2024-12-16,CUST118,Hospital,Chinchwad,ECG Machine,Diagnostic Equipment,14,450,6300,9450,250,115,Debit Card,Cancelled,Good,3.5,,2024-12-14,2024-12-16,,,Cancelled,Cancelled,411037.0,,,,,,9,9,0,1,6300
REN2328,2024-06-29,CUST505,Home Care,Aundh,Wheelchair,Mobility Equipment,5,150,750,1800,600,15,UPI,Returned,Good,4.5,2024-07-04,2024-06-18,2024-06-29,2024-07-04,2024-07-04,Completed,Not Cancelled,411057.0,WC-001,2024-04-30,2025-08-24,2025-11-22,2.3,20,11,0,0,750
REN2329,2024-07-05,CUST528,Individual Patient,Erandwane,Hospital Bed,Patient Care Equipment,30,350,10500,5250,250,90,Credit Card,Returned,Good,3.0,2024-08-04,2024-06-26,2024-07-05,2024-08-04,2024-08-04,Completed,Not Cancelled,,HB-010,2022-05-26,2023-11-28,2024-05-26,4.2,23,16,1,0,10500
REN2330,2025-01-24,CUST256,Hospital,Camp,Infusion Pump,Critical Care Equipment,5,360,1800,3960,550,14,Debit Card,Active,Good,5.0,,2025-01-22,2025-01-24,2025-01-29,,Confirmed,Not Cancelled,411058.0,IP-009,2024-05-29,2025-01-24,,2.2,10,8,0,0,1800
REN2331,2025-04-03,CUST232,Hospital,Shivajinagar,Hospital Bed,Patient Care Equipment,1,350,350,5950,600,37,Bank Transfer,Returned,Good,4.5,2025-04-04,2025-03-25,2025-04-03,2025-04-04,2025-04-04,Completed,Not Cancelled,411027.0,HB-022,2022-10-26,2023-05-17,2024-05-16,3.8,23,20,0,0,350
REN2332,2026-03-30,CUST336,Home Care,Shivajinagar,Hospital Bed,Patient Care Equipment,7,350,2450,6650,300,42,UPI,Active,Excellent,3.5,,2026-03-22,2026-03-30,2026-04-06,,Confirmed,Not Cancelled,411028.0,HB-002,2024-02-10,2024-08-21,2025-02-17,2.5,23,8,0,0,2450
REN2333,2025-08-26,CUST116,Individual Patient,Dhankawadi,Nebulizer,Respiratory Equipment,30,80,2400,1760,450,25,Credit Card,Returned,Good,4.0,2025-09-25,2025-08-18,2025-08-26,2025-09-25,2025-09-25,Completed,Not Cancelled,411027.0,NB-010,2024-09-03,2026-05-18,2027-05-18,1.9,12,11,0,0,2400
REN2334,2025-10-09,CUST051,Hospital,Vishrantwadi,ECG Machine,Diagnostic Equipment,7,530,3710,10070,100,171,Credit Card,Returned,Good,4.5,2025-10-16,2025-10-05,2025-10-09,2025-10-16,2025-10-16,Completed,Not Cancelled,411047.0,ECG-002,2022-10-22,2024-10-03,2025-01-31,3.8,9,7,0,0,3710
REN2335,2026-07-17,CUST040,Individual Patient,Wanowrie,Fowler Bed,Patient Care Equipment,7,420,2940,7560,500,49,UPI,Returned,Good,4.5,2026-07-24,2026-07-11,2026-07-17,2026-07-24,2026-07-24,Completed,Not Cancelled,411028.0,FB-012,2024-03-04,2025-10-11,2026-04-09,2.4,15,6,0,0,2940
REN2336,2025-01-26,CUST261,Home Care,Wakad,Patient Monitor,Monitoring Equipment,5,660,3300,11880,600,120,Bank Transfer,Returned,Good,4.5,2025-01-31,2025-01-19,2025-01-26,2025-01-31,2025-01-31,Completed,Not Cancelled,411038.0,PM-005,2024-05-27,2025-01-13,2025-05-13,2.2,13,11,0,0,3300
REN2337,2025-01-17,CUST463,Clinic,Hinjawadi,Oxygen Concentrator,Respiratory Equipment,1,270,270,4860,200,93,Cash,Active,Good,3.5,,2025-01-13,2025-01-17,2025-01-18,,Confirmed,Not Cancelled,411009.0,OC-014,2025-02-15,2026-03-30,2026-09-26,1.5,16,14,0,0,270
REN2338,2026-05-26,CUST012,Individual Patient,Erandwane,Wheelchair,Mobility Equipment,10,150,1500,2250,100,36,UPI,Returned,Good,4.5,2026-06-05,2026-05-20,2026-05-26,2026-06-05,2026-06-05,Completed,Not Cancelled,411030.0,WC-016,2024-07-04,2025-08-17,2025-12-15,2.1,20,10,0,0,1500
REN2339,2024-08-17,CUST380,Individual Patient,Shivajinagar,Commode Chair,Mobility Equipment,3,90,270,1440,100,5,UPI,Returned,Good,4.0,2024-08-20,2024-08-14,2024-08-17,2024-08-20,2024-08-20,Completed,Not Cancelled,411014.0,CC-004,2025-02-10,2026-02-10,2026-08-09,1.5,10,8,0,0,270
REN2340,2025-11-18,CUST570,Home Care,Dhankawadi,ECG Machine,Diagnostic Equipment,14,530,7420,6360,550,82,Bank Transfer,Returned,Excellent,3.5,2025-12-02,2025-11-07,2025-11-18,2025-12-02,2025-12-02,Completed,Not Cancelled,411047.0,ECG-004,2022-05-09,2024-04-30,2025-04-30,4.2,9,6,0,0,7420
REN2341,2025-12-12,CUST173,Individual Patient,Chinchwad,Oxygen Concentrator,Respiratory Equipment,14,280,3920,2800,200,46,Credit Card,Returned,Excellent,4.0,2025-12-26,2025-11-29,2025-12-12,2025-12-26,2025-12-26,Completed,Not Cancelled,411048.0,OC-009,2024-12-24,2025-05-23,2025-11-19,1.6,16,10,0,0,3920
REN2342,2024-04-07,CUST273,Individual Patient,Baner,Oxygen Concentrator,Respiratory Equipment,14,260,3640,5200,300,33,Bank Transfer,Cancelled,Good,5.0,,2024-04-03,2024-04-07,,,Cancelled,Cancelled,411027.0,,,,,,16,16,0,1,3640
REN2343,2025-03-23,CUST342,Home Care,Dhankawadi,Oxygen Concentrator,Respiratory Equipment,21,260,5460,4160,250,51,UPI,Cancelled,Good,4.0,,2025-03-19,2025-03-23,,,Cancelled,Cancelled,411058.0,,,,,,16,16,0,1,5460
REN2344,2024-07-09,CUST374,Individual Patient,Chinchwad,Hospital Bed,Patient Care Equipment,7,350,2450,7350,250,93,UPI,Returned,Fair,3.0,2024-07-16,2024-07-06,2024-07-09,2024-07-16,2024-07-16,Completed,Not Cancelled,411037.0,HB-007,2023-05-24,2024-04-15,2025-04-15,3.2,23,13,0,0,2450
REN2345,2024-06-26,CUST365,Individual Patient,Chinchwad,Oxygen Concentrator,Respiratory Equipment,5,300,1500,3300,150,75,Bank Transfer,Active,Good,3.5,,2024-06-15,2024-06-26,2024-07-01,,Confirmed,Not Cancelled,411048.0,OC-007,2022-03-01,2024-09-16,2025-01-14,4.4,16,12,0,0,1500
REN2346,2025-03-19,CUST125,Clinic,Hadapsar,Hospital Bed,Patient Care Equipment,3,360,1080,5400,300,51,Cash,Returned,Fair,4.5,2025-03-22,2025-03-17,2025-03-19,2025-03-22,2025-03-22,Completed,Not Cancelled,411015.0,HB-019,2022-04-24,2024-04-14,,4.3,23,21,0,0,1080
REN2347,2024-09-25,CUST250,Diagnostic Center,Bibwewadi,Commode Chair,Mobility Equipment,10,90,900,1170,600,24,UPI,Returned,Excellent,4.5,2024-10-05,2024-09-16,2024-09-25,2024-10-05,2024-10-05,Completed,Not Cancelled,411052.0,CC-002,2023-03-30,2023-10-02,2024-10-01,3.3,10,10,0,0,900
REN2348,2026-01-23,CUST458,Home Care,Hinjawadi,Wheelchair,Mobility Equipment,5,150,750,3000,250,30,Debit Card,Returned,Good,4.5,2026-01-28,2026-01-13,2026-01-23,2026-01-28,2026-01-28,Completed,Not Cancelled,411009.0,WC-019,2023-12-24,2026-05-27,2026-08-25,2.6,20,14,0,0,750
REN2349,2026-05-12,CUST083,Home Care,Wakad,BiPAP Machine,Respiratory Equipment,14,540,7560,7560,500,149,UPI,Returned,Good,4.5,2026-05-26,2026-05-08,2026-05-12,2026-05-26,2026-05-26,Completed,Not Cancelled,411030.0,BP-006,2023-06-13,2023-11-02,2024-04-30,3.1,11,7,0,0,7560
REN2350,2026-01-30,CUST313,Hospital,Vishrantwadi,Patient Monitor,Monitoring Equipment,5,580,2900,10440,450,39,UPI,Returned,Good,4.5,2026-02-04,2026-01-21,2026-01-30,2026-02-04,2026-02-04,Completed,Not Cancelled,411030.0,PM-005,2024-05-27,2025-01-13,2025-05-13,2.2,13,13,0,0,2900
REN2351,2024-09-03,CUST030,Diagnostic Center,Chinchwad,ECG Machine,Diagnostic Equipment,30,530,15900,5830,500,85,Credit Card,Returned,Excellent,4.5,2024-10-03,2024-08-29,2024-09-03,2024-10-03,2024-10-03,Completed,Not Cancelled,411014.0,ECG-008,2022-02-10,2023-09-04,2024-09-03,4.5,9,7,0,0,15900
REN2352,2024-09-11,CUST220,Clinic,Kharadi,Ventilator,Critical Care Equipment,7,1110,7770,17760,400,173,UPI,Returned,Good,5.0,2024-09-18,2024-09-07,2024-09-11,2024-09-18,2024-09-18,Completed,Not Cancelled,411058.0,VT-002,2024-07-09,2026-04-04,2026-08-02,2.1,8,5,0,0,7770
REN2353,2024-08-24,CUST406,Home Care,Baner,CPAP Machine,Respiratory Equipment,30,350,10500,5250,300,50,Bank Transfer,Returned,Excellent,5.0,2024-09-23,2024-08-13,2024-08-24,2024-09-23,2024-09-23,Completed,Not Cancelled,411027.0,CP-015,2022-06-26,2023-01-19,2023-07-18,4.1,19,16,0,0,10500
REN2354,2024-05-12,CUST501,Home Care,Wanowrie,Hospital Bed,Patient Care Equipment,14,360,5040,6120,200,91,UPI,Returned,Good,4.5,2024-05-26,2024-05-07,2024-05-12,2024-05-26,2024-05-26,Completed,Not Cancelled,411037.0,HB-001,2024-10-28,2025-07-27,2025-11-24,1.8,23,20,0,0,5040
REN2355,2026-06-13,CUST307,Home Care,Hadapsar,Nebulizer,Respiratory Equipment,21,70,1470,1190,250,15,Credit Card,Returned,Excellent,4.5,2026-07-04,2026-06-12,2026-06-13,2026-07-04,2026-07-04,Completed,Not Cancelled,411007.0,NB-012,2022-05-08,,2025-04-25,4.2,12,8,0,0,1470
REN2356,2025-01-16,CUST317,Clinic,Hinjawadi,Hospital Bed,Patient Care Equipment,1,350,350,3850,350,54,UPI,Returned,Excellent,3.0,2025-01-17,2025-01-09,2025-01-16,2025-01-17,2025-01-17,Completed,Not Cancelled,,HB-013,2025-05-03,2025-11-16,2026-03-16,1.2,23,19,1,0,350
REN2357,2024-07-29,CUST527,Individual Patient,Koregaon Park,Wheelchair,Mobility Equipment,14,150,2100,1500,300,30,Debit Card,Returned,Good,3.0,2024-08-12,2024-07-22,2024-07-29,2024-08-12,2024-08-12,Completed,Not Cancelled,411014.0,WC-017,2022-04-22,2026-03-30,2026-07-28,4.3,20,18,0,0,2100
REN2358,2026-03-15,CUST291,Individual Patient,Wakad,Hospital Bed,Patient Care Equipment,5,380,1900,4180,300,97,Debit Card,Returned,Good,4.0,2026-03-20,2026-03-08,2026-03-15,2026-03-20,2026-03-20,Completed,Not Cancelled,411027.0,HB-008,2024-07-02,2025-07-25,2026-01-21,2.1,23,14,0,0,1900
REN2359,2025-01-13,CUST246,Individual Patient,Shivajinagar,Surgical Headlight,Surgical Equipment,5,180,900,2160,300,44,UPI,Active,Good,5.0,,2025-01-09,2025-01-13,2025-01-18,,Confirmed,Not Cancelled,411057.0,SH-008,2023-07-21,2025-11-10,2026-02-08,3.0,8,8,0,0,900
REN2360,2024-02-05,CUST289,Home Care,Erandwane,Hospital Bed,Patient Care Equipment,21,370,7770,7030,600,101,Credit Card,Returned,Excellent,5.0,2024-02-26,2024-01-28,2024-02-05,2024-02-26,2024-02-26,Completed,Not Cancelled,411052.0,HB-007,2023-05-24,2024-04-15,2025-04-15,3.2,23,22,0,0,7770
REN2361,2024-06-05,CUST301,Hospital,Chinchwad,Fowler Bed,Patient Care Equipment,10,430,4300,5590,450,130,Cash,Returned,Excellent,4.5,2024-06-15,2024-06-02,2024-06-05,2024-06-15,2024-06-15,Completed,Not Cancelled,411009.0,FB-005,2023-12-06,2025-12-27,2026-12-27,2.7,15,11,0,0,4300
REN2362,2025-08-23,CUST210,Home Care,Chinchwad,CPAP Machine,Respiratory Equipment,3,320,960,7040,550,85,UPI,Returned,Good,4.5,2025-08-26,2025-08-18,2025-08-23,2025-08-26,2025-08-26,Completed,Not Cancelled,411043.0,CP-007,2023-05-05,2026-04-29,2026-10-26,3.2,19,16,0,0,960
REN2363,2026-01-10,CUST387,Hospital,Baner,BiPAP Machine,Respiratory Equipment,7,520,3640,5720,600,46,Bank Transfer,Active,Excellent,3.0,,2026-01-07,2026-01-10,2026-01-17,,Confirmed,Not Cancelled,411046.0,BP-003,2022-01-03,2023-01-31,2024-01-31,4.6,11,9,0,0,3640
REN2364,2024-07-18,CUST570,Hospital,Kharadi,Oxygen Concentrator,Respiratory Equipment,14,280,3920,4480,400,84,Credit Card,Cancelled,Good,5.0,,2024-07-11,2024-07-18,,,Cancelled,Cancelled,411058.0,,,,,,16,16,0,1,3920
REN2365,2026-05-21,CUST182,Hospital,Wanowrie,Infusion Pump,Critical Care Equipment,3,330,990,6270,150,45,Debit Card,Returned,Good,3.5,2026-05-24,2026-05-11,2026-05-21,2026-05-24,2026-05-24,Completed,Not Cancelled,411015.0,IP-001,2025-02-21,2026-06-24,2026-09-22,1.4,10,7,0,0,990
REN2366,2026-03-20,CUST253,Individual Patient,Vishrantwadi,Nebulizer,Respiratory Equipment,3,80,240,800,600,19,UPI,Returned,Fair,5.0,2026-03-23,2026-03-19,2026-03-20,2026-03-23,2026-03-23,Completed,Not Cancelled,411028.0,NB-003,2023-10-05,2025-10-07,2026-01-05,2.8,12,6,0,0,240
REN2367,2026-03-17,CUST405,Clinic,Wakad,CPAP Machine,Respiratory Equipment,21,350,7350,5600,350,121,UPI,Active,Good,3.5,,2026-03-16,2026-03-17,2026-04-07,,Confirmed,Not Cancelled,411015.0,CP-007,2023-05-05,2026-04-29,2026-10-26,3.2,19,13,0,0,7350
REN2368,2024-08-01,CUST094,Hospital,Bibwewadi,Oxygen Concentrator,Respiratory Equipment,21,280,5880,2800,300,35,UPI,Returned,Excellent,3.0,2024-08-22,2024-07-23,2024-08-01,2024-08-22,2024-08-22,Completed,Not Cancelled,411040.0,OC-004,2025-03-27,2026-06-20,2026-12-17,1.3,16,12,0,0,5880
REN2369,2024-02-21,CUST144,Home Care,Viman Nagar,ECG Machine,Diagnostic Equipment,3,460,1380,9200,300,54,UPI,Active,Good,4.5,,2024-02-17,2024-02-21,2024-02-24,,Confirmed,Not Cancelled,411043.0,ECG-006,2024-08-17,2026-03-18,2026-07-16,2.0,9,8,0,0,1380
REN2370,2026-04-04,CUST245,Home Care,Aundh,Commode Chair,Mobility Equipment,10,90,900,1440,100,8,UPI,Returned,Good,3.5,2026-04-14,2026-03-31,2026-04-04,2026-04-14,2026-04-14,Completed,Not Cancelled,411014.0,CC-009,2025-02-05,,2026-07-18,1.5,10,7,0,0,900
REN2371,2024-10-11,CUST398,Hospital,Dhankawadi,CPAP Machine,Respiratory Equipment,21,360,7560,7560,450,124,Cash,Returned,Good,3.0,2024-11-01,2024-10-05,2024-10-11,2024-11-01,2024-11-01,Completed,Not Cancelled,411007.0,CP-004,2023-07-31,2023-10-18,,3.0,19,17,0,0,7560
REN2372,2025-08-05,CUST164,Home Care,Hadapsar,Oxygen Concentrator,Respiratory Equipment,30,270,8100,4860,100,45,UPI,Returned,Good,4.5,2025-09-04,2025-07-31,2025-08-05,2025-09-04,2025-09-04,Completed,Not Cancelled,411009.0,OC-010,2022-01-22,2023-03-21,2024-03-20,4.5,16,12,0,0,8100
REN2373,2025-12-18,CUST226,Home Care,Baner,Hospital Bed,Patient Care Equipment,21,380,7980,5320,450,107,UPI,Returned,Good,4.5,2026-01-08,2025-12-16,2025-12-18,2026-01-08,2026-01-08,Completed,Not Cancelled,411015.0,HB-001,2024-10-28,2025-07-27,2025-11-24,1.8,23,18,0,0,7980
REN2374,2024-05-06,CUST446,Home Care,Koregaon Park,Hospital Bed,Patient Care Equipment,45,330,14850,3960,550,15,UPI,Returned,Excellent,4.0,2024-06-20,2024-04-27,2024-05-06,2024-06-20,2024-06-20,Completed,Not Cancelled,411042.0,HB-009,2022-04-28,2023-06-27,2023-09-25,4.3,23,19,0,0,14850
REN2375,2026-01-08,CUST176,Home Care,Wanowrie,Hospital Bed,Patient Care Equipment,5,360,1800,4320,300,32,UPI,Returned,Good,4.5,2026-01-13,2026-01-06,2026-01-08,2026-01-13,2026-01-13,Completed,Not Cancelled,411015.0,HB-003,2022-11-12,2024-06-27,2024-09-25,3.7,23,17,0,0,1800
REN2376,2026-06-09,CUST315,Individual Patient,Kothrud,Hospital Bed,Patient Care Equipment,30,400,12000,4000,300,20,Credit Card,Returned,Good,4.5,2026-07-09,2026-05-30,2026-06-09,2026-07-09,2026-07-09,Completed,Not Cancelled,411048.0,HB-017,2022-03-17,2026-02-27,2026-08-26,4.4,23,14,0,0,12000
REN2377,2025-11-16,CUST357,Hospital,Kothrud,Wheelchair,Mobility Equipment,3,150,450,1950,450,44,UPI,Active,Good,4.0,,2025-11-07,2025-11-16,2025-11-19,,Confirmed,Not Cancelled,411043.0,WC-002,2024-11-25,2025-02-12,2025-06-12,1.7,20,17,0,0,450
REN2378,2025-02-25,CUST431,Home Care,Vishrantwadi,Infusion Pump,Critical Care Equipment,7,330,2310,6270,550,21,Bank Transfer,Returned,Good,4.5,2025-03-04,2025-02-23,2025-02-25,2025-03-04,2025-03-04,Completed,Not Cancelled,411014.0,IP-005,2022-06-29,2025-01-12,2025-05-12,4.1,10,8,0,0,2310
REN2379,2026-04-13,CUST171,Hospital,Kothrud,Commode Chair,Mobility Equipment,3,90,270,1260,150,29,Bank Transfer,Returned,Good,4.5,2026-04-16,2026-04-04,2026-04-13,2026-04-16,2026-04-16,Completed,Not Cancelled,411058.0,CC-007,2024-03-04,2024-05-09,2024-08-07,2.4,10,8,0,0,270
REN2380,2025-05-18,CUST197,Home Care,Bibwewadi,ECG Machine,Diagnostic Equipment,5,520,2600,5720,350,126,UPI,Returned,Excellent,5.0,2025-05-23,2025-05-10,2025-05-18,2025-05-23,2025-05-23,Completed,Not Cancelled,411046.0,ECG-006,2024-08-17,2026-03-18,2026-07-16,2.0,9,7,0,0,2600
REN2381,2025-12-03,CUST293,Individual Patient,Wanowrie,Suction Machine,Surgical Equipment,5,240,1200,2640,250,77,Bank Transfer,Returned,Excellent,4.5,2025-12-08,2025-11-19,2025-12-03,2025-12-08,2025-12-08,Completed,Not Cancelled,411052.0,SM-012,2022-09-12,2025-07-02,2025-12-29,3.9,14,12,0,0,1200
REN2382,2026-02-17,CUST372,Home Care,Viman Nagar,Suction Machine,Surgical Equipment,7,240,1680,3600,100,39,UPI,Returned,Good,,2026-02-24,2026-02-09,2026-02-17,2026-02-24,2026-02-24,Completed,Not Cancelled,411045.0,SM-007,2025-04-15,2025-08-10,2025-11-08,1.3,14,7,0,0,1680
REN2383,2025-12-07,CUST352,Hospital,Kothrud,Hospital Bed,Patient Care Equipment,30,360,10800,4320,100,71,Credit Card,Returned,Good,4.5,2026-01-06,2025-12-03,2025-12-07,2026-01-06,2026-01-06,Completed,Not Cancelled,411045.0,HB-023,2023-09-05,2024-01-10,2024-05-09,2.9,23,21,0,0,10800
REN2384,2024-09-24,CUST133,Diagnostic Center,Camp,BiPAP Machine,Respiratory Equipment,3,480,1440,9120,350,19,Cash,Returned,Good,4.5,2024-09-27,2024-09-17,2024-09-24,2024-09-27,2024-09-27,Completed,Not Cancelled,411038.0,BP-007,2024-05-15,2025-06-19,2026-06-19,2.2,11,10,0,0,1440
REN2385,2024-04-26,CUST218,Individual Patient,Hinjawadi,Oxygen Concentrator,Respiratory Equipment,10,290,2900,4060,500,52,Debit Card,Returned,Good,5.0,2024-05-06,2024-04-18,2024-04-26,2024-05-06,2024-05-06,Completed,Not Cancelled,411045.0,OC-006,2024-06-08,2024-10-26,2025-04-24,2.1,16,13,0,0,2900
REN2386,2024-08-10,CUST441,Home Care,Wanowrie,Fowler Bed,Patient Care Equipment,14,430,6020,4730,400,94,UPI,Returned,Fair,4.5,2024-08-24,2024-08-01,2024-08-10,2024-08-24,2024-08-24,Completed,Not Cancelled,411047.0,FB-005,2023-12-06,2025-12-27,2026-12-27,2.7,15,12,0,0,6020
REN2387,2025-04-25,CUST305,Home Care,Pimpri,Ventilator,Critical Care Equipment,20,1060,10600,13780,200,66,Credit Card,Returned,Good,3.5,2025-05-05,2025-04-20,2025-04-25,2025-05-05,2025-05-05,Completed,Not Cancelled,411058.0,VT-002,2024-07-09,2026-04-04,2026-08-02,2.1,8,7,0,0,21200
REN2388,2025-04-27,CUST275,Home Care,Hinjawadi,Infusion Pump,Critical Care Equipment,14,320,4480,4800,300,110,UPI,Returned,Fair,5.0,2025-05-11,2025-04-17,2025-04-27,2025-05-11,2025-05-11,Completed,Not Cancelled,411042.0,IP-003,2023-01-09,2025-06-17,2025-09-15,3.6,10,8,0,0,4480
REN2389,2025-07-05,CUST114,Clinic,Dhankawadi,Wheelchair,Mobility Equipment,5,160,800,1600,600,5,Credit Card,Returned,Good,4.5,2025-07-10,2025-07-02,2025-07-05,2025-07-10,2025-07-10,Completed,Not Cancelled,411047.0,WC-002,2024-11-25,2025-02-12,2025-06-12,1.7,20,14,0,0,800
REN2390,2025-01-08,CUST154,Home Care,Pimpri,Nebulizer,Respiratory Equipment,5,80,400,880,550,9,Bank Transfer,Returned,Excellent,4.5,2025-01-13,2024-12-26,2025-01-08,2025-01-13,2025-01-13,Completed,Not Cancelled,411057.0,NB-003,2023-10-05,2025-10-07,2026-01-05,2.8,12,8,0,0,400
REN2391,2026-01-14,CUST316,Diagnostic Center,Wakad,Hospital Bed,Patient Care Equipment,21,340,7140,7480,150,77,UPI,Returned,Excellent,4.5,2026-02-04,2026-01-10,2026-01-14,2026-02-04,2026-02-04,Completed,Not Cancelled,411043.0,HB-021,2025-06-17,2026-06-19,2026-12-16,1.1,23,15,0,0,7140
REN2392,2026-05-17,CUST389,Individual Patient,Chinchwad,Hospital Bed,Patient Care Equipment,5,340,1700,4760,450,64,Debit Card,Returned,Excellent,4.0,2026-05-22,2026-05-16,2026-05-17,2026-05-22,2026-05-22,Completed,Not Cancelled,411047.0,HB-023,2023-09-05,2024-01-10,2024-05-09,2.9,23,15,0,0,1700
REN2393,2024-08-17,CUST375,Individual Patient,Dhankawadi,Hospital Bed,Patient Care Equipment,3,350,1050,6650,400,37,Bank Transfer,Returned,Excellent,4.5,2024-08-20,2024-08-15,2024-08-17,2024-08-20,2024-08-20,Completed,Not Cancelled,411014.0,HB-020,2025-01-09,2025-06-27,2025-10-25,1.6,23,19,0,0,1050
REN2394,2025-11-25,CUST038,Clinic,Dhankawadi,Wheelchair,Mobility Equipment,21,160,3360,3360,300,55,UPI,Returned,Good,4.5,2025-12-16,2025-11-13,2025-11-25,2025-12-16,2025-12-16,Completed,Not Cancelled,411052.0,WC-004,2024-04-11,2025-03-19,2025-07-17,2.3,20,18,0,0,3360
REN2395,2025-09-27,CUST334,Home Care,Pimpri,BiPAP Machine,Respiratory Equipment,5,490,2450,5390,300,44,Debit Card,Returned,Excellent,4.5,2025-10-02,2025-09-18,2025-09-27,2025-10-02,2025-10-02,Completed,Not Cancelled,411058.0,BP-011,2025-01-04,2025-09-04,2026-09-04,1.6,11,11,0,0,2450
REN2396,2025-05-14,CUST072,Hospital,Wakad,CPAP Machine,Respiratory Equipment,21,380,7980,6840,450,81,Bank Transfer,Returned,Good,3.5,2025-06-04,2025-05-09,2025-05-14,2025-06-04,2025-06-04,Completed,Not Cancelled,411030.0,CP-006,2022-06-19,2025-01-14,2025-04-14,4.1,19,16,0,0,7980
REN2397,2024-06-29,CUST367,Home Care,Koregaon Park,Hospital Bed,Patient Care Equipment,14,360,5040,7200,600,24,UPI,Returned,Good,5.0,2024-07-13,2024-06-18,2024-06-29,2024-07-13,2024-07-13,Completed,Not Cancelled,411052.0,HB-006,2023-04-29,2023-10-02,2024-01-30,3.3,23,18,0,0,5040
REN2398,2026-01-23,CUST343,Clinic,Hadapsar,Surgical Loupe,Surgical Equipment,5,240,1200,2400,250,12,Credit Card,Returned,Good,4.5,2026-01-28,2026-01-20,2026-01-23,2026-01-28,2026-01-28,Completed,Not Cancelled,411048.0,SL-005,2022-05-04,2025-12-20,2026-06-18,4.2,7,7,0,0,1200
REN2399,2026-06-28,CUST107,Individual Patient,Koregaon Park,Patient Monitor,Monitoring Equipment,14,640,8960,8960,600,119,Debit Card,Returned,Good,4.5,2026-07-12,2026-06-25,2026-06-28,2026-07-12,2026-07-12,Completed,Not Cancelled,411015.0,PM-013,2023-07-23,2024-09-22,2025-03-21,3.0,13,7,0,0,8960
REN2400,2025-11-10,CUST479,Home Care,Wanowrie,CPAP Machine,Respiratory Equipment,10,360,3600,3960,550,104,Cash,Returned,Fair,3.0,2025-11-20,2025-11-08,2025-11-10,2025-11-20,2025-11-20,Completed,Not Cancelled,411058.0,CP-013,2024-04-10,2026-03-03,2027-03-03,2.3,19,18,0,0,3600
REN2401,2026-05-21,CUST395,Clinic,Chinchwad,Fowler Bed,Patient Care Equipment,1,470,470,4700,100,94,UPI,Returned,Good,4.5,2026-05-22,2026-05-16,2026-05-21,2026-05-22,2026-05-22,Completed,Not Cancelled,411042.0,FB-010,2025-01-27,2025-09-11,2026-03-10,1.5,15,12,0,0,470
REN2402,2026-07-18,CUST392,Home Care,Shivajinagar,Fowler Bed,Patient Care Equipment,6,450,1350,5850,250,56,Bank Transfer,Returned,Good,3.5,2026-07-21,2026-07-12,2026-07-18,2026-07-21,2026-07-21,Completed,Not Cancelled,411014.0,FB-014,2023-07-25,2025-06-16,2025-10-14,3.0,15,4,0,0,2700
REN2403,2024-11-26,CUST551,Home Care,Hinjawadi,Fowler Bed,Patient Care Equipment,3,460,1380,5520,300,16,Debit Card,Active,Good,4.5,,2024-11-24,2024-11-26,2024-11-29,,Confirmed,Not Cancelled,411009.0,FB-013,2024-04-21,2025-09-22,2026-01-20,2.3,15,12,0,0,1380
REN2404,2025-08-22,CUST310,Clinic,Hadapsar,Suction Machine,Surgical Equipment,7,270,1890,5670,450,89,Cash,Returned,Excellent,4.5,2025-08-29,2025-08-20,2025-08-22,2025-08-29,2025-08-29,Completed,Not Cancelled,411040.0,SM-011,2024-04-13,2025-11-27,2026-11-27,2.3,14,12,0,0,1890
REN2405,2025-03-29,CUST523,Individual Patient,Wakad,Infusion Pump,Critical Care Equipment,1,330,330,4290,200,32,UPI,Returned,Excellent,4.5,2025-03-30,2025-03-25,2025-03-29,2025-03-30,2025-03-30,Completed,Not Cancelled,411040.0,IP-006,2025-03-23,2025-07-23,2025-11-20,1.4,10,10,0,0,330
REN2406,2026-07-20,CUST002,Clinic,Erandwane,Oxygen Concentrator,Respiratory Equipment,10,270,2700,5130,300,58,Credit Card,Cancelled,Fair,5.0,,2026-07-17,2026-07-20,,,Cancelled,Cancelled,411052.0,,,,,,16,16,0,1,2700
REN2407,2024-04-03,CUST202,Hospital,Wanowrie,Fowler Bed,Patient Care Equipment,7,420,2940,4200,150,15,Debit Card,Returned,Good,4.0,2024-04-10,2024-03-28,2024-04-03,2024-04-10,2024-04-10,Completed,Not Cancelled,411040.0,FB-015,2024-03-17,2025-01-08,2025-05-08,2.4,15,12,0,0,2940
REN2408,2025-01-26,CUST301,Hospital,Dhankawadi,Hospital Bed,Patient Care Equipment,45,360,16200,6480,150,22,UPI,Returned,Good,4.5,2025-03-12,2025-01-20,2025-01-26,2025-03-12,2025-03-12,Completed,Not Cancelled,411030.0,HB-007,2023-05-24,2024-04-15,2025-04-15,3.2,23,21,0,0,16200
REN2409,2026-04-12,CUST394,Home Care,Dhankawadi,Infusion Pump,Critical Care Equipment,5,310,1550,5890,300,26,Credit Card,Cancelled,Good,4.5,,2026-04-10,2026-04-12,,,Cancelled,Cancelled,411028.0,,,,,,10,10,0,1,1550
REN2410,2024-09-20,CUST010,Home Care,Hadapsar,Oxygen Concentrator,Respiratory Equipment,5,270,1350,2970,400,18,Credit Card,Returned,Good,4.5,2024-09-25,2024-09-19,2024-09-20,2024-09-25,2024-09-25,Completed,Not Cancelled,411040.0,OC-002,2023-10-02,2025-09-17,2026-03-16,2.8,16,12,0,0,1350
REN2411,2026-01-15,CUST490,Diagnostic Center,Bibwewadi,Oxygen Concentrator,Respiratory Equipment,14,260,3640,3900,300,52,Credit Card,Returned,Excellent,,2026-01-29,2026-01-08,2026-01-15,2026-01-29,2026-01-29,Completed,Not Cancelled,411027.0,OC-006,2024-06-08,,2025-04-24,2.1,16,13,0,0,3640
REN2412,2024-12-27,CUST186,Home Care,Wanowrie,Surgical Loupe,Surgical Equipment,7,240,1680,5280,300,38,Bank Transfer,Returned,Fair,5.0,2025-01-03,2024-12-18,2024-12-27,2025-01-03,2025-01-03,Completed,Not Cancelled,411046.0,SL-001,2025-06-04,2025-12-06,2026-06-04,1.2,7,7,0,0,1680
REN2413,2026-07-15,CUST169,Individual Patient,Pimpri,Patient Monitor,Monitoring Equipment,30,590,17700,10030,350,169,UPI,Returned,Good,4.5,2026-08-14,2026-07-10,2026-07-15,2026-08-14,2026-08-14,Completed,Not Cancelled,,PM-006,2024-01-04,2024-06-05,2024-12-02,2.6,13,8,1,0,17700
REN2414,2026-04-20,CUST260,Home Care,Bibwewadi,Hospital Bed,Patient Care Equipment,10,330,3300,6600,400,22,Bank Transfer,Returned,Good,3.5,2026-04-30,2026-04-14,2026-04-20,2026-04-30,2026-04-30,Completed,Not Cancelled,411048.0,HB-020,2025-01-09,2025-06-27,2025-10-25,1.6,23,14,0,0,3300
REN2415,2024-10-07,CUST504,Home Care,Dhankawadi,Oxygen Concentrator,Respiratory Equipment,1,260,260,3900,450,44,UPI,Returned,Excellent,4.0,2024-10-08,2024-09-24,2024-10-07,2024-10-08,2024-10-08,Completed,Not Cancelled,411015.0,OC-014,2025-02-15,2026-03-30,2026-09-26,1.5,16,13,0,0,260
REN2416,2025-12-28,CUST096,Hospital,Dhankawadi,Oxygen Concentrator,Respiratory Equipment,14,270,3780,3510,350,45,Bank Transfer,Returned,Good,5.0,2026-01-11,2025-12-19,2025-12-28,2026-01-11,2026-01-11,Completed,Not Cancelled,411014.0,OC-016,2022-05-08,2026-06-18,2026-09-16,4.2,16,12,0,0,3780
REN2417,2024-11-11,CUST319,Clinic,Koregaon Park,Surgical Loupe,Surgical Equipment,3,220,660,3520,150,23,UPI,Returned,Excellent,3.0,2024-11-14,2024-11-07,2024-11-11,2024-11-14,2024-11-14,Completed,Not Cancelled,411058.0,SL-006,2024-02-17,2025-07-19,2026-01-15,2.5,7,7,0,0,660
REN2418,2025-07-25,CUST496,Hospital,Dhankawadi,CPAP Machine,Respiratory Equipment,30,370,11100,5550,100,22,UPI,Active,Good,4.5,,2025-07-15,2025-07-25,2025-08-24,,Confirmed,Not Cancelled,411030.0,CP-013,2024-04-10,2026-03-03,2027-03-03,2.3,19,14,0,0,11100
REN2419,2025-09-09,CUST198,Clinic,Shivajinagar,Wheelchair,Mobility Equipment,3,150,450,3300,250,5,Cash,Returned,Good,5.0,2025-09-12,2025-09-03,2025-09-09,2025-09-12,2025-09-12,Completed,Not Cancelled,411045.0,WC-019,2023-12-24,2026-05-27,2026-08-25,2.6,20,18,0,0,450
REN2420,2026-02-27,CUST160,Home Care,Dhankawadi,Patient Monitor,Monitoring Equipment,10,640,6400,9600,200,23,Bank Transfer,Active,Good,5.0,,2026-02-21,2026-02-27,2026-03-09,,Confirmed,Not Cancelled,411030.0,PM-010,2022-07-05,2026-04-25,2026-10-22,4.1,13,9,0,0,6400
REN2421,2024-01-25,CUST320,Individual Patient,Pimpri,CPAP Machine,Respiratory Equipment,10,370,3700,6660,350,58,UPI,Returned,Good,3.5,2024-02-04,2024-01-17,2024-01-25,2024-02-04,2024-02-04,Completed,Not Cancelled,411058.0,CP-003,2024-07-28,2025-08-19,2026-02-15,2.0,19,18,0,0,3700
REN2422,2024-07-25,CUST312,Home Care,Wakad,Hospital Bed,Patient Care Equipment,3,370,1110,6290,450,18,UPI,Active,Excellent,5.0,,2024-07-20,2024-07-25,2024-07-28,,Confirmed,Not Cancelled,411014.0,HB-003,2022-11-12,2024-06-27,2024-09-25,3.7,23,16,0,0,1110
REN2423,2025-10-30,CUST526,Hospital,Bibwewadi,Infusion Pump,Critical Care Equipment,21,300,6300,4200,200,47,Credit Card,Returned,Good,4.5,2025-11-20,2025-10-19,2025-10-30,2025-11-20,2025-11-20,Completed,Not Cancelled,411038.0,IP-001,2025-02-21,2026-06-24,2026-09-22,1.4,10,9,0,0,6300
REN2424,2025-06-19,CUST521,Home Care,Kothrud,Hospital Bed,Patient Care Equipment,5,330,1650,4620,350,56,Cash,Returned,Good,5.0,2025-06-24,2025-06-17,2025-06-19,2025-06-24,2025-06-24,Completed,Not Cancelled,411008.0,HB-003,2022-11-12,,2024-09-25,3.7,23,18,0,0,1650
REN2425,2025-04-18,CUST148,Individual Patient,Wakad,Surgical Headlight,Surgical Equipment,5,190,950,3800,200,33,UPI,Returned,Fair,4.5,2025-04-23,2025-04-13,2025-04-18,2025-04-23,2025-04-23,Completed,Not Cancelled,411042.0,SH-006,2025-01-03,2025-04-27,2025-07-26,1.6,8,6,0,0,950
REN2426,2024-02-26,CUST505,Home Care,Kharadi,Commode Chair,Mobility Equipment,3,90,270,1080,350,8,Cash,Returned,Good,4.5,2024-02-29,2024-02-25,2024-02-26,2024-02-29,2024-02-29,Completed,Not Cancelled,411046.0,CC-008,2024-10-02,,2026-12-20,1.8,10,6,0,0,270
REN2427,2024-11-22,CUST343,Clinic,Baner,Hospital Bed,Patient Care Equipment,7,370,2590,5550,300,70,UPI,Returned,Good,3.0,2024-11-29,2024-11-14,2024-11-22,2024-11-29,2024-11-29,Completed,Not Cancelled,411038.0,HB-017,2022-03-17,2026-02-27,2026-08-26,4.4,23,20,0,0,2590
REN2428,2026-04-02,CUST323,Clinic,Hadapsar,Nebulizer,Respiratory Equipment,7,70,490,1260,100,11,Bank Transfer,Returned,Fair,4.0,2026-04-09,2026-03-30,2026-04-02,2026-04-09,2026-04-09,Completed,Not Cancelled,,NB-009,2025-06-25,2025-08-24,2025-12-22,1.1,12,6,1,0,490
REN2429,2024-02-01,CUST074,Clinic,Wanowrie,Commode Chair,Mobility Equipment,45,90,4050,900,450,31,UPI,Returned,Good,4.5,2024-03-17,2024-01-27,2024-02-01,2024-03-17,2024-03-17,Completed,Not Cancelled,411047.0,CC-010,2022-12-23,2023-04-16,2023-10-13,3.6,10,5,0,0,4050
REN2430,2025-01-10,CUST338,Home Care,Hadapsar,Suction Machine,Surgical Equipment,7,250,1750,4500,250,11,UPI,Cancelled,Excellent,4.5,,2024-12-30,2025-01-10,,,Cancelled,Cancelled,411058.0,,,,,,14,14,0,1,1750
REN2431,2026-06-15,CUST346,Diagnostic Center,Hinjawadi,Patient Monitor,Monitoring Equipment,7,630,4410,12600,500,30,Cash,Cancelled,Good,4.5,,2026-06-13,2026-06-15,,,Cancelled,Cancelled,411058.0,,,,,,13,13,0,1,4410
REN2432,2024-02-21,CUST098,Home Care,Shivajinagar,Hospital Bed,Patient Care Equipment,3,350,1050,5250,450,103,UPI,Returned,Excellent,5.0,2024-02-24,2024-02-20,2024-02-21,2024-02-24,2024-02-24,Completed,Not Cancelled,411058.0,HB-018,2023-03-16,2025-07-16,2025-11-13,3.4,23,16,0,0,1050
REN2433,2025-12-08,CUST029,Individual Patient,Hadapsar,Hospital Bed,Patient Care Equipment,14,360,5040,6120,200,41,Cash,Returned,Good,3.0,2025-12-22,2025-12-02,2025-12-08,2025-12-22,2025-12-22,Completed,Not Cancelled,411037.0,HB-022,2022-10-26,2023-05-17,2024-05-16,3.8,23,19,0,0,5040
REN2434,2024-08-27,CUST310,Home Care,Wakad,Nebulizer,Respiratory Equipment,14,80,1120,1280,550,7,UPI,Returned,Good,4.0,2024-09-10,2024-08-22,2024-08-27,2024-09-10,2024-09-10,Completed,Not Cancelled,411058.0,NB-007,2025-05-13,2025-09-25,2026-01-23,1.2,12,12,0,0,1120
REN2435,2026-04-04,CUST024,Home Care,Kothrud,Hospital Bed,Patient Care Equipment,14,380,5320,6840,100,118,UPI,Returned,Fair,4.5,2026-04-18,2026-04-03,2026-04-04,2026-04-18,2026-04-18,Completed,Not Cancelled,411045.0,HB-019,2022-04-24,2024-04-14,2025-04-14,4.3,23,5,0,0,5320
REN2436,2025-12-04,CUST234,Individual Patient,Chinchwad,Wheelchair,Mobility Equipment,14,160,2240,1600,400,32,Debit Card,Cancelled,Good,4.5,,2025-12-01,2025-12-04,,,Cancelled,Cancelled,411008.0,,,,,,20,20,0,1,2240
REN2437,2026-04-22,CUST574,Home Care,Shivajinagar,Fowler Bed,Patient Care Equipment,5,410,2050,7380,500,93,Bank Transfer,Returned,Good,4.5,2026-04-27,2026-04-19,2026-04-22,2026-04-27,2026-04-27,Completed,Not Cancelled,411008.0,FB-005,2023-12-06,2025-12-27,2026-12-27,2.7,15,10,0,0,2050
REN2438,2024-07-22,CUST064,Individual Patient,Hadapsar,Wheelchair,Mobility Equipment,21,150,3150,2250,350,5,UPI,Returned,Good,4.5,2024-08-12,2024-07-19,2024-07-22,2024-08-12,2024-08-12,Completed,Not Cancelled,411030.0,WC-008,2024-11-30,2025-04-12,2025-07-11,1.7,20,18,0,0,3150
REN2439,2025-05-21,CUST210,Hospital,Pimpri,Commode Chair,Mobility Equipment,5,90,450,900,400,10,Credit Card,Returned,Good,3.5,2025-05-26,2025-05-12,2025-05-21,2025-05-26,2025-05-26,Completed,Not Cancelled,411042.0,CC-010,2022-12-23,2023-04-16,2023-10-13,3.6,10,8,0,0,450
REN2440,2026-01-06,CUST233,Clinic,Vishrantwadi,ECG Machine,Diagnostic Equipment,5,520,2600,10400,350,59,UPI,Returned,Good,4.5,2026-01-11,2026-01-03,2026-01-06,2026-01-11,2026-01-11,Completed,Not Cancelled,411008.0,ECG-004,2022-05-09,2024-04-30,2025-04-30,4.2,9,5,0,0,2600
REN2441,2024-08-16,CUST499,Hospital,Dhankawadi,ECG Machine,Diagnostic Equipment,3,490,1470,5390,100,134,Debit Card,Cancelled,Good,5.0,,2024-08-11,2024-08-16,,,Cancelled,Cancelled,411042.0,,,,,,9,9,0,1,1470
REN2442,2024-08-03,CUST046,Hospital,Vishrantwadi,Hospital Bed,Patient Care Equipment,7,360,2520,6120,450,55,UPI,Returned,Good,5.0,2024-08-10,2024-07-31,2024-08-03,2024-08-10,2024-08-10,Completed,Not Cancelled,411045.0,HB-006,2023-04-29,2023-10-02,2024-01-30,3.3,23,17,0,0,2520
REN2443,2024-01-28,CUST466,Home Care,Koregaon Park,CPAP Machine,Respiratory Equipment,5,320,1600,6720,600,69,Credit Card,Returned,Fair,4.5,2024-02-02,2024-01-15,2024-01-28,2024-02-02,2024-02-02,Completed,Not Cancelled,411045.0,CP-005,2022-05-05,2023-05-04,2023-10-31,4.2,19,17,0,0,1600
REN2444,2026-06-26,CUST263,Clinic,Bibwewadi,ECG Machine,Diagnostic Equipment,5,500,2500,10500,500,164,UPI,Returned,Excellent,4.5,2026-07-01,2026-06-17,2026-06-26,2026-07-01,2026-07-01,Completed,Not Cancelled,411058.0,ECG-007,2025-02-25,2025-07-31,2026-07-31,1.4,9,6,0,0,2500
REN2445,2025-10-29,CUST375,Home Care,Viman Nagar,CPAP Machine,Respiratory Equipment,5,330,1650,5940,100,114,Bank Transfer,Returned,Fair,5.0,2025-11-03,2025-10-24,2025-10-29,2025-11-03,2025-11-03,Completed,Not Cancelled,411030.0,CP-009,2022-05-28,,2025-08-06,4.2,19,16,0,0,1650
REN2446,2025-08-20,CUST391,Home Care,Erandwane,BiPAP Machine,Respiratory Equipment,5,550,2750,10450,200,39,Cash,Returned,Good,5.0,2025-08-25,2025-08-12,2025-08-20,2025-08-25,2025-08-25,Completed,Not Cancelled,411007.0,BP-004,2024-06-27,2025-02-23,2026-02-23,2.1,11,9,0,0,2750
REN2447,2025-12-02,CUST138,Home Care,Bibwewadi,Suction Machine,Surgical Equipment,14,240,3360,4080,550,50,Debit Card,Returned,Good,3.0,2025-12-16,2025-11-28,2025-12-02,2025-12-16,2025-12-16,Completed,Not Cancelled,411058.0,SM-008,2022-11-17,2026-01-26,2026-04-26,3.7,14,13,0,0,3360
REN2448,2025-05-21,CUST034,Hospital,Camp,Oxygen Concentrator,Respiratory Equipment,21,280,5880,5600,450,71,UPI,Returned,Good,4.0,2025-06-11,2025-05-20,2025-05-21,2025-06-11,2025-06-11,Completed,Not Cancelled,411040.0,OC-002,2023-10-02,2025-09-17,2026-03-16,2.8,16,12,0,0,5880
REN2449,2025-03-31,CUST535,Individual Patient,Kothrud,Oxygen Concentrator,Respiratory Equipment,45,280,12600,6160,300,78,UPI,Returned,Good,5.0,2025-05-15,2025-03-26,2025-03-31,2025-05-15,2025-05-15,Completed,Not Cancelled,411043.0,OC-001,2025-03-23,2025-09-09,2026-01-07,1.4,16,10,0,0,12600
REN2450,2025-03-05,CUST419,Hospital,Shivajinagar,BiPAP Machine,Respiratory Equipment,21,530,11130,7950,200,172,UPI,Active,Good,5.0,,2025-02-27,2025-03-05,2025-03-26,,Confirmed,Not Cancelled,411040.0,BP-008,2024-04-21,2024-11-06,2025-02-04,2.3,11,10,0,0,11130
REN2451,2025-08-24,CUST414,Individual Patient,Bibwewadi,Wheelchair,Mobility Equipment,14,140,1960,2100,350,37,Debit Card,Returned,Excellent,4.5,2025-09-07,2025-08-20,2025-08-24,2025-09-07,2025-09-07,Completed,Not Cancelled,411038.0,WC-012,2025-04-29,2026-05-02,2027-05-02,1.3,20,16,0,0,1960
REN2452,2024-07-10,CUST495,Individual Patient,Erandwane,Infusion Pump,Critical Care Equipment,30,330,9900,3960,100,83,UPI,Returned,Excellent,4.0,2024-08-09,2024-07-06,2024-07-10,2024-08-09,2024-08-09,Completed,Not Cancelled,411014.0,IP-002,2023-07-05,2024-03-20,2025-03-20,3.1,10,8,0,0,9900
REN2453,2026-04-24,CUST058,Individual Patient,Pimpri,Patient Monitor,Monitoring Equipment,10,670,6700,14740,100,32,Credit Card,Returned,Good,5.0,2026-05-04,2026-04-16,2026-04-24,2026-05-04,2026-05-04,Completed,Not Cancelled,411042.0,PM-005,2024-05-27,2025-01-13,2025-05-13,2.2,13,7,0,0,6700
REN2454,2026-02-09,CUST013,Home Care,Camp,Hospital Bed,Patient Care Equipment,14,340,4760,7140,100,69,UPI,Cancelled,Good,4.0,,2026-01-29,2026-02-09,,,Cancelled,Cancelled,411048.0,,,,,,23,23,0,1,4760
REN2455,2024-11-24,CUST536,Individual Patient,Wanowrie,Nebulizer,Respiratory Equipment,1,80,80,1520,550,18,Cash,Returned,Good,4.0,2024-11-25,2024-11-13,2024-11-24,2024-11-25,2024-11-25,Completed,Not Cancelled,411009.0,NB-007,2025-05-13,2025-09-25,2026-01-23,1.2,12,11,0,0,80
REN2456,2025-07-02,CUST229,Hospital,Hinjawadi,CPAP Machine,Respiratory Equipment,30,350,10500,6300,100,89,Credit Card,Active,Good,4.5,,2025-06-26,2025-07-02,2025-08-01,,Confirmed,Not Cancelled,411030.0,CP-004,2023-07-31,,2024-01-16,3.0,19,16,0,0,10500
REN2457,2024-05-17,CUST393,Individual Patient,Hinjawadi,Wheelchair,Mobility Equipment,14,160,2240,1920,400,35,Credit Card,Returned,Good,4.5,2024-05-31,2024-05-10,2024-05-17,2024-05-31,2024-05-31,Completed,Not Cancelled,411057.0,WC-010,2022-10-28,2026-07-19,2027-01-15,3.8,20,13,0,0,2240
REN2458,2026-07-08,CUST374,Home Care,Koregaon Park,Ventilator,Critical Care Equipment,45,1060,47700,22260,250,171,Debit Card,Returned,Fair,4.0,2026-08-22,2026-07-02,2026-07-08,2026-08-22,2026-08-22,Completed,Not Cancelled,411037.0,VT-008,2025-06-28,2025-09-10,2026-03-09,1.1,8,5,0,0,47700
REN2459,2026-05-08,CUST494,Hospital,Erandwane,Nebulizer,Respiratory Equipment,14,80,1120,800,500,15,Cash,Returned,Good,4.5,2026-05-22,2026-05-04,2026-05-08,2026-05-22,2026-05-22,Completed,Not Cancelled,411014.0,NB-002,2025-06-20,2026-04-29,2026-08-27,1.1,12,9,0,0,1120
REN2460,2026-05-25,CUST157,Individual Patient,Koregaon Park,Suction Machine,Surgical Equipment,5,250,1250,4500,150,85,Credit Card,Active,Good,4.5,,2026-05-16,2026-05-25,2026-05-30,,Confirmed,Not Cancelled,411058.0,SM-011,2024-04-13,2025-11-27,2026-11-27,2.3,14,9,0,0,1250
REN2461,2024-11-06,CUST164,Home Care,Viman Nagar,ECG Machine,Diagnostic Equipment,14,490,6860,6370,600,66,Bank Transfer,Returned,Excellent,4.0,2024-11-20,2024-11-04,2024-11-06,2024-11-20,2024-11-20,Completed,Not Cancelled,411009.0,ECG-004,2022-05-09,,2025-04-30,4.2,9,6,0,0,6860
REN2462,2024-06-12,CUST373,Home Care,Wanowrie,Patient Monitor,Monitoring Equipment,14,680,9520,10200,100,191,Bank Transfer,Returned,Fair,4.0,2024-06-26,2024-06-01,2024-06-12,2024-06-26,2024-06-26,Completed,Not Cancelled,411015.0,PM-006,2024-01-04,2024-06-05,2024-12-02,2.6,13,11,0,0,9520
REN2463,2024-07-18,CUST102,Individual Patient,Hinjawadi,CPAP Machine,Respiratory Equipment,45,360,16200,3960,550,81,Credit Card,Cancelled,Excellent,4.5,,2024-07-15,2024-07-18,,,Cancelled,Cancelled,411038.0,,,,,,19,19,0,1,16200
REN2464,2024-03-31,CUST271,Individual Patient,Vishrantwadi,Wheelchair,Mobility Equipment,10,140,1400,1540,150,24,UPI,Active,Good,,,2024-03-28,2024-03-31,2024-04-10,,Confirmed,Not Cancelled,411030.0,WC-009,2024-08-16,2024-11-16,2025-11-16,2.0,20,15,0,0,1400
REN2465,2024-04-29,CUST592,Hospital,Erandwane,Wheelchair,Mobility Equipment,7,160,1120,2240,100,26,Bank Transfer,Returned,Good,5.0,2024-05-06,2024-04-26,2024-04-29,2024-05-06,2024-05-06,Completed,Not Cancelled,411037.0,WC-011,2024-06-14,2024-10-17,2025-04-15,2.1,20,17,0,0,1120
REN2466,2024-03-13,CUST103,Home Care,Erandwane,CPAP Machine,Respiratory Equipment,30,390,11700,5850,100,79,Bank Transfer,Returned,Excellent,3.5,2024-04-12,2024-03-03,2024-03-13,2024-04-12,2024-04-12,Completed,Not Cancelled,411047.0,CP-005,2022-05-05,2023-05-04,2023-10-31,4.2,19,18,0,0,11700
REN2467,2026-07-23,CUST365,Hospital,Pimpri,Fowler Bed,Patient Care Equipment,21,470,9870,9870,500,134,UPI,Returned,Excellent,4.5,2026-08-13,2026-07-20,2026-07-23,2026-08-13,2026-08-13,Completed,Not Cancelled,411042.0,FB-007,2022-07-03,2023-06-21,2023-10-19,4.1,15,5,0,0,9870
REN2468,2024-03-15,CUST156,Home Care,Baner,Nebulizer,Respiratory Equipment,1,70,70,1190,250,5,UPI,Returned,Fair,5.0,2024-03-16,2024-03-08,2024-03-15,2024-03-16,2024-03-16,Completed,Not Cancelled,411038.0,NB-011,2022-04-03,2023-07-05,2023-10-03,4.3,12,10,0,0,70
REN2469,2024-05-10,CUST195,Hospital,Shivajinagar,CPAP Machine,Respiratory Equipment,1,350,350,3500,300,112,Bank Transfer,Returned,Good,4.0,2024-05-11,2024-05-06,2024-05-10,2024-05-11,2024-05-11,Completed,Not Cancelled,411046.0,CP-008,2024-06-15,2025-04-22,2025-08-20,2.1,19,10,0,0,350
REN2470,2026-02-24,CUST284,Clinic,Wanowrie,Suction Machine,Surgical Equipment,21,250,5250,5500,550,69,UPI,Returned,Excellent,4.5,2026-03-17,2026-02-17,2026-02-24,2026-03-17,2026-03-17,Completed,Not Cancelled,411043.0,SM-011,2024-04-13,2025-11-27,2026-11-27,2.3,14,7,0,0,5250
REN2471,2025-07-03,CUST394,Individual Patient,Wanowrie,ECG Machine,Diagnostic Equipment,3,500,1500,8500,200,71,Bank Transfer,Active,Good,4.5,,2025-06-26,2025-07-03,2025-07-06,,Confirmed,Not Cancelled,411043.0,ECG-002,2022-10-22,2024-10-03,2025-01-31,3.8,9,7,0,0,1500
REN2472,2026-01-01,CUST199,Home Care,Baner,Surgical Loupe,Surgical Equipment,5,240,1200,4800,400,8,Bank Transfer,Returned,Good,4.5,2026-01-06,2025-12-18,2026-01-01,2026-01-06,2026-01-06,Completed,Not Cancelled,411038.0,SL-002,2025-04-12,2025-07-05,2026-01-01,1.3,7,6,0,0,1200
REN2473,2025-08-15,CUST249,Individual Patient,Bibwewadi,Oxygen Concentrator,Respiratory Equipment,1,270,270,5940,250,17,UPI,Active,Good,3.0,,2025-08-11,2025-08-15,2025-08-16,,Confirmed,Not Cancelled,411042.0,OC-007,2022-03-01,2024-09-16,2025-01-14,4.4,16,13,0,0,270
REN2474,2026-04-18,CUST036,Diagnostic Center,Kothrud,Surgical Headlight,Surgical Equipment,14,170,2380,2720,100,13,UPI,Returned,Good,4.0,2026-05-02,2026-04-14,2026-04-18,2026-05-02,2026-05-02,Completed,Not Cancelled,411027.0,SH-002,2022-07-07,2023-03-12,2023-06-10,4.1,8,4,0,0,2380
REN2475,2025-08-22,CUST055,Diagnostic Center,Vishrantwadi,ECG Machine,Diagnostic Equipment,7,530,3710,6360,600,33,UPI,Returned,Good,4.0,2025-08-29,2025-08-20,2025-08-22,2025-08-29,2025-08-29,Completed,Not Cancelled,411037.0,ECG-005,2022-01-24,2022-08-13,2022-12-11,4.5,9,7,0,0,3710
REN2476,2025-05-13,CUST559,Home Care,Koregaon Park,Hospital Bed,Patient Care Equipment,5,330,1650,4950,300,21,UPI,Returned,Good,4.5,2025-05-18,2025-05-08,2025-05-13,2025-05-18,2025-05-18,Completed,Not Cancelled,411014.0,HB-017,2022-03-17,2026-02-27,2026-08-26,4.4,23,21,0,0,1650
REN2477,2025-10-31,CUST259,Hospital,Erandwane,Oxygen Concentrator,Respiratory Equipment,7,270,1890,4860,550,91,Credit Card,Returned,Excellent,3.5,2025-11-07,2025-10-21,2025-10-31,2025-11-07,2025-11-07,Completed,Not Cancelled,,OC-011,2023-11-25,2025-04-03,2025-07-02,2.7,16,15,1,0,1890
REN2478,2025-03-03,CUST267,Individual Patient,Pimpri,Wheelchair,Mobility Equipment,3,140,420,1400,300,34,Bank Transfer,Returned,Excellent,4.5,2025-03-06,2025-02-28,2025-03-03,2025-03-06,2025-03-06,Completed,Not Cancelled,411052.0,WC-003,2022-01-25,,2024-08-14,4.5,20,19,0,0,420
REN2479,2024-11-20,CUST038,Home Care,Camp,BiPAP Machine,Respiratory Equipment,21,550,11550,12100,550,161,Debit Card,Returned,Good,4.5,2024-12-11,2024-11-07,2024-11-20,2024-12-11,2024-12-11,Completed,Not Cancelled,411048.0,BP-006,2023-06-13,2023-11-02,2024-04-30,3.1,11,9,0,0,11550
REN2480,2025-03-22,CUST065,Hospital,Hinjawadi,Patient Monitor,Monitoring Equipment,10,620,6200,8680,150,130,UPI,Returned,Excellent,3.0,2025-04-01,2025-03-21,2025-03-22,2025-04-01,2025-04-01,Completed,Not Cancelled,411027.0,PM-013,2023-07-23,2024-09-22,,3.0,13,13,0,0,6200
REN2481,2024-06-12,CUST328,Individual Patient,Viman Nagar,Fowler Bed,Patient Care Equipment,10,460,4600,8280,350,105,Bank Transfer,Returned,Good,4.0,2024-06-22,2024-06-02,2024-06-12,2024-06-22,2024-06-22,Completed,Not Cancelled,411038.0,FB-006,2024-01-01,2025-08-08,2025-11-06,2.6,15,8,0,0,4600
REN2482,2026-01-24,CUST141,Individual Patient,Koregaon Park,Commode Chair,Mobility Equipment,5,90,450,1980,300,28,UPI,Returned,Good,4.0,2026-01-29,2026-01-16,2026-01-24,2026-01-29,2026-01-29,Completed,Not Cancelled,411058.0,CC-009,2025-02-05,2026-03-20,2026-07-18,1.5,10,10,0,0,450
REN2483,2024-08-29,CUST334,Clinic,Kharadi,Oxygen Concentrator,Respiratory Equipment,30,260,7800,5460,600,30,Debit Card,Returned,Fair,5.0,2024-09-28,2024-08-18,2024-08-29,2024-09-28,2024-09-28,Completed,Not Cancelled,411040.0,OC-016,2022-05-08,,2026-09-16,4.2,16,15,0,0,7800
REN2484,2024-05-29,CUST254,Individual Patient,Hinjawadi,CPAP Machine,Respiratory Equipment,14,350,4900,6650,250,88,UPI,Returned,Good,3.5,2024-06-12,2024-05-23,2024-05-29,2024-06-12,2024-06-12,Completed,Not Cancelled,,CP-011,2025-03-04,2025-12-26,2026-12-26,1.4,19,18,1,0,4900
REN2485,2024-08-17,CUST274,Hospital,Bibwewadi,Infusion Pump,Critical Care Equipment,14,330,4620,4290,500,105,Credit Card,Returned,Good,4.5,2024-08-31,2024-08-09,2024-08-17,2024-08-31,2024-08-31,Completed,Not Cancelled,411042.0,IP-008,2023-06-01,2023-09-22,2024-01-20,3.2,10,9,0,0,4620
REN2486,2026-03-11,CUST197,Individual Patient,Hinjawadi,Ventilator,Critical Care Equipment,3,1070,3210,17120,350,353,Credit Card,Returned,Excellent,4.5,2026-03-14,2026-03-10,2026-03-11,2026-03-14,2026-03-14,Completed,Not Cancelled,411052.0,VT-004,2023-09-08,2024-10-14,2025-04-12,2.9,8,5,0,0,3210
REN2487,2024-11-04,CUST417,Home Care,Viman Nagar,Commode Chair,Mobility Equipment,10,90,900,1440,300,15,UPI,Returned,Good,4.0,2024-11-14,2024-10-31,2024-11-04,2024-11-14,2024-11-14,Completed,Not Cancelled,411015.0,CC-010,2022-12-23,2023-04-16,2023-10-13,3.6,10,10,0,0,900
REN2488,2025-10-05,CUST204,Individual Patient,Vishrantwadi,Wheelchair,Mobility Equipment,5,160,800,3360,450,49,Cash,Returned,Good,5.0,2025-10-10,2025-09-26,2025-10-05,2025-10-10,2025-10-10,Completed,Not Cancelled,411057.0,WC-015,2022-05-31,2025-11-16,2026-11-16,4.2,20,17,0,0,800
REN2489,2026-03-25,CUST334,Diagnostic Center,Chinchwad,Hospital Bed,Patient Care Equipment,5,330,1650,3300,450,63,UPI,Returned,Excellent,4.5,2026-03-30,2026-03-23,2026-03-25,2026-03-30,2026-03-30,Completed,Not Cancelled,411047.0,HB-019,2022-04-24,2024-04-14,2025-04-14,4.3,23,7,0,0,1650
REN2490,2024-03-19,CUST386,Individual Patient,Pimpri,Wheelchair,Mobility Equipment,14,140,1960,1400,350,16,UPI,Returned,Excellent,4.5,2024-04-02,2024-03-10,2024-03-19,2024-04-02,2024-04-02,Completed,Not Cancelled,411008.0,WC-003,2022-01-25,2024-05-16,2024-08-14,4.5,20,18,0,0,1960
REN2491,2025-12-23,CUST593,Home Care,Aundh,CPAP Machine,Respiratory Equipment,3,390,1170,4290,100,43,Bank Transfer,Returned,Good,3.5,2025-12-26,2025-12-20,2025-12-23,2025-12-26,2025-12-26,Completed,Not Cancelled,411058.0,CP-014,2024-05-28,2026-03-24,2027-03-24,2.2,19,16,0,0,1170
REN2492,2024-10-13,CUST101,Hospital,Camp,Wheelchair,Mobility Equipment,5,130,650,2860,100,23,Credit Card,Returned,Fair,4.0,2024-10-18,2024-10-09,2024-10-13,2024-10-18,2024-10-18,Completed,Not Cancelled,411043.0,WC-014,2025-07-05,2026-01-27,2026-04-27,1.1,20,17,0,0,650
REN2493,2024-07-23,CUST379,Diagnostic Center,Hadapsar,Surgical Headlight,Surgical Equipment,5,180,900,3060,400,20,UPI,Returned,Good,4.0,2024-07-28,2024-07-16,2024-07-23,2024-07-28,2024-07-28,Completed,Not Cancelled,411015.0,SH-005,2023-10-28,2025-09-07,2025-12-06,2.8,8,8,0,0,900
REN2494,2025-10-08,CUST394,Clinic,Kothrud,BiPAP Machine,Respiratory Equipment,21,540,11340,10260,100,21,UPI,Returned,Good,4.5,2025-10-29,2025-10-07,2025-10-08,2025-10-29,2025-10-29,Completed,Not Cancelled,411047.0,BP-001,2024-10-27,2025-12-27,2026-03-27,1.8,11,10,0,0,11340
REN2495,2026-05-14,CUST248,Individual Patient,Shivajinagar,CPAP Machine,Respiratory Equipment,30,340,10200,3740,400,22,UPI,Active,Good,5.0,,2026-05-07,2026-05-14,2026-06-13,,Confirmed,Not Cancelled,411048.0,CP-008,2024-06-15,2025-04-22,2025-08-20,2.1,19,11,0,0,10200
REN2496,2024-10-01,CUST150,Individual Patient,Viman Nagar,Oxygen Concentrator,Respiratory Equipment,7,270,1890,2700,550,81,Debit Card,Returned,Good,4.5,2024-10-08,2024-09-19,2024-10-01,2024-10-08,2024-10-08,Completed,Not Cancelled,411043.0,OC-012,2022-09-21,2025-04-21,2025-10-18,3.9,16,13,0,0,1890
REN2497,2025-06-24,CUST153,Individual Patient,Wakad,CPAP Machine,Respiratory Equipment,3,390,1170,7020,500,122,Credit Card,Returned,Fair,4.0,2025-06-27,2025-06-23,2025-06-24,2025-06-27,2025-06-27,Completed,Not Cancelled,411058.0,CP-013,2024-04-10,2026-03-03,2027-03-03,2.3,19,11,0,0,1170
REN2498,2024-09-26,CUST127,Clinic,Viman Nagar,Fowler Bed,Patient Care Equipment,14,470,6580,8930,450,145,UPI,Returned,Excellent,3.5,2024-10-10,2024-09-23,2024-09-26,2024-10-10,2024-10-10,Completed,Not Cancelled,411052.0,FB-014,2023-07-25,2025-06-16,2025-10-14,3.0,15,11,0,0,6580
REN2499,2025-06-11,CUST141,Clinic,Wanowrie,Nebulizer,Respiratory Equipment,7,90,630,1350,250,19,UPI,Returned,Good,4.5,2025-06-18,2025-06-10,2025-06-11,2025-06-18,2025-06-18,Completed,Not Cancelled,411028.0,NB-004,2022-09-18,2023-08-03,2023-12-01,3.9,12,11,0,0,630
REN2500,2025-08-08,CUST107,Clinic,Erandwane,Hospital Bed,Patient Care Equipment,30,390,11700,4290,450,128,Debit Card,Returned,Good,3.0,2025-09-07,2025-08-02,2025-08-08,2025-09-07,2025-09-07,Completed,Not Cancelled,411009.0,HB-009,2022-04-28,2023-06-27,2023-09-25,4.3,23,20,0,0,11700
REN2501,2025-07-29,CUST380,Individual Patient,Koregaon Park,ECG Machine,Diagnostic Equipment,14,480,6720,7680,200,91,Debit Card,Returned,Good,4.5,2025-08-12,2025-07-20,2025-07-29,2025-08-12,2025-08-12,Completed,Not Cancelled,411048.0,ECG-001,2025-06-16,2025-11-07,2026-02-05,1.1,9,5,0,0,6720
REN2502,2025-08-09,CUST499,Home Care,Chinchwad,Hospital Bed,Patient Care Equipment,7,330,2310,5940,600,59,UPI,Cancelled,Excellent,5.0,,2025-07-28,2025-08-09,,,Cancelled,Cancelled,411057.0,,,,,,23,23,0,1,2310
REN2503,2024-05-12,CUST191,Individual Patient,Wanowrie,Oxygen Concentrator,Respiratory Equipment,21,280,5880,3360,100,51,Bank Transfer,Returned,Good,4.5,2024-06-02,2024-05-08,2024-05-12,2024-06-02,2024-06-02,Completed,Not Cancelled,411027.0,OC-004,2025-03-27,2026-06-20,2026-12-17,1.3,16,13,0,0,5880
REN2504,2025-10-13,CUST341,Home Care,Hinjawadi,Surgical Loupe,Surgical Equipment,30,240,7200,3120,350,27,UPI,Returned,Fair,4.0,2025-11-12,2025-10-11,2025-10-13,2025-11-12,2025-11-12,Completed,Not Cancelled,411042.0,SL-004,2024-02-17,2025-06-05,2025-12-02,2.5,7,6,0,0,7200
REN2505,2025-09-24,CUST100,Home Care,Pimpri,Wheelchair,Mobility Equipment,1,130,130,2470,350,29,UPI,Returned,Good,4.0,2025-09-25,2025-09-23,2025-09-24,2025-09-25,2025-09-25,Completed,Not Cancelled,411040.0,WC-002,2024-11-25,2025-02-12,2025-06-12,1.7,20,15,0,0,130
REN2506,2025-10-02,CUST232,Individual Patient,Shivajinagar,Hospital Bed,Patient Care Equipment,21,330,6930,3960,100,57,Debit Card,Returned,Good,4.5,2025-10-23,2025-09-28,2025-10-02,2025-10-23,2025-10-23,Completed,Not Cancelled,411028.0,HB-013,2025-05-03,2025-11-16,2026-03-16,1.2,23,21,0,0,6930
REN2507,2024-03-15,CUST589,Hospital,Dhankawadi,Suction Machine,Surgical Equipment,7,240,1680,2640,200,82,Debit Card,Returned,Fair,3.0,2024-03-22,2024-03-09,2024-03-15,2024-03-22,2024-03-22,Completed,Not Cancelled,411040.0,SM-011,2024-04-13,2025-11-27,2026-11-27,2.3,14,11,0,0,1680
REN2508,2025-03-02,CUST327,Clinic,Pimpri,CPAP Machine,Respiratory Equipment,3,370,1110,6660,450,31,UPI,Returned,Fair,5.0,2025-03-05,2025-02-19,2025-03-02,2025-03-05,2025-03-05,Completed,Not Cancelled,411040.0,CP-008,2024-06-15,2025-04-22,2025-08-20,2.1,19,14,0,0,1110
REN2509,2025-01-23,CUST201,Hospital,Aundh,Hospital Bed,Patient Care Equipment,5,360,1800,3600,400,20,Debit Card,Returned,Good,4.5,2025-01-28,2025-01-20,2025-01-23,2025-01-28,2025-01-28,Completed,Not Cancelled,411058.0,HB-008,2024-07-02,2025-07-25,2026-01-21,2.1,23,22,0,0,1800
REN2510,2024-03-28,CUST163,Clinic,Aundh,Hospital Bed,Patient Care Equipment,3,330,990,4950,150,47,Bank Transfer,Returned,Good,4.5,2024-03-31,2024-03-19,2024-03-28,2024-03-31,2024-03-31,Completed,Not Cancelled,411028.0,HB-007,2023-05-24,2024-04-15,2025-04-15,3.2,23,20,0,0,990
REN2511,2024-07-27,CUST184,Hospital,Pimpri,Hospital Bed,Patient Care Equipment,5,350,1750,5950,150,35,Bank Transfer,Returned,Fair,4.5,2024-08-01,2024-07-22,2024-07-27,2024-08-01,2024-08-01,Completed,Not Cancelled,411009.0,HB-004,2025-03-24,2026-06-21,2026-12-18,1.4,23,16,0,0,1750
REN2512,2025-02-24,CUST255,Hospital,Baner,Fowler Bed,Patient Care Equipment,14,410,5740,4100,450,142,Bank Transfer,Active,Excellent,4.0,,2025-02-13,2025-02-24,2025-03-10,,Confirmed,Not Cancelled,411038.0,FB-012,2024-03-04,2025-10-11,2026-04-09,2.4,15,9,0,0,5740
REN2513,2025-12-01,CUST307,Home Care,Viman Nagar,Wheelchair,Mobility Equipment,14,150,2100,2700,450,31,Credit Card,Returned,Excellent,,2025-12-15,2025-11-20,2025-12-01,2025-12-15,2025-12-15,Completed,Not Cancelled,,WC-003,2022-01-25,2024-05-16,2024-08-14,4.5,20,15,1,0,2100
REN2514,2024-08-09,CUST021,Hospital,Kharadi,Commode Chair,Mobility Equipment,30,90,2700,1800,300,13,Cash,Returned,Excellent,4.5,2024-09-08,2024-07-30,2024-08-09,2024-09-08,2024-09-08,Completed,Not Cancelled,411014.0,CC-009,2025-02-05,2026-03-20,2026-07-18,1.5,10,9,0,0,2700
REN2515,2026-02-27,CUST338,Home Care,Kharadi,Infusion Pump,Critical Care Equipment,14,330,4620,7260,100,78,UPI,Returned,Fair,4.0,2026-03-13,2026-02-23,2026-02-27,2026-03-13,2026-03-13,Completed,Not Cancelled,411043.0,IP-009,2024-05-29,2025-01-24,2026-01-24,2.2,10,6,0,0,4620
REN2516,2025-06-03,CUST315,Home Care,Chinchwad,Wheelchair,Mobility Equipment,3,140,420,1820,100,24,Credit Card,Returned,Good,3.0,2025-06-06,2025-05-30,2025-06-03,2025-06-06,2025-06-06,Completed,Not Cancelled,411048.0,WC-003,2022-01-25,2024-05-16,2024-08-14,4.5,20,13,0,0,420
REN2517,2025-12-18,CUST441,Home Care,Camp,Oxygen Concentrator,Respiratory Equipment,21,290,6090,4060,150,28,UPI,Returned,Good,5.0,2026-01-08,2025-12-16,2025-12-18,2026-01-08,2026-01-08,Completed,Not Cancelled,411009.0,OC-015,2023-09-05,2024-03-04,2024-07-02,2.9,16,11,0,0,6090
REN2518,2025-03-27,CUST115,Clinic,Pimpri,Wheelchair,Mobility Equipment,30,150,4500,2700,100,23,Bank Transfer,Returned,Good,5.0,2025-04-26,2025-03-24,2025-03-27,2025-04-26,2025-04-26,Completed,Not Cancelled,411030.0,WC-002,2024-11-25,2025-02-12,2025-06-12,1.7,20,17,0,0,4500
REN2519,2025-04-22,CUST498,Hospital,Kothrud,Oxygen Concentrator,Respiratory Equipment,5,280,1400,4760,400,34,UPI,Returned,Excellent,3.5,2025-04-27,2025-04-15,2025-04-22,2025-04-27,2025-04-27,Completed,Not Cancelled,411014.0,OC-002,2023-10-02,2025-09-17,2026-03-16,2.8,16,10,0,0,1400
REN2520,2025-08-06,CUST370,Diagnostic Center,Aundh,Wheelchair,Mobility Equipment,7,160,1120,2720,300,37,Credit Card,Returned,Good,5.0,2025-08-13,2025-07-24,2025-08-06,2025-08-13,2025-08-13,Completed,Not Cancelled,411038.0,WC-004,2024-04-11,2025-03-19,2025-07-17,2.3,20,15,0,0,1120
REN2521,2026-05-30,CUST355,Diagnostic Center,Hadapsar,Commode Chair,Mobility Equipment,1,90,90,1260,200,26,Bank Transfer,Active,Good,3.5,,2026-05-23,2026-05-30,2026-05-31,,Confirmed,Not Cancelled,411042.0,CC-002,2023-03-30,2023-10-02,2024-10-01,3.3,10,8,0,0,90
REN2522,2025-04-15,CUST486,Clinic,Erandwane,Oxygen Concentrator,Respiratory Equipment,10,270,2700,2700,400,31,UPI,Returned,Excellent,,2025-04-25,2025-04-10,2025-04-15,2025-04-25,2025-04-25,Completed,Not Cancelled,411057.0,OC-004,2025-03-27,2026-06-20,2026-12-17,1.3,16,10,0,0,2700
REN2523,2025-05-19,CUST284,Home Care,Vishrantwadi,Fowler Bed,Patient Care Equipment,5,420,2100,4200,450,96,UPI,Returned,Good,4.5,2025-05-24,2025-05-16,2025-05-19,2025-05-24,2025-05-24,Completed,Not Cancelled,411052.0,FB-008,2023-01-30,2026-07-02,2027-07-02,3.5,15,13,0,0,2100
REN2524,2025-07-22,CUST391,Clinic,Kothrud,BiPAP Machine,Respiratory Equipment,1,490,490,10780,150,126,UPI,Returned,Fair,,2025-07-23,2025-07-15,2025-07-22,2025-07-23,2025-07-23,Completed,Not Cancelled,411057.0,BP-006,2023-06-13,2023-11-02,2024-04-30,3.1,11,8,0,0,490
REN2525,2025-11-25,CUST564,Clinic,Aundh,ECG Machine,Diagnostic Equipment,7,500,3500,7500,400,74,Bank Transfer,Returned,Good,4.5,2025-12-02,2025-11-22,2025-11-25,2025-12-02,2025-12-02,Completed,Not Cancelled,411037.0,ECG-006,2024-08-17,2026-03-18,2026-07-16,2.0,9,8,0,0,3500
REN2526,2024-03-13,CUST594,Clinic,Aundh,Oxygen Concentrator,Respiratory Equipment,5,280,1400,4200,150,52,UPI,Returned,Excellent,3.5,2024-03-18,2024-03-12,2024-03-13,2024-03-18,2024-03-18,Completed,Not Cancelled,411047.0,OC-002,2023-10-02,2025-09-17,2026-03-16,2.8,16,15,0,0,1400
REN2527,2025-05-07,CUST235,Home Care,Bibwewadi,Wheelchair,Mobility Equipment,14,130,1820,2340,400,19,UPI,Returned,Good,,2025-05-21,2025-05-06,2025-05-07,2025-05-21,2025-05-21,Completed,Not Cancelled,411027.0,WC-017,2022-04-22,2026-03-30,2026-07-28,4.3,20,15,0,0,1820
REN2528,2025-04-05,CUST388,Home Care,Kharadi,Surgical Loupe,Surgical Equipment,14,210,2940,2520,300,31,Credit Card,Returned,Good,3.5,2025-04-19,2025-03-26,2025-04-05,2025-04-19,2025-04-19,Completed,Not Cancelled,411007.0,SL-002,2025-04-12,,2026-01-01,1.3,7,7,0,0,2940
REN2529,2026-05-25,CUST504,Clinic,Koregaon Park,Oxygen Concentrator,Respiratory Equipment,5,270,1350,3780,150,47,Cash,Returned,Good,5.0,2026-05-30,2026-05-21,2026-05-25,2026-05-30,2026-05-30,Completed,Not Cancelled,411057.0,OC-006,2024-06-08,2024-10-26,2025-04-24,2.1,16,4,0,0,1350
REN2530,2025-04-16,CUST472,Home Care,Kharadi,BiPAP Machine,Respiratory Equipment,3,490,1470,7350,500,61,Bank Transfer,Returned,Good,3.5,2025-04-19,2025-04-04,2025-04-16,2025-04-19,2025-04-19,Completed,Not Cancelled,411057.0,BP-007,2024-05-15,2025-06-19,2026-06-19,2.2,11,9,0,0,1470
REN2531,2025-03-23,CUST512,Individual Patient,Dhankawadi,BiPAP Machine,Respiratory Equipment,5,530,2650,5830,200,99,UPI,Returned,Excellent,4.0,2025-03-28,2025-03-18,2025-03-23,2025-03-28,2025-03-28,Completed,Not Cancelled,411014.0,BP-010,2023-08-08,2025-05-07,2025-11-03,3.0,11,8,0,0,2650
REN2532,2026-06-30,CUST455,Individual Patient,Shivajinagar,Fowler Bed,Patient Care Equipment,3,440,1320,7480,500,119,Debit Card,Returned,Excellent,3.5,2026-07-03,2026-06-22,2026-06-30,2026-07-03,2026-07-03,Completed,Not Cancelled,411014.0,FB-012,2024-03-04,2025-10-11,2026-04-09,2.4,15,9,0,0,1320
REN2533,2025-03-06,CUST065,Home Care,Wanowrie,Wheelchair,Mobility Equipment,30,150,4500,1800,300,23,Debit Card,Returned,Good,4.5,2025-04-05,2025-02-24,2025-03-06,2025-04-05,2025-04-05,Completed,Not Cancelled,411057.0,WC-019,2023-12-24,2026-05-27,2026-08-25,2.6,20,17,0,0,4500
REN2534,2024-06-22,CUST367,Home Care,Viman Nagar,Wheelchair,Mobility Equipment,21,160,3360,1600,450,53,Bank Transfer,Returned,Good,4.5,2024-07-13,2024-06-11,2024-06-22,2024-07-13,2024-07-13,Completed,Not Cancelled,411037.0,WC-018,2024-03-18,2025-03-11,2026-03-11,2.4,20,9,0,0,3360
REN2535,2024-07-23,CUST090,Diagnostic Center,Erandwane,Fowler Bed,Patient Care Equipment,14,420,5880,7560,450,42,Credit Card,Returned,Fair,4.5,2024-08-06,2024-07-21,2024-07-23,2024-08-06,2024-08-06,Completed,Not Cancelled,411047.0,FB-013,2024-04-21,2025-09-22,2026-01-20,2.3,15,12,0,0,5880
REN2536,2024-04-05,CUST429,Clinic,Wanowrie,Fowler Bed,Patient Care Equipment,30,440,13200,5720,300,76,UPI,Returned,Good,5.0,2024-05-05,2024-04-02,2024-04-05,2024-05-05,2024-05-05,Completed,Not Cancelled,411057.0,FB-001,2023-08-15,2025-12-12,2026-06-10,3.0,15,11,0,0,13200
REN2537,2024-01-01,CUST436,Clinic,Vishrantwadi,Commode Chair,Mobility Equipment,14,90,1260,1710,450,20,Bank Transfer,Returned,Fair,4.5,2024-01-15,2023-12-30,2024-01-01,2024-01-15,2024-01-15,Completed,Not Cancelled,411040.0,CC-001,2024-04-22,2025-08-07,2025-11-05,2.3,10,10,0,0,1260
REN2538,2025-02-15,CUST544,Home Care,Kothrud,Nebulizer,Respiratory Equipment,3,80,240,1280,300,16,Credit Card,Returned,Good,4.5,2025-02-18,2025-02-10,2025-02-15,2025-02-18,2025-02-18,Completed,Not Cancelled,411008.0,NB-011,2022-04-03,2023-07-05,2023-10-03,4.3,12,8,0,0,240
REN2539,2025-12-27,CUST244,Home Care,Koregaon Park,Surgical Headlight,Surgical Equipment,5,180,900,1800,400,60,UPI,Returned,Good,4.0,2026-01-01,2025-12-25,2025-12-27,2026-01-01,2026-01-01,Completed,Not Cancelled,411043.0,SH-008,2023-07-21,2025-11-10,,3.0,8,8,0,0,900
REN2540,2025-11-21,CUST146,Individual Patient,Bibwewadi,Ventilator,Critical Care Equipment,30,980,29400,18620,200,131,UPI,Returned,Good,4.5,2025-12-21,2025-11-14,2025-11-21,2025-12-21,2025-12-21,Completed,Not Cancelled,411009.0,VT-003,2024-06-04,2025-08-24,2025-11-22,2.2,8,8,0,0,29400
REN2541,2024-02-02,CUST266,Individual Patient,Koregaon Park,Nebulizer,Respiratory Equipment,7,80,560,800,300,12,UPI,Active,Good,5.0,,2024-01-29,2024-02-02,2024-02-09,,Confirmed,Not Cancelled,411045.0,NB-004,2022-09-18,2023-08-03,2023-12-01,3.9,12,10,0,0,560
REN2542,2025-06-25,CUST287,Home Care,Wanowrie,Hospital Bed,Patient Care Equipment,3,350,1050,4900,150,77,Credit Card,Returned,Fair,4.0,2025-06-28,2025-06-12,2025-06-25,2025-06-28,2025-06-28,Completed,Not Cancelled,411042.0,HB-006,2023-04-29,2023-10-02,2024-01-30,3.3,23,16,0,0,1050
REN2543,2024-05-29,CUST225,Hospital,Koregaon Park,CPAP Machine,Respiratory Equipment,14,370,5180,6660,300,82,UPI,Active,Excellent,,,2024-05-19,2024-05-29,2024-06-12,,Confirmed,Not Cancelled,411037.0,CP-007,2023-05-05,2026-04-29,2026-10-26,3.2,19,18,0,0,5180
REN2544,2026-06-11,CUST180,Diagnostic Center,Viman Nagar,Suction Machine,Surgical Equipment,7,250,1750,3750,100,70,Bank Transfer,Returned,Excellent,4.0,2026-06-18,2026-06-03,2026-06-11,2026-06-18,2026-06-18,Completed,Not Cancelled,411038.0,SM-010,2024-01-18,2026-06-17,2026-12-14,2.5,14,9,0,0,1750
REN2545,2024-06-10,CUST320,Individual Patient,Kothrud,Suction Machine,Surgical Equipment,3,240,720,3600,300,68,Bank Transfer,Returned,Excellent,4.0,2024-06-13,2024-06-02,2024-06-10,2024-06-13,2024-06-13,Completed,Not Cancelled,411058.0,SM-011,2024-04-13,2025-11-27,2026-11-27,2.3,14,13,0,0,720
REN2546,2025-08-12,CUST471,Individual Patient,Viman Nagar,Wheelchair,Mobility Equipment,5,160,800,1920,550,5,UPI,Returned,Excellent,4.5,2025-08-17,2025-08-11,2025-08-12,2025-08-17,2025-08-17,Completed,Not Cancelled,411030.0,WC-020,2023-01-10,2024-02-15,2024-06-14,3.6,20,13,0,0,800
REN2547,2024-10-31,CUST251,Individual Patient,Pimpri,Patient Monitor,Monitoring Equipment,3,640,1920,9600,250,176,UPI,Returned,Excellent,3.5,2024-11-03,2024-10-30,2024-10-31,2024-11-03,2024-11-03,Completed,Not Cancelled,411048.0,PM-013,2023-07-23,2024-09-22,2025-03-21,3.0,13,10,0,0,1920
REN2548,2025-08-25,CUST108,Home Care,Viman Nagar,Oxygen Concentrator,Respiratory Equipment,3,270,810,3510,350,70,UPI,Returned,Excellent,5.0,2025-08-28,2025-08-20,2025-08-25,2025-08-28,2025-08-28,Completed,Not Cancelled,411048.0,OC-009,2024-12-24,2025-05-23,2025-11-19,1.6,16,12,0,0,810
REN2549,2025-01-26,CUST360,Home Care,Pimpri,Oxygen Concentrator,Respiratory Equipment,3,260,780,5720,550,57,UPI,Returned,Excellent,3.5,2025-01-29,2025-01-14,2025-01-26,2025-01-29,2025-01-29,Completed,Not Cancelled,411058.0,OC-005,2024-02-15,2026-06-16,2026-10-14,2.5,16,14,0,0,780
REN2550,2025-12-18,CUST444,Individual Patient,Baner,ECG Machine,Diagnostic Equipment,30,480,14400,8640,100,63,Bank Transfer,Returned,Good,4.0,2026-01-17,2025-12-17,2025-12-18,2026-01-17,2026-01-17,Completed,Not Cancelled,411052.0,ECG-005,2022-01-24,2022-08-13,2022-12-11,4.5,9,8,0,0,14400
REN2551,2024-08-03,CUST409,Individual Patient,Erandwane,CPAP Machine,Respiratory Equipment,30,330,9900,6930,450,106,Bank Transfer,Returned,Good,3.5,2024-09-02,2024-07-29,2024-08-03,2024-09-02,2024-09-02,Completed,Not Cancelled,411043.0,CP-014,2024-05-28,2026-03-24,2027-03-24,2.2,19,18,0,0,9900
REN2552,2026-05-10,CUST427,Individual Patient,Koregaon Park,Patient Monitor,Monitoring Equipment,21,630,13230,8820,350,168,Debit Card,Returned,Good,4.5,2026-05-31,2026-05-01,2026-05-10,2026-05-31,2026-05-31,Completed,Not Cancelled,411058.0,PM-001,2023-06-06,2026-05-23,2026-08-21,3.2,13,12,0,0,13230
REN2553,2025-04-23,CUST475,Clinic,Wanowrie,Patient Monitor,Monitoring Equipment,14,670,9380,14740,250,75,Cash,Returned,Good,5.0,2025-05-07,2025-04-19,2025-04-23,2025-05-07,2025-05-07,Completed,Not Cancelled,411046.0,PM-009,2023-03-12,2024-08-21,2025-02-17,3.4,13,13,0,0,9380
REN2554,2025-12-14,CUST567,Home Care,Viman Nagar,Patient Monitor,Monitoring Equipment,10,680,6800,8840,200,87,UPI,Returned,Good,5.0,2025-12-24,2025-12-02,2025-12-14,2025-12-24,2025-12-24,Completed,Not Cancelled,411009.0,PM-011,2023-07-09,2025-11-09,2026-03-09,3.1,13,13,0,0,6800
REN2555,2026-03-18,CUST261,Home Care,Shivajinagar,Wheelchair,Mobility Equipment,30,140,4200,1960,400,36,Bank Transfer,Returned,Good,4.5,2026-04-17,2026-03-06,2026-03-18,2026-04-17,2026-04-17,Completed,Not Cancelled,411008.0,WC-002,2024-11-25,2025-02-12,2025-06-12,1.7,20,10,0,0,4200
REN2556,2026-07-31,CUST345,Home Care,Koregaon Park,Suction Machine,Surgical Equipment,7,260,1820,3380,300,84,Credit Card,Returned,Good,4.0,2026-08-07,2026-07-30,2026-07-31,2026-08-07,2026-08-07,Completed,Not Cancelled,411045.0,SM-007,2025-04-15,2025-08-10,2025-11-08,1.3,14,11,0,0,1820
REN2557,2024-07-29,CUST223,Home Care,Aundh,Oxygen Concentrator,Respiratory Equipment,7,280,1960,4760,300,52,Credit Card,Active,Good,4.5,,2024-07-22,2024-07-29,2024-08-05,,Confirmed,Not Cancelled,411040.0,OC-013,2023-06-29,2024-03-06,2025-03-06,3.1,16,13,0,0,1960
REN2558,2024-09-23,CUST349,Individual Patient,Kharadi,BiPAP Machine,Respiratory Equipment,7,480,3360,8160,450,149,UPI,Cancelled,Excellent,4.5,,2024-09-21,2024-09-23,,,Cancelled,Cancelled,411052.0,,,,,,11,11,0,1,3360
REN2559,2024-08-21,CUST205,Clinic,Hinjawadi,Wheelchair,Mobility Equipment,10,150,1500,1500,300,23,UPI,Returned,Excellent,4.5,2024-08-31,2024-08-16,2024-08-21,2024-08-31,2024-08-31,Completed,Not Cancelled,411040.0,WC-007,2024-08-29,2026-04-11,2026-07-10,1.9,20,16,0,0,1500
REN2560,2024-08-31,CUST390,Clinic,Hinjawadi,Surgical Loupe,Surgical Equipment,5,220,1100,3740,500,34,Bank Transfer,Cancelled,Good,4.5,,2024-08-20,2024-08-31,,,Cancelled,Cancelled,411015.0,,,,,,7,7,0,1,1100
REN2561,2025-07-05,CUST206,Hospital,Hinjawadi,Commode Chair,Mobility Equipment,3,100,300,2200,250,25,Credit Card,Returned,Fair,4.5,2025-07-08,2025-07-04,2025-07-05,2025-07-08,2025-07-08,Completed,Not Cancelled,411052.0,CC-006,2024-10-14,2025-03-18,2025-07-16,1.8,10,10,0,0,300
REN2562,2026-07-26,CUST545,Individual Patient,Hadapsar,CPAP Machine,Respiratory Equipment,3,340,1020,5100,450,16,UPI,Returned,Fair,3.5,2026-07-29,2026-07-14,2026-07-26,2026-07-29,2026-07-29,Completed,Not Cancelled,411038.0,CP-006,2022-06-19,2025-01-14,2025-04-14,4.1,19,14,0,0,1020
REN2563,2026-07-23,CUST311,Home Care,Camp,Oxygen Concentrator,Respiratory Equipment,3,290,870,5510,400,22,UPI,Returned,Excellent,4.0,2026-07-26,2026-07-09,2026-07-23,2026-07-26,2026-07-26,Completed,Not Cancelled,411058.0,OC-015,2023-09-05,2024-03-04,2024-07-02,2.9,16,12,0,0,870
REN2564,2025-05-17,CUST520,Individual Patient,Viman Nagar,CPAP Machine,Respiratory Equipment,7,360,2520,6480,550,95,Credit Card,Returned,Good,5.0,2025-05-24,2025-05-09,2025-05-17,2025-05-24,2025-05-24,Completed,Not Cancelled,411007.0,CP-013,2024-04-10,2026-03-03,2027-03-03,2.3,19,15,0,0,2520
REN2565,2025-08-23,CUST122,Individual Patient,Dhankawadi,Nebulizer,Respiratory Equipment,30,70,2100,1540,300,8,Bank Transfer,Returned,Good,3.0,2025-09-22,2025-08-19,2025-08-23,2025-09-22,2025-09-22,Completed,Not Cancelled,411007.0,NB-005,2023-08-11,2025-09-26,2026-03-25,3.0,12,10,0,0,2100
REN2566,2026-03-28,CUST231,Clinic,Wakad,BiPAP Machine,Respiratory Equipment,3,510,1530,9180,200,44,Credit Card,Returned,Good,4.0,2026-03-31,2026-03-25,2026-03-28,2026-03-31,2026-03-31,Completed,Not Cancelled,411009.0,BP-004,2024-06-27,2025-02-23,2026-02-23,2.1,11,6,0,0,1530
REN2567,2026-06-04,CUST306,Individual Patient,Wanowrie,Nebulizer,Respiratory Equipment,14,90,1260,1440,300,5,UPI,Returned,Excellent,4.0,2026-06-18,2026-05-30,2026-06-04,2026-06-18,2026-06-18,Completed,Not Cancelled,411058.0,NB-003,2023-10-05,2025-10-07,2026-01-05,2.8,12,8,0,0,1260
REN2568,2024-07-12,CUST236,Home Care,Erandwane,Surgical Headlight,Surgical Equipment,7,180,1260,1800,450,18,UPI,Returned,Excellent,3.5,2024-07-19,2024-07-10,2024-07-12,2024-07-19,2024-07-19,Completed,Not Cancelled,411009.0,SH-002,2022-07-07,2023-03-12,2023-06-10,4.1,8,8,0,0,1260
REN2569,2025-05-19,CUST517,Home Care,Erandwane,Fowler Bed,Patient Care Equipment,7,460,3220,9200,300,51,Bank Transfer,Returned,Excellent,5.0,2025-05-26,2025-05-18,2025-05-19,2025-05-26,2025-05-26,Completed,Not Cancelled,411046.0,FB-012,2024-03-04,2025-10-11,2026-04-09,2.4,15,13,0,0,3220
REN2570,2026-03-02,CUST267,Home Care,Vishrantwadi,BiPAP Machine,Respiratory Equipment,1,560,560,7840,550,78,Bank Transfer,Returned,Excellent,3.5,2026-03-03,2026-03-01,2026-03-02,2026-03-03,2026-03-03,Completed,Not Cancelled,411046.0,BP-001,2024-10-27,2025-12-27,2026-03-27,1.8,11,9,0,0,560
REN2571,2024-10-09,CUST367,Clinic,Shivajinagar,CPAP Machine,Respiratory Equipment,5,350,1750,7700,150,116,UPI,Returned,Fair,4.5,2024-10-14,2024-10-01,2024-10-09,2024-10-14,2024-10-14,Completed,Not Cancelled,411052.0,CP-003,2024-07-28,2025-08-19,2026-02-15,2.0,19,18,0,0,1750
REN2572,2025-02-23,CUST579,Home Care,Camp,Suction Machine,Surgical Equipment,14,230,3220,2990,250,54,Credit Card,Cancelled,Good,5.0,,2025-02-22,2025-02-23,,,Cancelled,Cancelled,411043.0,,,,,,14,14,0,1,3220
REN2573,2026-07-20,CUST318,Home Care,Dhankawadi,Fowler Bed,Patient Care Equipment,14,410,5740,6150,600,103,Credit Card,Returned,Fair,3.0,2026-08-03,2026-07-17,2026-07-20,2026-08-03,2026-08-03,Completed,Not Cancelled,411007.0,FB-010,2025-01-27,2025-09-11,2026-03-10,1.5,15,3,0,0,5740
REN2574,2026-07-19,CUST350,Home Care,Kothrud,Commode Chair,Mobility Equipment,14,100,1400,2000,500,7,Bank Transfer,Returned,Excellent,3.5,2026-08-02,2026-07-11,2026-07-19,2026-08-02,2026-08-02,Completed,Not Cancelled,411007.0,CC-005,2024-07-20,2024-10-24,2025-04-22,2.0,10,4,0,0,1400
REN2575,2026-05-11,CUST146,Clinic,Dhankawadi,Hospital Bed,Patient Care Equipment,5,350,1750,3850,100,32,UPI,Returned,Good,4.0,2026-05-16,2026-05-09,2026-05-11,2026-05-16,2026-05-16,Completed,Not Cancelled,411007.0,HB-006,2023-04-29,2023-10-02,2024-01-30,3.3,23,10,0,0,1750
REN2576,2026-01-26,CUST362,Individual Patient,Chinchwad,Wheelchair,Mobility Equipment,30,130,3900,1690,600,41,Credit Card,Cancelled,Excellent,3.5,,2026-01-22,2026-01-26,,,Cancelled,Cancelled,411042.0,,,,,,20,20,0,1,3900
REN2577,2024-09-06,CUST565,Hospital,Aundh,Oxygen Concentrator,Respiratory Equipment,5,290,1450,5800,300,68,Cash,Returned,Good,4.0,2024-09-11,2024-09-05,2024-09-06,2024-09-11,2024-09-11,Completed,Not Cancelled,411037.0,OC-011,2023-11-25,2025-04-03,2025-07-02,2.7,16,13,0,0,1450
REN2578,2024-10-26,CUST424,Individual Patient,Bibwewadi,Walker,Mobility Equipment,21,60,1260,840,450,17,UPI,Returned,Good,4.5,2024-11-16,2024-10-24,2024-10-26,2024-11-16,2024-11-16,Completed,Not Cancelled,411008.0,WK-002,2024-03-18,2025-12-13,2026-06-11,2.4,7,5,0,0,1260
REN2579,2025-06-04,CUST422,Home Care,Koregaon Park,Fowler Bed,Patient Care Equipment,14,420,5880,9240,100,61,UPI,Returned,Fair,4.0,2025-06-18,2025-06-01,2025-06-04,2025-06-18,2025-06-18,Completed,Not Cancelled,411007.0,FB-010,2025-01-27,2025-09-11,2026-03-10,1.5,15,14,0,0,5880
REN2580,2025-06-16,CUST117,Clinic,Wakad,CPAP Machine,Respiratory Equipment,10,360,3600,5760,150,77,UPI,Returned,Good,4.5,2025-06-26,2025-06-14,2025-06-16,2025-06-26,2025-06-26,Completed,Not Cancelled,411015.0,CP-003,2024-07-28,2025-08-19,2026-02-15,2.0,19,14,0,0,3600
REN2581,2025-04-28,CUST293,Home Care,Bibwewadi,CPAP Machine,Respiratory Equipment,30,390,11700,7800,450,74,UPI,Returned,Good,5.0,2025-05-28,2025-04-23,2025-04-28,2025-05-28,2025-05-28,Completed,Not Cancelled,411038.0,CP-005,2022-05-05,2023-05-04,2023-10-31,4.2,19,16,0,0,11700
REN2582,2025-08-21,CUST310,Home Care,Kharadi,Fowler Bed,Patient Care Equipment,3,460,1380,7820,200,44,Cash,Returned,Fair,4.0,2025-08-24,2025-08-19,2025-08-21,2025-08-24,2025-08-24,Completed,Not Cancelled,411057.0,FB-013,2024-04-21,2025-09-22,,2.3,15,14,0,0,1380
REN2583,2025-01-22,CUST136,Individual Patient,Vishrantwadi,Infusion Pump,Critical Care Equipment,21,320,6720,3200,150,94,Cash,Returned,Good,4.0,2025-02-12,2025-01-19,2025-01-22,2025-02-12,2025-02-12,Completed,Not Cancelled,411048.0,IP-006,2025-03-23,2025-07-23,2025-11-20,1.4,10,9,0,0,6720
REN2584,2025-12-07,CUST288,Home Care,Dhankawadi,Ventilator,Critical Care Equipment,7,1060,7420,21200,450,145,UPI,Returned,Good,3.0,2025-12-14,2025-11-29,2025-12-07,2025-12-14,2025-12-14,Completed,Not Cancelled,411037.0,VT-005,2024-12-01,2025-11-16,2026-03-16,1.7,8,6,0,0,7420
REN2585,2024-11-07,CUST130,Home Care,Wakad,ECG Machine,Diagnostic Equipment,10,530,5300,7950,200,95,Debit Card,Cancelled,Good,3.0,,2024-10-31,2024-11-07,,,Cancelled,Cancelled,411027.0,,,,,,9,9,0,1,5300
REN2586,2024-11-05,CUST476,Clinic,Koregaon Park,ECG Machine,Diagnostic Equipment,3,550,1650,8250,550,40,UPI,Returned,Good,4.5,2024-11-08,2024-11-01,2024-11-05,2024-11-08,2024-11-08,Completed,Not Cancelled,411047.0,ECG-009,2024-04-18,2026-03-30,2026-09-26,2.3,9,8,0,0,1650
REN2587,2024-05-05,CUST431,Individual Patient,Dhankawadi,Wheelchair,Mobility Equipment,14,150,2100,2850,150,35,Credit Card,Cancelled,Good,4.5,,2024-04-23,2024-05-05,,,Cancelled,Cancelled,411057.0,,,,,,20,20,0,1,2100
REN2588,2024-06-29,CUST177,Home Care,Viman Nagar,Oxygen Concentrator,Respiratory Equipment,30,280,8400,3640,100,79,Bank Transfer,Returned,Good,4.0,2024-07-29,2024-06-20,2024-06-29,2024-07-29,2024-07-29,Completed,Not Cancelled,411028.0,OC-015,2023-09-05,2024-03-04,2024-07-02,2.9,16,10,0,0,8400
REN2589,2026-03-19,CUST117,Individual Patient,Kothrud,Suction Machine,Surgical Equipment,7,240,1680,3600,300,39,UPI,Returned,Excellent,4.0,2026-03-26,2026-03-12,2026-03-19,2026-03-26,2026-03-26,Completed,Not Cancelled,411038.0,SM-008,2022-11-17,2026-01-26,2026-04-26,3.7,14,7,0,0,1680
REN2590,2025-03-02,CUST195,Hospital,Dhankawadi,BiPAP Machine,Respiratory Equipment,14,550,7700,9350,250,189,Credit Card,Returned,Good,3.5,2025-03-16,2025-02-25,2025-03-02,2025-03-16,2025-03-16,Completed,Not Cancelled,,BP-006,2023-06-13,2023-11-02,2024-04-30,3.1,11,10,1,0,7700
REN2591,2024-08-01,CUST215,Home Care,Pimpri,Wheelchair,Mobility Equipment,30,160,4800,2720,450,18,Credit Card,Returned,Good,4.5,2024-08-31,2024-07-31,2024-08-01,2024-08-31,2024-08-31,Completed,Not Cancelled,411009.0,WC-014,2025-07-05,2026-01-27,2026-04-27,1.1,20,15,0,0,4800
REN2592,2025-12-17,CUST355,Home Care,Bibwewadi,Nebulizer,Respiratory Equipment,3,70,210,1330,200,22,UPI,Returned,Good,4.5,2025-12-20,2025-12-12,2025-12-17,2025-12-20,2025-12-20,Completed,Not Cancelled,411052.0,NB-006,2024-09-04,2025-08-23,2026-02-19,1.9,12,12,0,0,210
REN2593,2025-06-10,CUST302,Hospital,Kothrud,Wheelchair,Mobility Equipment,21,150,3150,1650,600,39,Cash,Returned,Good,4.5,2025-07-01,2025-06-04,2025-06-10,2025-07-01,2025-07-01,Completed,Not Cancelled,411015.0,WC-015,2022-05-31,,2026-11-16,4.2,20,15,0,0,3150
REN2594,2024-01-22,CUST346,Hospital,Hinjawadi,Oxygen Concentrator,Respiratory Equipment,21,260,5460,5720,300,85,UPI,Returned,Excellent,4.5,2024-02-12,2024-01-08,2024-01-22,2024-02-12,2024-02-12,Completed,Not Cancelled,411014.0,OC-005,2024-02-15,2026-06-16,2026-10-14,2.5,16,13,0,0,5460
REN2595,2024-10-21,CUST480,Diagnostic Center,Erandwane,Oxygen Concentrator,Respiratory Equipment,7,280,1960,4760,450,75,UPI,Returned,Good,4.5,2024-10-28,2024-10-08,2024-10-21,2024-10-28,2024-10-28,Completed,Not Cancelled,411028.0,OC-013,2023-06-29,2024-03-06,2025-03-06,3.1,16,14,0,0,1960
REN2596,2024-06-19,CUST493,Individual Patient,Wanowrie,ECG Machine,Diagnostic Equipment,3,460,1380,8280,500,87,Cash,Returned,Good,4.5,2024-06-22,2024-06-17,2024-06-19,2024-06-22,2024-06-22,Completed,Not Cancelled,411028.0,ECG-004,2022-05-09,2024-04-30,2025-04-30,4.2,9,8,0,0,1380
REN2597,2025-09-07,CUST395,Home Care,Hinjawadi,Nebulizer,Respiratory Equipment,45,70,3150,1470,550,11,Credit Card,Returned,Good,3.0,2025-10-22,2025-08-25,2025-09-07,2025-10-22,2025-10-22,Completed,Not Cancelled,411015.0,NB-007,2025-05-13,2025-09-25,2026-01-23,1.2,12,10,0,0,3150
REN2598,2024-09-12,CUST003,Individual Patient,Chinchwad,Patient Monitor,Monitoring Equipment,7,660,4620,10560,350,195,UPI,Returned,Good,,2024-09-19,2024-09-03,2024-09-12,2024-09-19,2024-09-19,Completed,Not Cancelled,411046.0,PM-005,2024-05-27,2025-01-13,2025-05-13,2.2,13,13,0,0,4620
REN2599,2024-03-06,CUST237,Hospital,Chinchwad,ECG Machine,Diagnostic Equipment,10,490,4900,4900,200,146,UPI,Returned,Good,4.5,2024-03-16,2024-02-27,2024-03-06,2024-03-16,2024-03-16,Completed,Not Cancelled,411042.0,ECG-009,2024-04-18,2026-03-30,2026-09-26,2.3,9,7,0,0,4900
REN2600,2024-02-26,CUST298,Home Care,Koregaon Park,ECG Machine,Diagnostic Equipment,21,500,10500,5500,350,109,UPI,Returned,Good,4.5,2024-03-18,2024-02-15,2024-02-26,2024-03-18,2024-03-18,Completed,Not Cancelled,411042.0,ECG-007,2025-02-25,2025-07-31,2026-07-31,1.4,9,9,0,0,10500
REN2601,2025-07-05,CUST477,Individual Patient,Koregaon Park,CPAP Machine,Respiratory Equipment,14,370,5180,8140,300,94,UPI,Returned,Good,4.5,2025-07-19,2025-07-01,2025-07-05,2025-07-19,2025-07-19,Completed,Not Cancelled,411058.0,CP-006,2022-06-19,2025-01-14,2025-04-14,4.1,19,16,0,0,5180
REN2602,2024-01-23,CUST189,Home Care,Aundh,Commode Chair,Mobility Equipment,1,100,100,2200,400,18,UPI,Cancelled,Good,4.5,,2024-01-19,2024-01-23,,,Cancelled,Cancelled,411057.0,,,,,,10,10,0,1,100
REN2603,2026-03-17,CUST379,Clinic,Pimpri,Wheelchair,Mobility Equipment,10,150,1500,1650,200,15,Credit Card,Returned,Good,4.5,2026-03-27,2026-03-06,2026-03-17,2026-03-27,2026-03-27,Completed,Not Cancelled,411027.0,WC-014,2025-07-05,2026-01-27,2026-04-27,1.1,20,12,0,0,1500
REN2604,2024-05-30,CUST177,Clinic,Hadapsar,Fowler Bed,Patient Care Equipment,21,430,9030,7740,350,20,Credit Card,Active,Excellent,3.5,,2024-05-28,2024-05-30,2024-06-20,,Confirmed,Not Cancelled,411058.0,FB-004,2022-08-26,2025-11-03,2026-11-03,3.9,15,10,0,0,9030
REN2605,2025-07-25,CUST390,Individual Patient,Kharadi,Hospital Bed,Patient Care Equipment,3,340,1020,6120,600,81,Debit Card,Returned,Good,4.5,2025-07-28,2025-07-17,2025-07-25,2025-07-28,2025-07-28,Completed,Not Cancelled,411045.0,HB-018,2023-03-16,2025-07-16,2025-11-13,3.4,23,20,0,0,1020
REN2606,2025-02-28,CUST125,Diagnostic Center,Hinjawadi,CPAP Machine,Respiratory Equipment,3,380,1140,4560,450,93,Debit Card,Returned,Good,3.5,2025-03-03,2025-02-18,2025-02-28,2025-03-03,2025-03-03,Completed,Not Cancelled,411009.0,CP-016,2023-08-18,2025-09-17,2026-01-15,3.0,19,17,0,0,1140
REN2607,2025-02-26,CUST259,Diagnostic Center,Erandwane,Fowler Bed,Patient Care Equipment,30,440,13200,8800,600,107,UPI,Returned,Good,4.0,2025-03-28,2025-02-15,2025-02-26,2025-03-28,2025-03-28,Completed,Not Cancelled,411028.0,FB-001,2023-08-15,2025-12-12,2026-06-10,3.0,15,9,0,0,13200
REN2608,2024-03-13,CUST385,Home Care,Pimpri,Hospital Bed,Patient Care Equipment,14,340,4760,5100,150,71,Cash,Returned,Good,4.0,2024-03-27,2024-03-10,2024-03-13,2024-03-27,2024-03-27,Completed,Not Cancelled,411015.0,HB-010,2022-05-26,2023-11-28,2024-05-26,4.2,23,15,0,0,4760
REN2609,2026-01-30,CUST281,Individual Patient,Erandwane,Fowler Bed,Patient Care Equipment,3,450,1350,5400,450,63,Debit Card,Returned,Good,4.5,2026-02-02,2026-01-22,2026-01-30,2026-02-02,2026-02-02,Completed,Not Cancelled,411047.0,FB-002,2025-01-02,2026-02-11,2026-06-11,1.6,15,14,0,0,1350
REN2610,2026-04-29,CUST137,Hospital,Hinjawadi,BiPAP Machine,Respiratory Equipment,1,580,580,9860,100,62,Cash,Returned,Good,4.5,2026-04-30,2026-04-28,2026-04-29,2026-04-30,2026-04-30,Completed,Not Cancelled,411043.0,BP-001,2024-10-27,2025-12-27,2026-03-27,1.8,11,4,0,0,580
REN2611,2024-01-12,CUST057,Home Care,Hadapsar,Suction Machine,Surgical Equipment,1,250,250,5250,200,13,Bank Transfer,Active,Good,5.0,,2024-01-01,2024-01-12,2024-01-13,,Confirmed,Not Cancelled,411047.0,SM-003,2025-06-21,2026-01-30,2026-07-29,1.1,14,13,0,0,250
REN2612,2024-06-20,CUST032,Individual Patient,Wakad,Hospital Bed,Patient Care Equipment,45,340,15300,4080,550,26,UPI,Returned,Good,4.5,2024-08-04,2024-06-15,2024-06-20,2024-08-04,2024-08-04,Completed,Not Cancelled,,HB-019,2022-04-24,2024-04-14,2025-04-14,4.3,23,20,1,0,15300
REN2613,2026-05-09,CUST151,Home Care,Viman Nagar,Hospital Bed,Patient Care Equipment,3,400,1200,7200,150,92,UPI,Returned,Good,5.0,2026-05-12,2026-05-02,2026-05-09,2026-05-12,2026-05-12,Completed,Not Cancelled,411040.0,HB-001,2024-10-28,2025-07-27,2025-11-24,1.8,23,13,0,0,1200
REN2614,2025-06-06,CUST356,Diagnostic Center,Erandwane,Oxygen Concentrator,Respiratory Equipment,3,300,900,5700,350,83,Debit Card,Returned,Fair,5.0,2025-06-09,2025-05-27,2025-06-06,2025-06-09,2025-06-09,Completed,Not Cancelled,411040.0,OC-003,2024-12-09,2025-07-09,2026-07-09,1.6,16,13,0,0,900
REN2615,2024-05-26,CUST378,Individual Patient,Erandwane,ECG Machine,Diagnostic Equipment,10,540,5400,9720,100,173,Credit Card,Returned,Excellent,3.5,2024-06-05,2024-05-20,2024-05-26,2024-06-05,2024-06-05,Completed,Not Cancelled,411045.0,ECG-007,2025-02-25,2025-07-31,2026-07-31,1.4,9,6,0,0,5400
REN2616,2024-07-11,CUST374,Hospital,Hinjawadi,Infusion Pump,Critical Care Equipment,3,320,960,5760,250,18,Debit Card,Returned,Good,4.5,2024-07-14,2024-07-05,2024-07-11,2024-07-14,2024-07-14,Completed,Not Cancelled,411030.0,IP-003,2023-01-09,2025-06-17,2025-09-15,3.6,10,7,0,0,960
REN2617,2025-09-11,CUST114,Individual Patient,Shivajinagar,Oxygen Concentrator,Respiratory Equipment,3,270,810,5130,150,78,Bank Transfer,Returned,Fair,4.0,2025-09-14,2025-09-06,2025-09-11,2025-09-14,2025-09-14,Completed,Not Cancelled,411008.0,OC-005,2024-02-15,2026-06-16,2026-10-14,2.5,16,12,0,0,810
REN2618,2025-11-12,CUST538,Home Care,Hinjawadi,Nebulizer,Respiratory Equipment,14,70,980,910,300,15,UPI,Returned,Good,4.0,2025-11-26,2025-11-05,2025-11-12,2025-11-26,2025-11-26,Completed,Not Cancelled,411052.0,NB-004,2022-09-18,2023-08-03,2023-12-01,3.9,12,10,0,0,980
REN2619,2025-07-20,CUST333,Clinic,Camp,Patient Monitor,Monitoring Equipment,14,660,9240,7260,450,83,UPI,Returned,Good,5.0,2025-08-03,2025-07-12,2025-07-20,2025-08-03,2025-08-03,Completed,Not Cancelled,,PM-010,2022-07-05,2026-04-25,2026-10-22,4.1,13,13,1,0,9240
REN2620,2026-06-22,CUST265,Home Care,Kothrud,Surgical Loupe,Surgical Equipment,3,230,690,5060,450,60,Cash,Returned,Good,4.0,2026-06-25,2026-06-12,2026-06-22,2026-06-25,2026-06-25,Completed,Not Cancelled,411057.0,SL-001,2025-06-04,2025-12-06,2026-06-04,1.2,7,6,0,0,690
REN2621,2025-04-17,CUST253,Home Care,Erandwane,Hospital Bed,Patient Care Equipment,7,330,2310,4620,600,114,UPI,Returned,Fair,5.0,2025-04-24,2025-04-16,2025-04-17,2025-04-24,2025-04-24,Completed,Not Cancelled,411037.0,HB-012,2022-06-28,2023-10-26,2024-02-23,4.1,23,20,0,0,2310
REN2622,2024-10-06,CUST590,Individual Patient,Kothrud,Patient Monitor,Monitoring Equipment,7,670,4690,14740,150,101,Bank Transfer,Returned,Good,5.0,2024-10-13,2024-10-02,2024-10-06,2024-10-13,2024-10-13,Completed,Not Cancelled,411027.0,PM-011,2023-07-09,2025-11-09,2026-03-09,3.1,13,12,0,0,4690
REN2623,2025-04-01,CUST147,Hospital,Dhankawadi,Suction Machine,Surgical Equipment,7,250,1750,3250,300,58,Cash,Cancelled,Excellent,5.0,,2025-03-27,2025-04-01,,,Cancelled,Cancelled,,,,,,,14,14,1,1,1750
REN2624,2024-12-04,CUST018,Individual Patient,Hadapsar,Oxygen Concentrator,Respiratory Equipment,30,280,8400,3640,350,32,UPI,Returned,Excellent,4.5,2025-01-03,2024-12-03,2024-12-04,2025-01-03,2025-01-03,Completed,Not Cancelled,411008.0,OC-008,2022-01-13,2023-05-05,2023-08-03,4.5,16,13,0,0,8400
REN2625,2024-07-29,CUST084,Home Care,Erandwane,Hospital Bed,Patient Care Equipment,45,330,14850,3300,100,32,UPI,Returned,Good,4.5,2024-09-12,2024-07-20,2024-07-29,2024-09-12,2024-09-12,Completed,Not Cancelled,411042.0,HB-023,2023-09-05,2024-01-10,2024-05-09,2.9,23,18,0,0,14850
REN2626,2024-02-16,CUST192,Individual Patient,Wakad,Hospital Bed,Patient Care Equipment,3,360,1080,5400,150,28,Credit Card,Active,Good,4.5,,2024-02-10,2024-02-16,2024-02-19,,Confirmed,Not Cancelled,411058.0,HB-014,2025-06-29,2026-07-26,2027-07-26,1.1,23,18,0,0,1080
REN2627,2024-11-26,CUST006,Home Care,Kothrud,Fowler Bed,Patient Care Equipment,1,450,450,9900,250,18,Debit Card,Returned,Good,4.5,2024-11-27,2024-11-25,2024-11-26,2024-11-27,2024-11-27,Completed,Not Cancelled,411027.0,FB-009,2024-02-22,2025-12-15,2026-12-15,2.4,15,12,0,0,450
REN2628,2025-10-30,CUST345,Home Care,Kharadi,BiPAP Machine,Respiratory Equipment,21,530,11130,11130,550,139,Credit Card,Returned,Excellent,5.0,2025-11-20,2025-10-23,2025-10-30,2025-11-20,2025-11-20,Completed,Not Cancelled,411009.0,BP-002,2022-07-01,2023-06-08,2023-10-06,4.1,11,8,0,0,11130
REN2629,2024-01-19,CUST430,Individual Patient,Hadapsar,BiPAP Machine,Respiratory Equipment,7,520,3640,6760,400,40,UPI,Returned,Good,4.5,2024-01-26,2024-01-15,2024-01-19,2024-01-26,2024-01-26,Completed,Not Cancelled,411009.0,BP-006,2023-06-13,2023-11-02,2024-04-30,3.1,11,9,0,0,3640
REN2630,2025-02-22,CUST161,Home Care,Hadapsar,Wheelchair,Mobility Equipment,14,160,2240,2400,400,39,UPI,Returned,Good,4.5,2025-03-08,2025-02-14,2025-02-22,2025-03-08,2025-03-08,Completed,Not Cancelled,411014.0,WC-007,2024-08-29,2026-04-11,2026-07-10,1.9,20,17,0,0,2240
REN2631,2025-08-27,CUST103,Home Care,Viman Nagar,Infusion Pump,Critical Care Equipment,7,310,2170,5580,400,96,UPI,Returned,Good,5.0,2025-09-03,2025-08-25,2025-08-27,2025-09-03,2025-09-03,Completed,Not Cancelled,411030.0,IP-004,2023-06-20,2024-08-23,2025-08-23,3.1,10,6,0,0,2170
REN2632,2025-07-29,CUST419,Hospital,Chinchwad,CPAP Machine,Respiratory Equipment,14,340,4760,7480,500,102,UPI,Returned,Excellent,4.0,2025-08-12,2025-07-28,2025-07-29,2025-08-12,2025-08-12,Completed,Not Cancelled,411027.0,CP-018,2022-12-12,2023-08-05,2024-08-04,3.6,19,15,0,0,4760
REN2633,2026-01-04,CUST456,Hospital,Koregaon Park,Ventilator,Critical Care Equipment,10,1100,11000,18700,350,138,UPI,Returned,Excellent,5.0,2026-01-14,2026-01-03,2026-01-04,2026-01-14,2026-01-14,Completed,Not Cancelled,411046.0,VT-004,2023-09-08,2024-10-14,2025-04-12,2.9,8,8,0,0,11000
REN2634,2026-02-07,CUST178,Home Care,Kharadi,Hospital Bed,Patient Care Equipment,7,330,2310,3960,450,23,Debit Card,Returned,Good,4.0,2026-02-14,2026-02-02,2026-02-07,2026-02-14,2026-02-14,Completed,Not Cancelled,411028.0,HB-023,2023-09-05,2024-01-10,2024-05-09,2.9,23,20,0,0,2310
REN2635,2025-10-30,CUST321,Individual Patient,Pimpri,ECG Machine,Diagnostic Equipment,21,460,9660,6440,250,79,UPI,Returned,Good,3.0,2025-11-20,2025-10-21,2025-10-30,2025-11-20,2025-11-20,Completed,Not Cancelled,411030.0,ECG-009,2024-04-18,2026-03-30,2026-09-26,2.3,9,7,0,0,9660
REN2636,2024-04-12,CUST026,Home Care,Kharadi,Surgical Headlight,Surgical Equipment,3,190,570,3610,500,17,Debit Card,Returned,Good,4.5,2024-04-15,2024-04-05,2024-04-12,2024-04-15,2024-04-15,Completed,Not Cancelled,411009.0,SH-004,2023-12-02,2026-02-21,2026-08-20,2.7,8,7,0,0,570
REN2637,2025-03-30,CUST321,Diagnostic Center,Hinjawadi,ECG Machine,Diagnostic Equipment,5,520,2600,5200,100,78,Debit Card,Returned,Good,4.5,2025-04-04,2025-03-29,2025-03-30,2025-04-04,2025-04-04,Completed,Not Cancelled,411042.0,ECG-002,2022-10-22,2024-10-03,2025-01-31,3.8,9,6,0,0,2600
REN2638,2025-07-23,CUST308,Home Care,Dhankawadi,ECG Machine,Diagnostic Equipment,45,780,23400,8840,250,110,Credit Card,Returned,Good,5.0,2025-09-06,2025-07-16,2025-07-23,2025-09-06,2025-09-06,Completed,Not Cancelled,411028.0,ECG-008,2022-02-10,2023-09-04,2024-09-03,4.5,9,6,0,0,35100
REN2639,2024-08-16,CUST388,Home Care,Erandwane,Oxygen Concentrator,Respiratory Equipment,1,280,280,5320,200,66,Credit Card,Returned,Excellent,3.0,2024-08-17,2024-08-11,2024-08-16,2024-08-17,2024-08-17,Completed,Not Cancelled,411046.0,OC-002,2023-10-02,2025-09-17,2026-03-16,2.8,16,13,0,0,280
REN2640,2024-02-13,CUST281,Individual Patient,Kharadi,Nebulizer,Respiratory Equipment,30,80,2400,1120,150,8,UPI,Returned,Good,3.5,2024-03-14,2024-02-04,2024-02-13,2024-03-14,2024-03-14,Completed,Not Cancelled,411007.0,NB-007,2025-05-13,2025-09-25,2026-01-23,1.2,12,11,0,0,2400
REN2641,2024-07-28,CUST302,Home Care,Wanowrie,Patient Monitor,Monitoring Equipment,30,610,18300,10370,350,63,Credit Card,Returned,Good,5.0,2024-08-27,2024-07-25,2024-07-28,2024-08-27,2024-08-27,Completed,Not Cancelled,411043.0,PM-008,2023-02-24,2024-12-23,2025-06-21,3.4,13,12,0,0,18300
REN2642,2025-03-10,CUST548,Home Care,Wanowrie,CPAP Machine,Respiratory Equipment,45,360,16200,6840,550,111,UPI,Returned,Good,4.5,2025-04-24,2025-03-02,2025-03-10,2025-04-24,2025-04-24,Completed,Not Cancelled,411048.0,CP-019,2023-08-01,2024-08-24,2025-08-24,3.0,19,13,0,0,16200
REN2643,2025-01-28,CUST055,Home Care,Dhankawadi,Surgical Loupe,Surgical Equipment,3,240,720,4080,150,80,UPI,Returned,Good,4.5,2025-01-31,2025-01-21,2025-01-28,2025-01-31,2025-01-31,Completed,Not Cancelled,411046.0,SL-004,2024-02-17,2025-06-05,2025-12-02,2.5,7,6,0,0,720
REN2644,2024-06-18,CUST567,Hospital,Kothrud,Oxygen Concentrator,Respiratory Equipment,21,290,6090,2900,550,68,Credit Card,Returned,Good,,2024-07-09,2024-06-11,2024-06-18,2024-07-09,2024-07-09,Completed,Not Cancelled,411027.0,OC-003,2024-12-09,2025-07-09,2026-07-09,1.6,16,11,0,0,6090
REN2645,2026-02-21,CUST082,Hospital,Pimpri,CPAP Machine,Respiratory Equipment,14,340,4760,5780,550,71,UPI,Returned,Excellent,5.0,2026-03-07,2026-02-17,2026-02-21,2026-03-07,2026-03-07,Completed,Not Cancelled,411045.0,CP-019,2023-08-01,2024-08-24,2025-08-24,3.0,19,16,0,0,4760
REN2646,2026-05-28,CUST324,Hospital,Bibwewadi,Surgical Headlight,Surgical Equipment,10,190,1900,2470,550,46,UPI,Returned,Good,5.0,2026-06-07,2026-05-27,2026-05-28,2026-06-07,2026-06-07,Completed,Not Cancelled,411048.0,SH-002,2022-07-07,2023-03-12,2023-06-10,4.1,8,7,0,0,1900
REN2647,2024-07-10,CUST307,Hospital,Dhankawadi,Oxygen Concentrator,Respiratory Equipment,10,260,2600,4940,100,19,Bank Transfer,Returned,Good,4.5,2024-07-20,2024-07-08,2024-07-10,2024-07-20,2024-07-20,Completed,Not Cancelled,411040.0,OC-014,2025-02-15,2026-03-30,2026-09-26,1.5,16,13,0,0,2600
REN2648,2026-06-01,CUST443,Individual Patient,Bibwewadi,Wheelchair,Mobility Equipment,14,150,2100,1950,600,48,Credit Card,Returned,Good,4.0,2026-06-15,2026-05-22,2026-06-01,2026-06-15,2026-06-15,Completed,Not Cancelled,411043.0,WC-017,2022-04-22,2026-03-30,2026-07-28,4.3,20,8,0,0,2100
REN2649,2024-01-19,CUST141,Clinic,Erandwane,Oxygen Concentrator,Respiratory Equipment,14,260,3640,5720,300,25,UPI,Returned,Good,5.0,2024-02-02,2024-01-12,2024-01-19,2024-02-02,2024-02-02,Completed,Not Cancelled,411048.0,OC-004,2025-03-27,2026-06-20,2026-12-17,1.3,16,14,0,0,3640
REN2650,2026-05-28,CUST421,Hospital,Koregaon Park,Commode Chair,Mobility Equipment,14,90,1260,990,400,22,UPI,Active,Excellent,5.0,,2026-05-22,2026-05-28,2026-06-11,,Confirmed,Not Cancelled,411038.0,CC-006,2024-10-14,2025-03-18,2025-07-16,1.8,10,9,0,0,1260
REN2651,2026-06-21,CUST042,Clinic,Chinchwad,Infusion Pump,Critical Care Equipment,7,360,2520,7560,250,36,UPI,Returned,Excellent,4.5,2026-06-28,2026-06-15,2026-06-21,2026-06-28,2026-06-28,Completed,Not Cancelled,411009.0,IP-006,2025-03-23,2025-07-23,2025-11-20,1.4,10,8,0,0,2520
REN2652,2024-01-13,CUST160,Hospital,Wakad,Hospital Bed,Patient Care Equipment,14,330,4620,3300,350,84,Credit Card,Returned,Excellent,4.5,2024-01-27,2024-01-12,2024-01-13,2024-01-27,2024-01-27,Completed,Not Cancelled,411058.0,HB-002,2024-02-10,2024-08-21,2025-02-17,2.5,23,23,0,0,4620
REN2653,2025-12-21,CUST167,Individual Patient,Chinchwad,Suction Machine,Surgical Equipment,5,240,1200,4320,400,65,Credit Card,Active,Excellent,4.5,,2025-12-17,2025-12-21,2025-12-26,,Confirmed,Not Cancelled,411028.0,SM-010,2024-01-18,2026-06-17,2026-12-14,2.5,14,12,0,0,1200
REN2654,2026-07-07,CUST345,Home Care,Baner,Patient Monitor,Monitoring Equipment,30,640,19200,8960,500,171,UPI,Returned,Fair,4.0,2026-08-06,2026-06-30,2026-07-07,2026-08-06,2026-08-06,Completed,Not Cancelled,411030.0,PM-007,2023-09-28,2024-02-25,2024-05-25,2.8,13,8,0,0,19200
REN2655,2026-05-11,CUST270,Individual Patient,Wakad,BiPAP Machine,Respiratory Equipment,3,510,1530,6120,250,85,Credit Card,Returned,Good,4.5,2026-05-14,2026-05-09,2026-05-11,2026-05-14,2026-05-14,Completed,Not Cancelled,411043.0,BP-001,2024-10-27,2025-12-27,,1.8,11,6,0,0,1530
REN2656,2026-07-07,CUST182,Home Care,Hadapsar,BiPAP Machine,Respiratory Equipment,3,540,1620,6480,150,121,Cash,Returned,Good,4.5,2026-07-10,2026-06-25,2026-07-07,2026-07-10,2026-07-10,Completed,Not Cancelled,411014.0,BP-001,2024-10-27,2025-12-27,2026-03-27,1.8,11,7,0,0,1620
REN2657,2025-06-07,CUST435,Individual Patient,Vishrantwadi,Ventilator,Critical Care Equipment,14,1150,16100,11500,400,255,Credit Card,Returned,Excellent,4.5,2025-06-21,2025-06-06,2025-06-07,2025-06-21,2025-06-21,Completed,Not Cancelled,411028.0,VT-006,2023-05-13,2023-08-14,2024-02-10,3.2,8,8,0,0,16100
REN2658,2024-03-19,CUST391,Home Care,Vishrantwadi,Oxygen Concentrator,Respiratory Equipment,21,290,6090,3190,500,76,Credit Card,Returned,Good,5.0,2024-04-09,2024-03-11,2024-03-19,2024-04-09,2024-04-09,Completed,Not Cancelled,411042.0,OC-003,2024-12-09,2025-07-09,2026-07-09,1.6,16,15,0,0,6090
REN2659,2026-03-18,CUST208,Home Care,Dhankawadi,Oxygen Concentrator,Respiratory Equipment,14,270,3780,4050,100,51,Credit Card,Returned,Good,4.5,2026-04-01,2026-03-15,2026-03-18,2026-04-01,2026-04-01,Completed,Not Cancelled,411046.0,OC-001,2025-03-23,2025-09-09,2026-01-07,1.4,16,4,0,0,3780
REN2660,2025-08-01,CUST567,Clinic,Viman Nagar,Patient Monitor,Monitoring Equipment,7,620,4340,7440,500,119,Debit Card,Active,Fair,5.0,,2025-07-21,2025-08-01,2025-08-08,,Confirmed,Not Cancelled,411009.0,PM-012,2023-12-20,2024-10-07,,2.6,13,11,0,0,4340
REN2661,2025-08-01,CUST307,Hospital,Hinjawadi,CPAP Machine,Respiratory Equipment,10,370,3700,8140,500,92,Cash,Returned,Good,4.0,2025-08-11,2025-07-22,2025-08-01,2025-08-11,2025-08-11,Completed,Not Cancelled,411048.0,CP-012,2025-05-31,2025-12-09,2026-04-08,1.2,19,14,0,0,3700
REN2662,2025-01-31,CUST189,Individual Patient,Hadapsar,Fowler Bed,Patient Care Equipment,1,460,460,9200,400,39,UPI,Returned,Good,5.0,2025-02-01,2025-01-27,2025-01-31,2025-02-01,2025-02-01,Completed,Not Cancelled,411027.0,FB-015,2024-03-17,2025-01-08,2025-05-08,2.4,15,12,0,0,460
REN2663,2025-06-26,CUST160,Individual Patient,Bibwewadi,Hospital Bed,Patient Care Equipment,45,350,15750,5600,600,84,UPI,Returned,Good,4.0,2025-08-10,2025-06-21,2025-06-26,2025-08-10,2025-08-10,Completed,Not Cancelled,411057.0,HB-002,2024-02-10,2024-08-21,2025-02-17,2.5,23,16,0,0,15750
REN2664,2024-05-29,CUST459,Individual Patient,Shivajinagar,Wheelchair,Mobility Equipment,30,150,4500,1650,300,12,UPI,Returned,Good,4.0,2024-06-28,2024-05-16,2024-05-29,2024-06-28,2024-06-28,Completed,Not Cancelled,,WC-004,2024-04-11,2025-03-19,2025-07-17,2.3,20,10,1,0,4500
REN2665,2025-11-28,CUST376,Clinic,Hadapsar,Walker,Mobility Equipment,30,70,2100,1540,150,18,Bank Transfer,Returned,Good,,2025-12-28,2025-11-21,2025-11-28,2025-12-28,2025-12-28,Completed,Not Cancelled,411046.0,WK-007,2022-10-31,2023-01-01,2024-01-01,3.8,7,7,0,0,2100
REN2666,2024-03-16,CUST542,Hospital,Koregaon Park,Hospital Bed,Patient Care Equipment,10,350,3500,6650,450,54,UPI,Returned,Good,3.5,2024-03-26,2024-03-15,2024-03-16,2024-03-26,2024-03-26,Completed,Not Cancelled,411052.0,HB-018,2023-03-16,2025-07-16,2025-11-13,3.4,23,14,0,0,3500
REN2667,2025-11-18,CUST097,Hospital,Wakad,Suction Machine,Surgical Equipment,3,240,720,2880,400,72,Debit Card,Returned,Good,4.0,2025-11-21,2025-11-09,2025-11-18,2025-11-21,2025-11-21,Completed,Not Cancelled,411014.0,SM-007,2025-04-15,2025-08-10,2025-11-08,1.3,14,13,0,0,720
REN2668,2026-03-18,CUST324,Individual Patient,Chinchwad,Commode Chair,Mobility Equipment,14,90,1260,900,600,5,UPI,Returned,Good,4.5,2026-04-01,2026-03-14,2026-03-18,2026-04-01,2026-04-01,Completed,Not Cancelled,411038.0,CC-008,2024-10-02,2026-06-23,2026-12-20,1.8,10,8,0,0,1260
REN2669,2025-03-27,CUST043,Individual Patient,Aundh,Hospital Bed,Patient Care Equipment,7,360,2520,6480,200,64,Credit Card,Returned,Good,4.0,2025-04-03,2025-03-24,2025-03-27,2025-04-03,2025-04-03,Completed,Not Cancelled,411009.0,HB-009,2022-04-28,2023-06-27,2023-09-25,4.3,23,20,0,0,2520
REN2670,2025-05-02,CUST189,Hospital,Shivajinagar,Wheelchair,Mobility Equipment,45,130,5850,1300,150,11,UPI,Returned,Good,5.0,2025-06-16,2025-04-22,2025-05-02,2025-06-16,2025-06-16,Completed,Not Cancelled,411038.0,WC-001,2024-04-30,2025-08-24,2025-11-22,2.3,20,14,0,0,5850
REN2671,2024-10-17,CUST330,Diagnostic Center,Camp,CPAP Machine,Respiratory Equipment,45,340,15300,5780,450,105,Credit Card,Returned,Good,3.5,2024-12-01,2024-10-04,2024-10-17,2024-12-01,2024-12-01,Completed,Not Cancelled,411042.0,CP-010,2023-08-17,2024-01-18,2024-07-16,3.0,19,17,0,0,15300
REN2672,2026-07-06,CUST538,Individual Patient,Erandwane,Fowler Bed,Patient Care Equipment,7,430,3010,6450,250,30,Credit Card,Cancelled,Good,4.5,,2026-07-05,2026-07-06,,,Cancelled,Cancelled,411042.0,,,,,,15,15,0,1,3010
REN2673,2025-11-21,CUST293,Individual Patient,Pimpri,Oxygen Concentrator,Respiratory Equipment,7,280,1960,5880,200,52,Bank Transfer,Returned,Excellent,4.5,2025-11-28,2025-11-17,2025-11-21,2025-11-28,2025-11-28,Completed,Not Cancelled,411008.0,OC-016,2022-05-08,2026-06-18,2026-09-16,4.2,16,16,0,0,1960
REN2674,2024-12-13,CUST566,Individual Patient,Dhankawadi,BiPAP Machine,Respiratory Equipment,7,570,3990,7980,450,36,Credit Card,Returned,Good,4.5,2024-12-20,2024-12-10,2024-12-13,2024-12-20,2024-12-20,Completed,Not Cancelled,411008.0,BP-004,2024-06-27,2025-02-23,2026-02-23,2.1,11,10,0,0,3990
REN2675,2024-06-17,CUST191,Individual Patient,Chinchwad,Wheelchair,Mobility Equipment,10,160,1600,2400,200,46,UPI,Returned,Fair,4.5,2024-06-27,2024-06-06,2024-06-17,2024-06-27,2024-06-27,Completed,Not Cancelled,411058.0,WC-008,2024-11-30,2025-04-12,,1.7,20,12,0,0,1600
REN2676,2024-07-25,CUST233,Diagnostic Center,Wanowrie,Hospital Bed,Patient Care Equipment,7,330,2310,5610,550,40,Bank Transfer,Active,Excellent,4.5,,2024-07-14,2024-07-25,2024-08-01,,Confirmed,Not Cancelled,411027.0,HB-012,2022-06-28,2023-10-26,2024-02-23,4.1,23,16,0,0,2310
REN2677,2025-03-19,CUST537,Hospital,Dhankawadi,Hospital Bed,Patient Care Equipment,3,360,1080,7920,250,79,Debit Card,Returned,Good,4.0,2025-03-22,2025-03-08,2025-03-19,2025-03-22,2025-03-22,Completed,Not Cancelled,411038.0,HB-018,2023-03-16,2025-07-16,2025-11-13,3.4,23,21,0,0,1080
REN2678,2026-06-12,CUST037,Individual Patient,Aundh,Oxygen Concentrator,Respiratory Equipment,14,280,3920,5320,450,24,Bank Transfer,Returned,Good,3.0,2026-06-26,2026-06-11,2026-06-12,2026-06-26,2026-06-26,Completed,Not Cancelled,411042.0,OC-002,2023-10-02,2025-09-17,,2.8,16,5,0,0,3920
REN2679,2025-11-22,CUST272,Individual Patient,Bibwewadi,CPAP Machine,Respiratory Equipment,14,360,5040,6480,400,51,Bank Transfer,Returned,Good,4.5,2025-12-06,2025-11-21,2025-11-22,2025-12-06,2025-12-06,Completed,Not Cancelled,411014.0,CP-015,2022-06-26,2023-01-19,2023-07-18,4.1,19,17,0,0,5040
REN2680,2024-07-21,CUST339,Individual Patient,Vishrantwadi,Walker,Mobility Equipment,7,70,490,980,400,5,Credit Card,Returned,Good,4.5,2024-07-28,2024-07-15,2024-07-21,2024-07-28,2024-07-28,Completed,Not Cancelled,411028.0,WK-005,2023-08-31,2024-06-28,2025-06-28,2.9,7,5,0,0,490
REN2681,2026-03-28,CUST116,Home Care,Shivajinagar,Hospital Bed,Patient Care Equipment,30,350,10500,5600,250,72,Debit Card,Returned,Fair,4.5,2026-04-27,2026-03-26,2026-03-28,2026-04-27,2026-04-27,Completed,Not Cancelled,411043.0,HB-008,2024-07-02,2025-07-25,2026-01-21,2.1,23,10,0,0,10500
REN2682,2024-12-22,CUST320,Individual Patient,Viman Nagar,Patient Monitor,Monitoring Equipment,7,610,4270,7320,100,19,Credit Card,Returned,Excellent,4.0,2024-12-29,2024-12-20,2024-12-22,2024-12-29,2024-12-29,Completed,Not Cancelled,411015.0,PM-011,2023-07-09,2025-11-09,2026-03-09,3.1,13,10,0,0,4270
REN2683,2026-03-20,CUST329,Clinic,Vishrantwadi,Patient Monitor,Monitoring Equipment,10,620,6200,9300,450,216,Cash,Active,Excellent,5.0,,2026-03-17,2026-03-20,2026-03-30,,Confirmed,Not Cancelled,411047.0,PM-009,2023-03-12,2024-08-21,2025-02-17,3.4,13,9,0,0,6200
REN2684,2024-08-13,CUST016,Hospital,Pimpri,BiPAP Machine,Respiratory Equipment,3,550,1650,11000,300,90,Bank Transfer,Active,Excellent,4.0,,2024-08-05,2024-08-13,2024-08-16,,Confirmed,Not Cancelled,411043.0,BP-004,2024-06-27,2025-02-23,2026-02-23,2.1,11,8,0,0,1650
REN2685,2025-08-05,CUST111,Home Care,Viman Nagar,Suction Machine,Surgical Equipment,30,260,7800,2860,600,60,UPI,Returned,Fair,5.0,2025-09-04,2025-07-28,2025-08-05,2025-09-04,2025-09-04,Completed,Not Cancelled,411058.0,SM-004,2023-01-10,,2024-01-12,3.6,14,14,0,0,7800
REN2686,2026-05-29,CUST126,Hospital,Kothrud,Hospital Bed,Patient Care Equipment,7,350,2450,4200,550,43,UPI,Returned,Fair,4.0,2026-06-05,2026-05-20,2026-05-29,2026-06-05,2026-06-05,Completed,Not Cancelled,411042.0,HB-014,2025-06-29,2026-07-26,2027-07-26,1.1,23,16,0,0,2450
REN2687,2024-08-27,CUST450,Hospital,Chinchwad,Suction Machine,Surgical Equipment,30,240,7200,4080,100,27,Bank Transfer,Returned,Good,5.0,2024-09-26,2024-08-26,2024-08-27,2024-09-26,2024-09-26,Completed,Not Cancelled,411048.0,SM-005,2023-02-15,2024-02-13,2025-02-12,3.5,14,10,0,0,7200
REN2688,2025-10-12,CUST255,Home Care,Baner,Oxygen Concentrator,Respiratory Equipment,7,310,2170,6200,250,93,Bank Transfer,Returned,Good,4.5,2025-10-19,2025-10-03,2025-10-12,2025-10-19,2025-10-19,Completed,Not Cancelled,411028.0,OC-006,2024-06-08,2024-10-26,2025-04-24,2.1,16,15,0,0,2170
REN2689,2026-07-21,CUST204,Hospital,Dhankawadi,Commode Chair,Mobility Equipment,3,90,270,1980,300,25,Credit Card,Returned,Good,4.5,2026-07-24,2026-07-16,2026-07-21,2026-07-24,2026-07-24,Completed,Not Cancelled,411045.0,CC-002,2023-03-30,2023-10-02,2024-10-01,3.3,10,3,0,0,270
REN2690,2024-05-26,CUST221,Hospital,Hadapsar,Wheelchair,Mobility Equipment,5,160,800,2720,300,38,Cash,Returned,Good,4.0,2024-05-31,2024-05-22,2024-05-26,2024-05-31,2024-05-31,Completed,Not Cancelled,411057.0,WC-018,2024-03-18,2025-03-11,2026-03-11,2.4,20,13,0,0,800
REN2691,2024-03-29,CUST223,Clinic,Aundh,Nebulizer,Respiratory Equipment,1,80,80,1440,450,22,Credit Card,Returned,Good,5.0,2024-03-30,2024-03-22,2024-03-29,2024-03-30,2024-03-30,Completed,Not Cancelled,411048.0,NB-004,2022-09-18,2023-08-03,2023-12-01,3.9,12,7,0,0,80
REN2692,2025-09-24,CUST300,Home Care,Koregaon Park,Suction Machine,Surgical Equipment,45,250,11250,3250,250,22,UPI,Returned,Good,4.0,2025-11-08,2025-09-15,2025-09-24,2025-11-08,2025-11-08,Completed,Not Cancelled,411047.0,SM-005,2023-02-15,2024-02-13,2025-02-12,3.5,14,12,0,0,11250
REN2693,2024-11-14,CUST206,Home Care,Koregaon Park,BiPAP Machine,Respiratory Equipment,30,540,16200,8100,150,178,Credit Card,Returned,Excellent,4.5,2024-12-14,2024-11-12,2024-11-14,2024-12-14,2024-12-14,Completed,Not Cancelled,,BP-008,2024-04-21,2024-11-06,2025-02-04,2.3,11,10,1,0,16200
REN2694,2024-03-13,CUST296,Individual Patient,Hadapsar,Wheelchair,Mobility Equipment,21,130,2730,1820,250,23,UPI,Returned,Good,3.0,2024-04-03,2024-03-03,2024-03-13,2024-04-03,2024-04-03,Completed,Not Cancelled,411042.0,WC-008,2024-11-30,2025-04-12,2025-07-11,1.7,20,19,0,0,2730
REN2695,2025-03-30,CUST160,Home Care,Erandwane,BiPAP Machine,Respiratory Equipment,14,510,7140,5610,500,157,Credit Card,Returned,Excellent,4.5,2025-04-13,2025-03-24,2025-03-30,2025-04-13,2025-04-13,Completed,Not Cancelled,411042.0,BP-005,2022-02-05,2024-01-14,2025-01-13,4.5,11,8,0,0,7140
REN2696,2025-12-12,CUST409,Individual Patient,Kharadi,Nebulizer,Respiratory Equipment,3,80,240,1120,300,21,Debit Card,Returned,Good,5.0,2025-12-15,2025-12-05,2025-12-12,2025-12-15,2025-12-15,Completed,Not Cancelled,411015.0,NB-002,2025-06-20,2026-04-29,2026-08-27,1.1,12,12,0,0,240
REN2697,2024-09-21,CUST293,Hospital,Camp,Fowler Bed,Patient Care Equipment,7,420,2940,5040,250,51,UPI,Returned,Good,4.5,2024-09-28,2024-09-10,2024-09-21,2024-09-28,2024-09-28,Completed,Not Cancelled,411027.0,FB-012,2024-03-04,2025-10-11,2026-04-09,2.4,15,12,0,0,2940
REN2698,2024-11-09,CUST094,Home Care,Wakad,Oxygen Concentrator,Respiratory Equipment,7,260,1820,4420,500,55,Debit Card,Returned,Excellent,4.5,2024-11-16,2024-11-01,2024-11-09,2024-11-16,2024-11-16,Completed,Not Cancelled,411043.0,OC-009,2024-12-24,2025-05-23,2025-11-19,1.6,16,14,0,0,1820
REN2699,2026-03-14,CUST118,Individual Patient,Baner,Wheelchair,Mobility Equipment,10,150,1500,2850,100,51,Bank Transfer,Returned,Good,5.0,2026-03-24,2026-03-07,2026-03-14,2026-03-24,2026-03-24,Completed,Not Cancelled,411043.0,WC-020,2023-01-10,2024-02-15,2024-06-14,3.6,20,13,0,0,1500
REN2700,2025-05-11,CUST368,Diagnostic Center,Vishrantwadi,Oxygen Concentrator,Respiratory Equipment,30,300,9000,6600,350,13,UPI,Returned,Excellent,4.5,2025-06-10,2025-05-07,2025-05-11,2025-06-10,2025-06-10,Completed,Not Cancelled,411045.0,OC-005,2024-02-15,,2026-10-14,2.5,16,13,0,0,9000
REN2701,2026-03-12,CUST236,Individual Patient,Camp,Commode Chair,Mobility Equipment,30,90,2700,1890,150,15,Debit Card,Returned,Fair,4.0,2026-04-11,2026-03-06,2026-03-12,2026-04-11,2026-04-11,Completed,Not Cancelled,411043.0,CC-002,2023-03-30,2023-10-02,2024-10-01,3.3,10,6,0,0,2700
REN2702,2025-03-02,CUST118,Individual Patient,Hinjawadi,CPAP Machine,Respiratory Equipment,21,330,6930,4620,400,75,Bank Transfer,Returned,Good,4.5,2025-03-23,2025-02-20,2025-03-02,2025-03-23,2025-03-23,Completed,Not Cancelled,,CP-014,2024-05-28,2026-03-24,2027-03-24,2.2,19,14,1,0,6930
REN2703,2026-06-22,CUST368,Individual Patient,Wakad,Nebulizer,Respiratory Equipment,10,70,700,1540,550,10,Credit Card,Active,Good,4.5,,2026-06-08,2026-06-22,2026-07-02,,Confirmed,Not Cancelled,411040.0,NB-001,2024-01-01,2024-11-22,2025-05-21,2.6,12,8,0,0,700
REN2704,2025-09-02,CUST305,Home Care,Dhankawadi,Nebulizer,Respiratory Equipment,1,80,80,1760,300,11,UPI,Active,Good,4.0,,2025-08-24,2025-09-02,2025-09-03,,Confirmed,Not Cancelled,411043.0,NB-009,2025-06-25,2025-08-24,2025-12-22,1.1,12,10,0,0,80
REN2705,2024-04-24,CUST179,Home Care,Dhankawadi,BiPAP Machine,Respiratory Equipment,21,480,10080,7680,600,129,UPI,Returned,Good,4.5,2024-05-15,2024-04-15,2024-04-24,2024-05-15,2024-05-15,Completed,Not Cancelled,411030.0,BP-001,2024-10-27,2025-12-27,2026-03-27,1.8,11,7,0,0,10080
REN2706,2026-04-21,CUST005,Hospital,Bibwewadi,BiPAP Machine,Respiratory Equipment,21,540,11340,6480,550,175,Credit Card,Returned,Fair,3.5,2026-05-12,2026-04-13,2026-04-21,2026-05-12,2026-05-12,Completed,Not Cancelled,411014.0,BP-002,2022-07-01,2023-06-08,2023-10-06,4.1,11,8,0,0,11340
REN2707,2025-04-12,CUST173,Individual Patient,Wanowrie,Suction Machine,Surgical Equipment,7,270,1890,5400,500,55,UPI,Cancelled,Excellent,5.0,,2025-04-03,2025-04-12,,,Cancelled,Cancelled,411045.0,,,,,,14,14,0,1,1890
REN2708,2024-05-18,CUST277,Home Care,Shivajinagar,Fowler Bed,Patient Care Equipment,10,420,4200,4620,150,140,UPI,Returned,Good,4.5,2024-05-28,2024-05-15,2024-05-18,2024-05-28,2024-05-28,Completed,Not Cancelled,411028.0,FB-012,2024-03-04,2025-10-11,2026-04-09,2.4,15,14,0,0,4200
REN2709,2024-05-28,CUST368,Home Care,Bibwewadi,Wheelchair,Mobility Equipment,30,150,4500,2100,100,9,Cash,Returned,Excellent,4.5,2024-06-27,2024-05-23,2024-05-28,2024-06-27,2024-06-27,Completed,Not Cancelled,411047.0,WC-017,2022-04-22,2026-03-30,2026-07-28,4.3,20,11,0,0,4500
REN2710,2025-10-07,CUST122,Clinic,Dhankawadi,ECG Machine,Diagnostic Equipment,45,490,22050,7840,150,50,Bank Transfer,Returned,Fair,,2025-11-21,2025-10-01,2025-10-07,2025-11-21,2025-11-21,Completed,Not Cancelled,411052.0,ECG-001,2025-06-16,2025-11-07,2026-02-05,1.1,9,8,0,0,22050
REN2711,2024-02-18,CUST153,Home Care,Erandwane,Ventilator,Critical Care Equipment,14,1010,14140,21210,250,59,Bank Transfer,Active,Good,5.0,,2024-02-12,2024-02-18,2024-03-03,,Confirmed,Not Cancelled,411030.0,VT-003,2024-06-04,2025-08-24,2025-11-22,2.2,8,7,0,0,14140
REN2712,2024-09-23,CUST259,Hospital,Bibwewadi,Fowler Bed,Patient Care Equipment,5,440,2200,9680,300,75,Cash,Returned,Good,3.5,2024-09-28,2024-09-16,2024-09-23,2024-09-28,2024-09-28,Completed,Not Cancelled,411009.0,FB-015,2024-03-17,2025-01-08,2025-05-08,2.4,15,12,0,0,2200
REN2713,2024-05-16,CUST127,Individual Patient,Aundh,Walker,Mobility Equipment,5,70,350,1400,200,16,UPI,Returned,Excellent,4.0,2024-05-21,2024-05-03,2024-05-16,2024-05-21,2024-05-21,Completed,Not Cancelled,411007.0,WK-002,2024-03-18,2025-12-13,2026-06-11,2.4,7,7,0,0,350
REN2714,2025-02-24,CUST311,Hospital,Chinchwad,Surgical Loupe,Surgical Equipment,7,220,1540,3520,600,21,UPI,Active,Excellent,4.5,,2025-02-14,2025-02-24,2025-03-03,,Confirmed,Not Cancelled,411042.0,SL-006,2024-02-17,2025-07-19,2026-01-15,2.5,7,6,0,0,1540
REN2715,2025-01-28,CUST417,Home Care,Baner,Fowler Bed,Patient Care Equipment,21,400,8400,4400,500,69,Bank Transfer,Returned,Good,4.0,2025-02-18,2025-01-18,2025-01-28,2025-02-18,2025-02-18,Completed,Not Cancelled,411052.0,FB-006,2024-01-01,2025-08-08,2025-11-06,2.6,15,12,0,0,8400
REN2716,2025-05-13,CUST280,Home Care,Camp,Nebulizer,Respiratory Equipment,14,80,1120,1600,450,20,Credit Card,Returned,Good,4.0,2025-05-27,2025-05-03,2025-05-13,2025-05-27,2025-05-27,Completed,Not Cancelled,411052.0,NB-005,2023-08-11,2025-09-26,2026-03-25,3.0,12,10,0,0,1120
REN2717,2024-09-16,CUST269,Individual Patient,Vishrantwadi,Suction Machine,Surgical Equipment,5,260,1300,5460,450,61,UPI,Cancelled,Good,4.0,,2024-09-07,2024-09-16,,,Cancelled,Cancelled,411052.0,,,,,,14,14,0,1,1300
REN2718,2024-02-02,CUST545,Hospital,Erandwane,Wheelchair,Mobility Equipment,30,160,4800,2560,400,37,Bank Transfer,Returned,Excellent,3.5,2024-03-03,2024-01-25,2024-02-02,2024-03-03,2024-03-03,Completed,Not Cancelled,411007.0,WC-012,2025-04-29,2026-05-02,2027-05-02,1.3,20,15,0,0,4800
REN2719,2025-08-01,CUST351,Home Care,Bibwewadi,Hospital Bed,Patient Care Equipment,5,380,1900,6460,550,85,UPI,Returned,Excellent,3.5,2025-08-06,2025-07-29,2025-08-01,2025-08-06,2025-08-06,Completed,Not Cancelled,411008.0,HB-001,2024-10-28,2025-07-27,2025-11-24,1.8,23,21,0,0,1900
REN2720,2024-12-18,CUST426,Individual Patient,Pimpri,Fowler Bed,Patient Care Equipment,14,420,5880,8820,300,145,Credit Card,Active,Good,4.0,,2024-12-08,2024-12-18,2025-01-01,,Confirmed,Not Cancelled,411058.0,FB-007,2022-07-03,2023-06-21,2023-10-19,4.1,15,11,0,0,5880
REN2721,2025-09-03,CUST546,Individual Patient,Chinchwad,Commode Chair,Mobility Equipment,3,90,270,990,150,23,Credit Card,Returned,Excellent,3.5,2025-09-06,2025-08-31,2025-09-03,2025-09-06,2025-09-06,Completed,Not Cancelled,411045.0,CC-009,2025-02-05,2026-03-20,2026-07-18,1.5,10,8,0,0,270
REN2722,2024-04-18,CUST226,Home Care,Baner,Oxygen Concentrator,Respiratory Equipment,10,260,2600,5200,250,83,Bank Transfer,Returned,Good,4.5,2024-04-28,2024-04-10,2024-04-18,2024-04-28,2024-04-28,Completed,Not Cancelled,411052.0,OC-010,2022-01-22,2023-03-21,2024-03-20,4.5,16,14,0,0,2600
REN2723,2024-01-15,CUST462,Individual Patient,Aundh,Commode Chair,Mobility Equipment,45,90,4050,1440,200,30,UPI,Returned,Excellent,3.5,2024-02-29,2024-01-13,2024-01-15,2024-02-29,2024-02-29,Completed,Not Cancelled,,CC-004,2025-02-10,2026-02-10,2026-08-09,1.5,10,8,1,0,4050
REN2724,2024-08-19,CUST242,Home Care,Wakad,BiPAP Machine,Respiratory Equipment,30,580,17400,10440,600,177,UPI,Active,Excellent,3.5,,2024-08-13,2024-08-19,2024-09-18,,Confirmed,Not Cancelled,411046.0,BP-006,2023-06-13,2023-11-02,2024-04-30,3.1,11,8,0,0,17400
REN2725,2025-03-12,CUST496,Individual Patient,Bibwewadi,BiPAP Machine,Respiratory Equipment,45,550,24750,6600,400,33,Debit Card,Active,Good,5.0,,2025-03-08,2025-03-12,2025-04-26,,Confirmed,Not Cancelled,411037.0,BP-002,2022-07-01,2023-06-08,2023-10-06,4.1,11,8,0,0,24750
REN2726,2025-01-07,CUST223,Home Care,Shivajinagar,Oxygen Concentrator,Respiratory Equipment,7,310,2170,5580,300,62,Cash,Returned,Good,4.5,2025-01-14,2024-12-30,2025-01-07,2025-01-14,2025-01-14,Completed,Not Cancelled,411046.0,OC-015,2023-09-05,2024-03-04,2024-07-02,2.9,16,12,0,0,2170
REN2727,2026-02-07,CUST320,Individual Patient,Kothrud,Fowler Bed,Patient Care Equipment,30,420,12600,5460,100,64,Credit Card,Returned,Good,5.0,2026-03-09,2026-01-28,2026-02-07,2026-03-09,2026-03-09,Completed,Not Cancelled,411043.0,FB-001,2023-08-15,2025-12-12,2026-06-10,3.0,15,11,0,0,12600
REN2728,2024-12-22,CUST164,Individual Patient,Pimpri,Wheelchair,Mobility Equipment,10,150,1500,2400,450,9,UPI,Returned,Excellent,,2025-01-01,2024-12-21,2024-12-22,2025-01-01,2025-01-01,Completed,Not Cancelled,411052.0,WC-007,2024-08-29,2026-04-11,2026-07-10,1.9,20,15,0,0,1500
REN2729,2025-05-20,CUST358,Individual Patient,Dhankawadi,Wheelchair,Mobility Equipment,30,140,4200,2240,450,29,Credit Card,Returned,Excellent,4.5,2025-06-19,2025-05-18,2025-05-20,2025-06-19,2025-06-19,Completed,Not Cancelled,411052.0,WC-020,2023-01-10,2024-02-15,2024-06-14,3.6,20,15,0,0,4200
REN2730,2025-07-15,CUST108,Individual Patient,Wanowrie,Hospital Bed,Patient Care Equipment,10,350,3500,7700,500,34,UPI,Returned,Good,5.0,2025-07-25,2025-07-03,2025-07-15,2025-07-25,2025-07-25,Completed,Not Cancelled,411014.0,HB-017,2022-03-17,2026-02-27,2026-08-26,4.4,23,20,0,0,3500
REN2731,2024-01-23,CUST003,Clinic,Hadapsar,Hospital Bed,Patient Care Equipment,7,360,2520,6480,150,78,UPI,Returned,Fair,4.0,2024-01-30,2024-01-20,2024-01-23,2024-01-30,2024-01-30,Completed,Not Cancelled,411052.0,HB-005,2024-08-09,2025-01-10,2025-04-10,2.0,23,20,0,0,2520
REN2732,2025-05-06,CUST072,Individual Patient,Aundh,Wheelchair,Mobility Equipment,14,150,2100,2550,450,44,UPI,Returned,Excellent,,2025-05-20,2025-04-27,2025-05-06,2025-05-20,2025-05-20,Completed,Not Cancelled,411045.0,WC-005,2022-09-10,2026-02-09,2026-06-09,3.9,20,15,0,0,2100
REN2733,2024-11-19,CUST593,Clinic,Erandwane,Patient Monitor,Monitoring Equipment,21,600,12600,9000,250,94,UPI,Returned,Good,4.5,2024-12-10,2024-11-09,2024-11-19,2024-12-10,2024-12-10,Completed,Not Cancelled,411046.0,PM-010,2022-07-05,2026-04-25,2026-10-22,4.1,13,10,0,0,12600
REN2734,2025-02-04,CUST105,Home Care,Aundh,CPAP Machine,Respiratory Equipment,30,350,10500,4900,200,117,UPI,Returned,Good,4.5,2025-03-06,2025-01-26,2025-02-04,2025-03-06,2025-03-06,Completed,Not Cancelled,411028.0,CP-006,2022-06-19,2025-01-14,2025-04-14,4.1,19,17,0,0,10500
REN2735,2024-04-10,CUST183,Individual Patient,Wakad,Oxygen Concentrator,Respiratory Equipment,14,290,4060,5220,200,80,UPI,Returned,Good,3.5,2024-04-24,2024-04-09,2024-04-10,2024-04-24,2024-04-24,Completed,Not Cancelled,411038.0,OC-011,2023-11-25,2025-04-03,2025-07-02,2.7,16,15,0,0,4060
REN2736,2026-01-10,CUST376,Home Care,Chinchwad,Infusion Pump,Critical Care Equipment,3,330,990,6930,250,95,Debit Card,Returned,Good,,2026-01-13,2026-01-01,2026-01-10,2026-01-13,2026-01-13,Completed,Not Cancelled,411052.0,IP-009,2024-05-29,2025-01-24,2026-01-24,2.2,10,10,0,0,990
REN2737,2026-06-12,CUST248,Individual Patient,Aundh,Fowler Bed,Patient Care Equipment,30,410,12300,6970,500,27,Credit Card,Returned,Fair,4.5,2026-07-12,2026-05-30,2026-06-12,2026-07-12,2026-07-12,Completed,Not Cancelled,411009.0,FB-010,2025-01-27,2025-09-11,2026-03-10,1.5,15,11,0,0,12300
REN2738,2024-01-23,CUST328,Hospital,Shivajinagar,Walker,Mobility Equipment,10,60,600,1080,100,20,Credit Card,Cancelled,Excellent,5.0,,2024-01-19,2024-01-23,,,Cancelled,Cancelled,411040.0,,,,,,7,7,0,1,600
REN2739,2025-07-21,CUST428,Clinic,Hadapsar,Suction Machine,Surgical Equipment,7,240,1680,3360,600,10,UPI,Active,Good,5.0,,2025-07-13,2025-07-21,2025-07-28,,Confirmed,Not Cancelled,411058.0,SM-002,2023-03-01,2023-10-28,2024-04-25,3.4,14,12,0,0,1680
REN2740,2025-12-22,CUST463,Individual Patient,Dhankawadi,Hospital Bed,Patient Care Equipment,21,330,6930,5610,600,99,Debit Card,Returned,Good,5.0,2026-01-12,2025-12-19,2025-12-22,2026-01-12,2026-01-12,Completed,Not Cancelled,411047.0,HB-017,2022-03-17,2026-02-27,2026-08-26,4.4,23,18,0,0,6930
REN2741,2024-09-21,CUST283,Hospital,Wanowrie,Surgical Headlight,Surgical Equipment,3,170,510,2890,600,7,UPI,Returned,Good,4.0,2024-09-24,2024-09-07,2024-09-21,2024-09-24,2024-09-24,Completed,Not Cancelled,411009.0,SH-003,2023-01-16,2024-03-16,2024-09-12,3.5,8,7,0,0,510
REN2742,2026-01-15,CUST400,Home Care,Wanowrie,Infusion Pump,Critical Care Equipment,30,320,9600,5760,550,26,UPI,Returned,Good,4.5,2026-02-14,2026-01-13,2026-01-15,2026-02-14,2026-02-14,Completed,Not Cancelled,411014.0,IP-006,2025-03-23,2025-07-23,2025-11-20,1.4,10,10,0,0,9600
REN2743,2025-08-17,CUST096,Home Care,Hadapsar,Suction Machine,Surgical Equipment,3,250,750,3500,250,33,Credit Card,Returned,Good,4.5,2025-08-20,2025-08-14,2025-08-17,2025-08-20,2025-08-20,Completed,Not Cancelled,411040.0,SM-014,2024-10-23,2025-06-25,2025-12-22,1.8,14,13,0,0,750
REN2744,2026-06-01,CUST278,Hospital,Viman Nagar,Patient Monitor,Monitoring Equipment,30,590,17700,8260,300,157,Bank Transfer,Returned,Excellent,4.5,2026-07-01,2026-05-30,2026-06-01,2026-07-01,2026-07-01,Completed,Not Cancelled,411015.0,PM-008,2023-02-24,2024-12-23,2025-06-21,3.4,13,8,0,0,17700
REN2745,2026-07-16,CUST210,Home Care,Chinchwad,Fowler Bed,Patient Care Equipment,14,470,6580,6580,150,149,Bank Transfer,Returned,Excellent,4.5,2026-07-30,2026-07-03,2026-07-16,2026-07-30,2026-07-30,Completed,Not Cancelled,411052.0,FB-003,2022-09-27,2023-02-09,2023-08-08,3.8,15,8,0,0,6580
REN2746,2024-02-13,CUST201,Home Care,Dhankawadi,Fowler Bed,Patient Care Equipment,1,410,410,6150,550,100,UPI,Returned,Fair,4.5,2024-02-14,2024-02-07,2024-02-13,2024-02-14,2024-02-14,Completed,Not Cancelled,411048.0,FB-002,2025-01-02,2026-02-11,2026-06-11,1.6,15,15,0,0,410
REN2747,2025-02-28,CUST217,Clinic,Hinjawadi,Commode Chair,Mobility Equipment,7,100,700,1300,500,26,UPI,Returned,Good,5.0,2025-03-07,2025-02-25,2025-02-28,2025-03-07,2025-03-07,Completed,Not Cancelled,411058.0,CC-009,2025-02-05,2026-03-20,2026-07-18,1.5,10,10,0,0,700
REN2748,2025-06-04,CUST133,Diagnostic Center,Erandwane,Fowler Bed,Patient Care Equipment,21,440,9240,5280,150,54,UPI,Returned,Good,,2025-06-25,2025-06-02,2025-06-04,2025-06-25,2025-06-25,Completed,Not Cancelled,411030.0,FB-004,2022-08-26,2025-11-03,2026-11-03,3.9,15,14,0,0,9240
REN2749,2024-05-23,CUST209,Hospital,Baner,Wheelchair,Mobility Equipment,21,140,2940,2240,600,48,Credit Card,Returned,Excellent,3.5,2024-06-13,2024-05-12,2024-05-23,2024-06-13,2024-06-13,Completed,Not Cancelled,411027.0,WC-001,2024-04-30,2025-08-24,2025-11-22,2.3,20,14,0,0,2940
REN2750,2024-11-10,CUST361,Individual Patient,Erandwane,Hospital Bed,Patient Care Equipment,3,360,1080,7560,100,58,UPI,Returned,Good,4.5,2024-11-13,2024-11-09,2024-11-10,2024-11-13,2024-11-13,Completed,Not Cancelled,411040.0,HB-001,2024-10-28,2025-07-27,2025-11-24,1.8,23,21,0,0,1080
REN2751,2026-07-21,CUST053,Clinic,Wanowrie,Hospital Bed,Patient Care Equipment,3,340,1020,3400,500,110,UPI,Returned,Good,4.5,2026-07-24,2026-07-14,2026-07-21,2026-07-24,2026-07-24,Completed,Not Cancelled,,HB-021,2025-06-17,2026-06-19,2026-12-16,1.1,23,17,1,0,1020
REN2752,2024-01-17,CUST206,Home Care,Viman Nagar,Wheelchair,Mobility Equipment,14,140,1960,2520,150,39,UPI,Active,Fair,5.0,,2024-01-10,2024-01-17,2024-01-31,,Confirmed,Not Cancelled,411046.0,WC-006,2023-07-15,2024-01-01,2024-03-31,3.0,20,16,0,0,1960
REN2753,2025-03-08,CUST381,Individual Patient,Aundh,CPAP Machine,Respiratory Equipment,5,390,1950,7800,500,58,Cash,Returned,Excellent,5.0,2025-03-13,2025-02-27,2025-03-08,2025-03-13,2025-03-13,Completed,Not Cancelled,411052.0,CP-010,2023-08-17,2024-01-18,2024-07-16,3.0,19,15,0,0,1950
REN2754,2026-03-11,CUST365,Individual Patient,Pimpri,Surgical Headlight,Surgical Equipment,3,170,510,3400,550,24,UPI,Returned,Excellent,4.5,2026-03-14,2026-03-03,2026-03-11,2026-03-14,2026-03-14,Completed,Not Cancelled,411014.0,SH-004,2023-12-02,2026-02-21,2026-08-20,2.7,8,7,0,0,510
REN2755,2024-10-29,CUST235,Clinic,Camp,Wheelchair,Mobility Equipment,14,150,2100,3150,600,37,UPI,Returned,Good,4.5,2024-11-12,2024-10-19,2024-10-29,2024-11-12,2024-11-12,Completed,Not Cancelled,411014.0,WC-002,2024-11-25,2025-02-12,2025-06-12,1.7,20,13,0,0,2100
REN2756,2025-04-03,CUST018,Clinic,Kharadi,Oxygen Concentrator,Respiratory Equipment,14,280,3920,3920,150,93,Debit Card,Returned,Good,5.0,2025-04-17,2025-04-02,2025-04-03,2025-04-17,2025-04-17,Completed,Not Cancelled,411028.0,OC-005,2024-02-15,2026-06-16,2026-10-14,2.5,16,8,0,0,3920
REN2757,2026-07-13,CUST430,Hospital,Vishrantwadi,Wheelchair,Mobility Equipment,45,160,7200,1760,150,39,Bank Transfer,Returned,Good,,2026-08-27,2026-07-08,2026-07-13,2026-08-27,2026-08-27,Completed,Not Cancelled,411048.0,WC-009,2024-08-16,2024-11-16,2025-11-16,2.0,20,13,0,0,7200
REN2758,2025-03-30,CUST545,Home Care,Baner,Patient Monitor,Monitoring Equipment,5,600,3000,13200,100,183,Credit Card,Returned,Good,3.0,2025-04-04,2025-03-29,2025-03-30,2025-04-04,2025-04-04,Completed,Not Cancelled,411028.0,PM-001,2023-06-06,2026-05-23,2026-08-21,3.2,13,12,0,0,3000
REN2759,2024-05-08,CUST285,Individual Patient,Dhankawadi,Suction Machine,Surgical Equipment,5,270,1350,5130,550,92,Bank Transfer,Returned,Good,4.5,2024-05-13,2024-05-04,2024-05-08,2024-05-13,2024-05-13,Completed,Not Cancelled,411046.0,SM-007,2025-04-15,2025-08-10,2025-11-08,1.3,14,12,0,0,1350
REN2760,2024-02-22,CUST275,Home Care,Camp,Patient Monitor,Monitoring Equipment,7,650,4550,9100,200,88,UPI,Active,Excellent,3.0,,2024-02-16,2024-02-22,2024-02-29,,Confirmed,Not Cancelled,411057.0,PM-004,2025-02-22,2025-11-29,2026-03-29,1.4,13,13,0,0,4550
REN2761,2026-06-15,CUST266,Clinic,Camp,Walker,Mobility Equipment,3,60,180,1260,300,12,Bank Transfer,Returned,Good,5.0,2026-06-18,2026-06-08,2026-06-15,2026-06-18,2026-06-18,Completed,Not Cancelled,411037.0,WK-007,2022-10-31,2023-01-01,,3.8,7,6,0,0,180
REN2762,2024-09-03,CUST147,Home Care,Aundh,Surgical Loupe,Surgical Equipment,10,210,2100,2940,300,47,UPI,Returned,Good,4.0,2024-09-13,2024-08-22,2024-09-03,2024-09-13,2024-09-13,Completed,Not Cancelled,411009.0,SL-005,2022-05-04,2025-12-20,2026-06-18,4.2,7,4,0,0,2100
REN2763,2025-04-26,CUST101,Home Care,Wakad,ECG Machine,Diagnostic Equipment,30,510,15300,9690,250,51,Cash,Returned,Excellent,4.5,2025-05-26,2025-04-14,2025-04-26,2025-05-26,2025-05-26,Completed,Not Cancelled,411057.0,ECG-009,2024-04-18,2026-03-30,2026-09-26,2.3,9,7,0,0,15300
REN2764,2024-04-01,CUST272,Hospital,Pimpri,Commode Chair,Mobility Equipment,10,90,900,1980,350,26,UPI,Returned,Excellent,5.0,2024-04-11,2024-03-29,2024-04-01,2024-04-11,2024-04-11,Completed,Not Cancelled,411030.0,CC-001,2024-04-22,2025-08-07,2025-11-05,2.3,10,8,0,0,900
REN2765,2025-02-07,CUST414,Individual Patient,Koregaon Park,CPAP Machine,Respiratory Equipment,14,370,5180,7030,250,42,Credit Card,Returned,Good,3.5,2025-02-21,2025-01-30,2025-02-07,2025-02-21,2025-02-21,Completed,Not Cancelled,411042.0,CP-004,2023-07-31,2023-10-18,2024-01-16,3.0,19,17,0,0,5180
REN2766,2026-06-01,CUST093,Clinic,Viman Nagar,Patient Monitor,Monitoring Equipment,10,600,6000,10800,200,154,Credit Card,Active,Excellent,3.0,,2026-05-24,2026-06-01,2026-06-11,,Confirmed,Not Cancelled,411058.0,PM-013,2023-07-23,2024-09-22,2025-03-21,3.0,13,8,0,0,6000
REN2767,2025-04-25,CUST225,Home Care,Hadapsar,Oxygen Concentrator,Respiratory Equipment,14,260,3640,3120,300,51,UPI,Returned,Good,3.5,2025-05-09,2025-04-12,2025-04-25,2025-05-09,2025-05-09,Completed,Not Cancelled,411052.0,OC-008,2022-01-13,2023-05-05,2023-08-03,4.5,16,11,0,0,3640
REN2768,2026-07-07,CUST142,Clinic,Viman Nagar,Commode Chair,Mobility Equipment,21,90,1890,1980,500,27,UPI,Returned,Good,5.0,2026-07-28,2026-07-06,2026-07-07,2026-07-28,2026-07-28,Completed,Not Cancelled,411048.0,CC-003,2023-05-29,2025-12-14,2026-03-14,3.2,10,5,0,0,1890
REN2769,2024-08-28,CUST381,Home Care,Vishrantwadi,Wheelchair,Mobility Equipment,14,160,2240,2400,150,31,Bank Transfer,Returned,Good,5.0,2024-09-11,2024-08-21,2024-08-28,2024-09-11,2024-09-11,Completed,Not Cancelled,411030.0,WC-009,2024-08-16,2024-11-16,2025-11-16,2.0,20,13,0,0,2240
REN2770,2025-04-27,CUST386,Home Care,Hadapsar,Wheelchair,Mobility Equipment,7,130,910,2340,600,28,UPI,Returned,Excellent,4.5,2025-05-04,2025-04-23,2025-04-27,2025-05-04,2025-05-04,Completed,Not Cancelled,411045.0,WC-012,2025-04-29,2026-05-02,2027-05-02,1.3,20,16,0,0,910
REN2771,2026-03-28,CUST183,Individual Patient,Hinjawadi,Hospital Bed,Patient Care Equipment,5,370,1850,6290,300,33,Cash,Returned,Excellent,5.0,2026-04-02,2026-03-24,2026-03-28,2026-04-02,2026-04-02,Completed,Not Cancelled,411028.0,HB-010,2022-05-26,2023-11-28,2024-05-26,4.2,23,10,0,0,1850
REN2772,2025-03-04,CUST115,Home Care,Chinchwad,Suction Machine,Surgical Equipment,7,260,1820,3380,250,75,UPI,Returned,Fair,4.5,2025-03-11,2025-02-25,2025-03-04,2025-03-11,2025-03-11,Completed,Not Cancelled,411040.0,SM-007,2025-04-15,2025-08-10,2025-11-08,1.3,14,12,0,0,1820
REN2773,2024-09-16,CUST351,Hospital,Vishrantwadi,BiPAP Machine,Respiratory Equipment,10,520,5200,8840,300,83,Credit Card,Returned,Good,3.5,2024-09-26,2024-09-13,2024-09-16,2024-09-26,2024-09-26,Completed,Not Cancelled,411028.0,BP-001,2024-10-27,2025-12-27,2026-03-27,1.8,11,9,0,0,5200
REN2774,2026-03-24,CUST328,Home Care,Vishrantwadi,Hospital Bed,Patient Care Equipment,5,330,1650,4950,600,71,Credit Card,Returned,Good,4.0,2026-03-29,2026-03-23,2026-03-24,2026-03-29,2026-03-29,Completed,Not Cancelled,411048.0,HB-002,2024-02-10,2024-08-21,2025-02-17,2.5,23,10,0,0,1650
REN2775,2025-01-03,CUST588,Home Care,Kothrud,Fowler Bed,Patient Care Equipment,1,460,460,6440,500,138,Credit Card,Returned,Good,5.0,2025-01-04,2024-12-25,2025-01-03,2025-01-04,2025-01-04,Completed,Not Cancelled,411047.0,FB-011,2022-05-13,2023-03-15,2023-06-13,4.2,15,14,0,0,460
REN2776,2025-05-21,CUST143,Hospital,Wanowrie,CPAP Machine,Respiratory Equipment,14,350,4900,7350,500,64,Bank Transfer,Returned,Fair,4.0,2025-06-04,2025-05-20,2025-05-21,2025-06-04,2025-06-04,Completed,Not Cancelled,411057.0,CP-009,2022-05-28,2024-08-06,2025-08-06,4.2,19,14,0,0,4900
REN2777,2026-07-12,CUST393,Home Care,Pimpri,Commode Chair,Mobility Equipment,10,90,900,1710,200,11,Bank Transfer,Returned,Excellent,4.5,2026-07-22,2026-07-08,2026-07-12,2026-07-22,2026-07-22,Completed,Not Cancelled,411027.0,CC-001,2024-04-22,2025-08-07,2025-11-05,2.3,10,3,0,0,900
REN2778,2024-06-27,CUST423,Hospital,Bibwewadi,Hospital Bed,Patient Care Equipment,30,400,12000,6400,550,46,Credit Card,Returned,Fair,4.0,2024-07-27,2024-06-20,2024-06-27,2024-07-27,2024-07-27,Completed,Not Cancelled,411057.0,HB-002,2024-02-10,2024-08-21,2025-02-17,2.5,23,20,0,0,12000
REN2779,2024-10-07,CUST112,Hospital,Dhankawadi,Hospital Bed,Patient Care Equipment,14,330,4620,3300,450,70,Credit Card,Returned,Good,4.5,2024-10-21,2024-09-30,2024-10-07,2024-10-21,2024-10-21,Completed,Not Cancelled,411015.0,HB-004,2025-03-24,2026-06-21,2026-12-18,1.4,23,22,0,0,4620
REN2780,2024-02-01,CUST379,Home Care,Hadapsar,Suction Machine,Surgical Equipment,3,230,690,4370,100,28,Credit Card,Returned,Good,4.0,2024-02-04,2024-01-24,2024-02-01,2024-02-04,2024-02-04,Completed,Not Cancelled,411043.0,SM-004,2023-01-10,2023-10-14,2024-01-12,3.6,14,14,0,0,690
REN2781,2025-01-05,CUST044,Hospital,Wakad,Suction Machine,Surgical Equipment,21,250,5250,4750,300,35,UPI,Returned,Good,4.0,2025-01-26,2024-12-22,2025-01-05,2025-01-26,2025-01-26,Completed,Not Cancelled,411014.0,SM-012,2022-09-12,2025-07-02,2025-12-29,3.9,14,14,0,0,5250
REN2782,2024-07-09,CUST326,Home Care,Hadapsar,ECG Machine,Diagnostic Equipment,30,500,15000,6000,550,53,UPI,Returned,Good,3.0,2024-08-08,2024-07-05,2024-07-09,2024-08-08,2024-08-08,Completed,Not Cancelled,411046.0,ECG-007,2025-02-25,2025-07-31,2026-07-31,1.4,9,8,0,0,15000
REN2783,2025-09-29,CUST481,Individual Patient,Wanowrie,Suction Machine,Surgical Equipment,1,270,270,5130,350,47,UPI,Returned,Good,5.0,2025-09-30,2025-09-27,2025-09-29,2025-09-30,2025-09-30,Completed,Not Cancelled,411047.0,SM-014,2024-10-23,2025-06-25,2025-12-22,1.8,14,10,0,0,270
REN2784,2024-06-22,CUST291,Home Care,Hinjawadi,Walker,Mobility Equipment,30,70,2100,1050,400,13,Credit Card,Returned,Good,3.5,2024-07-22,2024-06-20,2024-06-22,2024-07-22,2024-07-22,Completed,Not Cancelled,411047.0,WK-004,2024-03-29,2024-10-16,2025-10-16,2.3,7,6,0,0,2100
REN2785,2025-09-24,CUST180,Clinic,Dhankawadi,Oxygen Concentrator,Respiratory Equipment,5,270,1350,5130,300,54,Cash,Returned,Good,4.5,2025-09-29,2025-09-18,2025-09-24,2025-09-29,2025-09-29,Completed,Not Cancelled,411027.0,OC-013,2023-06-29,2024-03-06,2025-03-06,3.1,16,12,0,0,1350
REN2786,2024-09-01,CUST300,Individual Patient,Wanowrie,CPAP Machine,Respiratory Equipment,1,370,370,7400,100,81,UPI,Returned,Good,4.5,2024-09-02,2024-08-28,2024-09-01,2024-09-02,2024-09-02,Completed,Not Cancelled,411048.0,CP-008,2024-06-15,2025-04-22,2025-08-20,2.1,19,15,0,0,370
REN2787,2024-11-29,CUST173,Individual Patient,Hinjawadi,Surgical Loupe,Surgical Equipment,7,230,1610,4370,550,50,Credit Card,Returned,Fair,4.0,2024-12-06,2024-11-17,2024-11-29,2024-12-06,2024-12-06,Completed,Not Cancelled,,SL-002,2025-04-12,2025-07-05,2026-01-01,1.3,7,7,1,0,1610
REN2788,2024-11-23,CUST261,Diagnostic Center,Pimpri,Hospital Bed,Patient Care Equipment,20,360,3600,7920,500,53,UPI,Returned,Excellent,5.0,2024-12-03,2024-11-17,2024-11-23,2024-12-03,2024-12-03,Completed,Not Cancelled,411046.0,HB-021,2025-06-17,2026-06-19,2026-12-16,1.1,23,19,0,0,7200
REN2789,2025-11-04,CUST145,Individual Patient,Shivajinagar,Commode Chair,Mobility Equipment,30,90,2700,900,200,29,Credit Card,Returned,Excellent,4.0,2025-12-04,2025-10-30,2025-11-04,2025-12-04,2025-12-04,Completed,Not Cancelled,411038.0,CC-010,2022-12-23,2023-04-16,2023-10-13,3.6,10,9,0,0,2700
REN2790,2025-03-21,CUST565,Clinic,Erandwane,Hospital Bed,Patient Care Equipment,21,350,7350,4900,200,68,Bank Transfer,Returned,Good,4.5,2025-04-11,2025-03-10,2025-03-21,2025-04-11,2025-04-11,Completed,Not Cancelled,411014.0,HB-021,2025-06-17,2026-06-19,2026-12-16,1.1,23,18,0,0,7350
REN2791,2024-12-05,CUST505,Hospital,Vishrantwadi,Fowler Bed,Patient Care Equipment,21,430,9030,4300,350,127,Bank Transfer,Returned,Excellent,4.5,2024-12-26,2024-11-26,2024-12-05,2024-12-26,2024-12-26,Completed,Not Cancelled,411058.0,FB-008,2023-01-30,2026-07-02,2027-07-02,3.5,15,13,0,0,9030
REN2792,2026-03-21,CUST175,Clinic,Shivajinagar,Wheelchair,Mobility Equipment,14,160,2240,1920,500,33,Bank Transfer,Returned,Good,5.0,2026-04-04,2026-03-13,2026-03-21,2026-04-04,2026-04-04,Completed,Not Cancelled,411047.0,WC-012,2025-04-29,2026-05-02,2027-05-02,1.3,20,6,0,0,2240
REN2793,2025-06-26,CUST058,Clinic,Wanowrie,Suction Machine,Surgical Equipment,30,240,7200,3360,100,36,Bank Transfer,Returned,Good,5.0,2025-07-26,2025-06-20,2025-06-26,2025-07-26,2025-07-26,Completed,Not Cancelled,411009.0,SM-005,2023-02-15,2024-02-13,2025-02-12,3.5,14,11,0,0,7200
REN2794,2024-07-20,CUST369,Diagnostic Center,Hinjawadi,Commode Chair,Mobility Equipment,7,90,630,900,400,24,UPI,Returned,Good,4.0,2024-07-27,2024-07-17,2024-07-20,2024-07-27,2024-07-27,Completed,Not Cancelled,411030.0,CC-008,2024-10-02,,2026-12-20,1.8,10,8,0,0,630
REN2795,2026-05-05,CUST287,Home Care,Hinjawadi,Hospital Bed,Patient Care Equipment,30,380,11400,5700,550,33,Credit Card,Returned,Good,5.0,2026-06-04,2026-04-29,2026-05-05,2026-06-04,2026-06-04,Completed,Not Cancelled,411046.0,HB-002,2024-02-10,2024-08-21,2025-02-17,2.5,23,13,0,0,11400
REN2796,2024-11-17,CUST345,Clinic,Viman Nagar,Wheelchair,Mobility Equipment,3,140,420,1540,350,48,UPI,Returned,Excellent,5.0,2024-11-20,2024-11-15,2024-11-17,2024-11-20,2024-11-20,Completed,Not Cancelled,411014.0,WC-014,2025-07-05,2026-01-27,2026-04-27,1.1,20,13,0,0,420
REN2797,2024-02-09,CUST181,Clinic,Wakad,Oxygen Concentrator,Respiratory Equipment,7,310,2170,3410,100,66,Debit Card,Returned,Excellent,5.0,2024-02-16,2024-02-03,2024-02-09,2024-02-16,2024-02-16,Completed,Not Cancelled,411038.0,OC-010,2022-01-22,2023-03-21,2024-03-20,4.5,16,11,0,0,2170
REN2798,2025-04-17,CUST333,Hospital,Hadapsar,Wheelchair,Mobility Equipment,21,140,2940,2800,100,9,Bank Transfer,Active,Good,5.0,,2025-04-07,2025-04-17,2025-05-08,,Confirmed,Not Cancelled,411009.0,WC-014,2025-07-05,2026-01-27,2026-04-27,1.1,20,18,0,0,2940
REN2799,2024-05-02,CUST176,Home Care,Shivajinagar,CPAP Machine,Respiratory Equipment,10,340,3400,6460,150,56,UPI,Cancelled,Excellent,4.5,,2024-04-26,2024-05-02,,,Cancelled,Cancelled,411007.0,,,,,,19,19,0,1,3400
REN2800,2024-08-10,CUST379,Diagnostic Center,Baner,Walker,Mobility Equipment,10,70,700,1050,550,18,UPI,Returned,Good,4.5,2024-08-20,2024-08-09,2024-08-10,2024-08-20,2024-08-20,Completed,Not Cancelled,,WK-002,2024-03-18,2025-12-13,2026-06-11,2.4,7,6,1,0,700
REN2801,2025-12-05,CUST193,Home Care,Chinchwad,Hospital Bed,Patient Care Equipment,45,360,16200,6120,350,19,Credit Card,Active,Good,4.0,,2025-12-04,2025-12-05,2026-01-19,,Confirmed,Not Cancelled,411046.0,HB-008,2024-07-02,2025-07-25,2026-01-21,2.1,23,22,0,0,16200
REN2802,2024-05-08,CUST102,Individual Patient,Shivajinagar,CPAP Machine,Respiratory Equipment,3,360,1080,4680,150,41,Cash,Returned,Excellent,5.0,2024-05-11,2024-04-27,2024-05-08,2024-05-11,2024-05-11,Completed,Not Cancelled,,CP-004,2023-07-31,2023-10-18,2024-01-16,3.0,19,12,1,0,1080
REN2803,2026-02-04,CUST173,Individual Patient,Wakad,Fowler Bed,Patient Care Equipment,3,460,1380,7360,550,150,UPI,Returned,Excellent,5.0,2026-02-07,2026-02-01,2026-02-04,2026-02-07,2026-02-07,Completed,Not Cancelled,411028.0,FB-014,2023-07-25,2025-06-16,2025-10-14,3.0,15,12,0,0,1380
REN2804,2026-06-07,CUST374,Home Care,Bibwewadi,Oxygen Concentrator,Respiratory Equipment,14,280,3920,5600,550,40,Credit Card,Active,Excellent,,,2026-06-01,2026-06-07,2026-06-21,,Confirmed,Not Cancelled,411015.0,OC-001,2025-03-23,2025-09-09,2026-01-07,1.4,16,11,0,0,3920
REN2805,2025-07-25,CUST547,Hospital,Kothrud,Oxygen Concentrator,Respiratory Equipment,7,310,2170,4960,150,25,UPI,Returned,Good,4.5,2025-08-01,2025-07-16,2025-07-25,2025-08-01,2025-08-01,Completed,Not Cancelled,411048.0,OC-004,2025-03-27,2026-06-20,2026-12-17,1.3,16,14,0,0,2170
REN2806,2025-10-29,CUST052,Home Care,Kothrud,Nebulizer,Respiratory Equipment,14,80,1120,1600,450,5,Bank Transfer,Returned,Good,3.5,2025-11-12,2025-10-26,2025-10-29,2025-11-12,2025-11-12,Completed,Not Cancelled,411045.0,NB-003,2023-10-05,2025-10-07,,2.8,12,10,0,0,1120
REN2807,2025-11-01,CUST467,Hospital,Koregaon Park,Suction Machine,Surgical Equipment,5,240,1200,3840,250,55,Bank Transfer,Returned,Good,4.0,2025-11-06,2025-10-23,2025-11-01,2025-11-06,2025-11-06,Completed,Not Cancelled,411052.0,SM-004,2023-01-10,2023-10-14,2024-01-12,3.6,14,13,0,0,1200
REN2808,2026-07-26,CUST073,Clinic,Erandwane,ECG Machine,Diagnostic Equipment,5,480,2400,6720,100,100,UPI,Returned,Good,4.5,2026-07-31,2026-07-25,2026-07-26,2026-07-31,2026-07-31,Completed,Not Cancelled,411058.0,ECG-009,2024-04-18,2026-03-30,2026-09-26,2.3,9,4,0,0,2400
REN2809,2024-11-15,CUST119,Individual Patient,Pimpri,CPAP Machine,Respiratory Equipment,10,370,3700,7770,100,88,Bank Transfer,Active,Good,4.0,,2024-11-06,2024-11-15,2024-11-25,,Confirmed,Not Cancelled,,CP-014,2024-05-28,2026-03-24,2027-03-24,2.2,19,17,1,0,3700
REN2810,2024-06-06,CUST257,Hospital,Hadapsar,Suction Machine,Surgical Equipment,3,260,780,5460,350,88,UPI,Returned,Good,4.5,2024-06-09,2024-06-05,2024-06-06,2024-06-09,2024-06-09,Completed,Not Cancelled,411007.0,SM-005,2023-02-15,2024-02-13,2025-02-12,3.5,14,13,0,0,780
REN2811,2025-05-10,CUST357,Home Care,Baner,Surgical Headlight,Surgical Equipment,7,180,1260,2160,550,9,Bank Transfer,Returned,Good,3.5,2025-05-17,2025-05-07,2025-05-10,2025-05-17,2025-05-17,Completed,Not Cancelled,411057.0,SH-001,2022-09-11,2023-01-30,2023-07-29,3.9,8,6,0,0,1260
REN2812,2025-05-23,CUST318,Clinic,Hadapsar,ECG Machine,Diagnostic Equipment,3,470,1410,7520,600,44,UPI,Returned,Good,4.5,2025-05-26,2025-05-20,2025-05-23,2025-05-26,2025-05-26,Completed,Not Cancelled,411009.0,ECG-007,2025-02-25,2025-07-31,2026-07-31,1.4,9,7,0,0,1410
REN2813,2024-06-19,CUST063,Diagnostic Center,Wakad,Surgical Headlight,Surgical Equipment,21,190,3990,3800,450,20,Credit Card,Returned,Excellent,4.5,2024-07-10,2024-06-08,2024-06-19,2024-07-10,2024-07-10,Completed,Not Cancelled,411046.0,SH-003,2023-01-16,2024-03-16,2024-09-12,3.5,8,6,0,0,3990
REN2814,2025-07-31,CUST431,Home Care,Wakad,Oxygen Concentrator,Respiratory Equipment,7,310,2170,4030,600,52,UPI,Returned,Good,5.0,2025-08-07,2025-07-25,2025-07-31,2025-08-07,2025-08-07,Completed,Not Cancelled,411015.0,OC-002,2023-10-02,2025-09-17,2026-03-16,2.8,16,10,0,0,2170
REN2815,2024-01-15,CUST248,Hospital,Erandwane,Surgical Loupe,Surgical Equipment,3,230,690,4370,200,16,Credit Card,Active,Good,3.5,,2024-01-05,2024-01-15,2024-01-18,,Confirmed,Not Cancelled,411047.0,SL-001,2025-06-04,2025-12-06,2026-06-04,1.2,7,7,0,0,690
REN2816,2026-05-30,CUST113,Individual Patient,Camp,ECG Machine,Diagnostic Equipment,14,550,7700,11550,150,89,UPI,Returned,Fair,4.0,2026-06-13,2026-05-23,2026-05-30,2026-06-13,2026-06-13,Completed,Not Cancelled,411048.0,ECG-003,2022-12-29,2023-07-22,2024-01-18,3.6,9,7,0,0,7700
REN2817,2024-09-02,CUST317,Individual Patient,Koregaon Park,Commode Chair,Mobility Equipment,10,90,900,1170,150,26,Credit Card,Active,Fair,4.5,,2024-08-23,2024-09-02,2024-09-12,,Confirmed,Not Cancelled,411047.0,CC-001,2024-04-22,2025-08-07,2025-11-05,2.3,10,9,0,0,900
REN2818,2024-02-10,CUST346,Hospital,Viman Nagar,BiPAP Machine,Respiratory Equipment,30,580,17400,6380,150,48,UPI,Returned,Good,4.5,2024-03-11,2024-02-04,2024-02-10,2024-03-11,2024-03-11,Completed,Not Cancelled,411027.0,BP-010,2023-08-08,2025-05-07,2025-11-03,3.0,11,9,0,0,17400
REN2819,2024-04-17,CUST111,Individual Patient,Viman Nagar,Surgical Loupe,Surgical Equipment,14,240,3360,5280,500,78,UPI,Returned,Good,4.5,2024-05-01,2024-04-12,2024-04-17,2024-05-01,2024-05-01,Completed,Not Cancelled,411043.0,SL-006,2024-02-17,2025-07-19,2026-01-15,2.5,7,7,0,0,3360
REN2820,2024-08-12,CUST185,Hospital,Camp,CPAP Machine,Respiratory Equipment,5,360,1800,7920,150,116,Bank Transfer,Returned,Good,4.5,2024-08-17,2024-08-05,2024-08-12,2024-08-17,2024-08-17,Completed,Not Cancelled,411014.0,CP-009,2022-05-28,2024-08-06,2025-08-06,4.2,19,16,0,0,1800
REN2821,2024-09-11,CUST118,Home Care,Viman Nagar,Nebulizer,Respiratory Equipment,21,90,1890,1890,300,17,Credit Card,Returned,Fair,5.0,2024-10-02,2024-09-08,2024-09-11,2024-10-02,2024-10-02,Completed,Not Cancelled,411052.0,NB-008,2022-12-18,2025-07-25,2026-07-25,3.6,12,12,0,0,1890
REN2822,2024-02-03,CUST141,Individual Patient,Kharadi,BiPAP Machine,Respiratory Equipment,7,520,3640,8840,500,159,Credit Card,Active,Good,4.0,,2024-01-22,2024-02-03,2024-02-10,,Confirmed,Not Cancelled,411014.0,BP-008,2024-04-21,2024-11-06,2025-02-04,2.3,11,9,0,0,3640
REN2823,2024-09-16,CUST436,Clinic,Camp,Nebulizer,Respiratory Equipment,30,80,2400,880,600,21,Credit Card,Returned,Good,3.5,2024-10-16,2024-09-05,2024-09-16,2024-10-16,2024-10-16,Completed,Not Cancelled,411048.0,NB-004,2022-09-18,2023-08-03,2023-12-01,3.9,12,11,0,0,2400
REN2824,2024-07-03,CUST131,Home Care,Hadapsar,Nebulizer,Respiratory Equipment,3,90,270,1890,150,13,Credit Card,Returned,Excellent,5.0,2024-07-06,2024-07-02,2024-07-03,2024-07-06,2024-07-06,Completed,Not Cancelled,411009.0,NB-012,2022-05-08,2024-10-27,2025-04-25,4.2,12,9,0,0,270
REN2825,2024-12-23,CUST503,Hospital,Camp,Wheelchair,Mobility Equipment,14,160,2240,1920,200,34,Debit Card,Active,Excellent,5.0,,2024-12-11,2024-12-23,2025-01-06,,Confirmed,Not Cancelled,411027.0,WC-005,2022-09-10,2026-02-09,2026-06-09,3.9,20,14,0,0,2240
REN2826,2024-12-29,CUST320,Home Care,Kharadi,Oxygen Concentrator,Respiratory Equipment,30,280,8400,3360,100,19,UPI,Returned,Good,,2025-01-28,2024-12-27,2024-12-29,2025-01-28,2025-01-28,Completed,Not Cancelled,411046.0,OC-009,2024-12-24,2025-05-23,2025-11-19,1.6,16,12,0,0,8400
REN2827,2024-11-13,CUST107,Clinic,Hinjawadi,CPAP Machine,Respiratory Equipment,10,360,3600,6840,150,68,Cash,Returned,Good,,2024-11-23,2024-11-05,2024-11-13,2024-11-23,2024-11-23,Completed,Not Cancelled,411058.0,CP-008,2024-06-15,2025-04-22,2025-08-20,2.1,19,18,0,0,3600
REN2828,2024-11-02,CUST032,Individual Patient,Viman Nagar,Nebulizer,Respiratory Equipment,14,80,1120,1200,300,24,Debit Card,Returned,Good,4.0,2024-11-16,2024-10-23,2024-11-02,2024-11-16,2024-11-16,Completed,Not Cancelled,,NB-006,2024-09-04,2025-08-23,2026-02-19,1.9,12,12,1,0,1120
REN2829,2024-03-31,CUST318,Individual Patient,Chinchwad,Nebulizer,Respiratory Equipment,1,80,80,1680,250,17,UPI,Returned,Good,5.0,2024-04-01,2024-03-28,2024-03-31,2024-04-01,2024-04-01,Completed,Not Cancelled,411028.0,NB-005,2023-08-11,2025-09-26,2026-03-25,3.0,12,8,0,0,80
REN2830,2024-01-26,CUST557,Home Care,Vishrantwadi,ECG Machine,Diagnostic Equipment,10,520,5200,10920,600,79,UPI,Returned,Good,4.5,2024-02-05,2024-01-24,2024-01-26,2024-02-05,2024-02-05,Completed,Not Cancelled,411028.0,ECG-003,2022-12-29,2023-07-22,2024-01-18,3.6,9,8,0,0,5200
REN2831,2024-07-10,CUST215,Individual Patient,Wanowrie,Commode Chair,Mobility Equipment,30,90,2700,1800,300,22,Bank Transfer,Returned,Excellent,4.5,2024-08-09,2024-07-01,2024-07-10,2024-08-09,2024-08-09,Completed,Not Cancelled,411043.0,CC-003,2023-05-29,2025-12-14,2026-03-14,3.2,10,10,0,0,2700
REN2832,2025-12-15,CUST015,Diagnostic Center,Kothrud,Suction Machine,Surgical Equipment,7,240,1680,4800,250,82,Bank Transfer,Returned,Excellent,5.0,2025-12-22,2025-12-10,2025-12-15,2025-12-22,2025-12-22,Completed,Not Cancelled,411037.0,SM-011,2024-04-13,2025-11-27,2026-11-27,2.3,14,11,0,0,1680
REN2833,2026-07-24,CUST374,Individual Patient,Erandwane,Wheelchair,Mobility Equipment,14,140,1960,2380,350,7,UPI,Returned,Excellent,5.0,2026-08-07,2026-07-19,2026-07-24,2026-08-07,2026-08-07,Completed,Not Cancelled,411015.0,WC-017,2022-04-22,2026-03-30,2026-07-28,4.3,20,9,0,0,1960
REN2834,2026-05-31,CUST223,Individual Patient,Viman Nagar,Suction Machine,Surgical Equipment,30,260,7800,5460,450,35,UPI,Returned,Excellent,3.5,2026-06-30,2026-05-22,2026-05-31,2026-06-30,2026-06-30,Completed,Not Cancelled,411043.0,SM-005,2023-02-15,2024-02-13,2025-02-12,3.5,14,10,0,0,7800
REN2835,2025-04-26,CUST105,Hospital,Dhankawadi,Infusion Pump,Critical Care Equipment,3,350,1050,7350,250,28,UPI,Returned,Good,,2025-04-29,2025-04-23,2025-04-26,2025-04-29,2025-04-29,Completed,Not Cancelled,411037.0,IP-007,2023-02-08,2024-04-26,2024-08-24,3.5,10,9,0,0,1050
REN2836,2025-05-21,CUST352,Individual Patient,Bibwewadi,Suction Machine,Surgical Equipment,7,260,1820,3380,150,87,Bank Transfer,Returned,Good,5.0,2025-05-28,2025-05-20,2025-05-21,2025-05-28,2025-05-28,Completed,Not Cancelled,411058.0,SM-011,2024-04-13,2025-11-27,2026-11-27,2.3,14,12,0,0,1820
REN2837,2024-10-20,CUST266,Individual Patient,Wakad,Surgical Headlight,Surgical Equipment,30,170,5100,2550,300,35,Bank Transfer,Returned,Excellent,4.5,2024-11-19,2024-10-07,2024-10-20,2024-11-19,2024-11-19,Completed,Not Cancelled,411007.0,SH-008,2023-07-21,2025-11-10,2026-02-08,3.0,8,6,0,0,5100
REN2838,2026-01-01,CUST272,Individual Patient,Vishrantwadi,Surgical Loupe,Surgical Equipment,10,230,2300,4140,400,16,UPI,Returned,Good,4.0,2026-01-11,2025-12-24,2026-01-01,2026-01-11,2026-01-11,Completed,Not Cancelled,411046.0,SL-001,2025-06-04,2025-12-06,2026-06-04,1.2,7,6,0,0,2300
REN2839,2025-12-23,CUST314,Home Care,Chinchwad,Oxygen Concentrator,Respiratory Equipment,5,260,1300,5460,250,59,Credit Card,Returned,Good,,2025-12-28,2025-12-16,2025-12-23,2025-12-28,2025-12-28,Completed,Not Cancelled,411047.0,OC-001,2025-03-23,2025-09-09,2026-01-07,1.4,16,11,0,0,1300
REN2840,2026-03-13,CUST139,Hospital,Koregaon Park,Nebulizer,Respiratory Equipment,30,70,2100,1050,400,13,Bank Transfer,Returned,Good,5.0,2026-04-12,2026-03-09,2026-03-13,2026-04-12,2026-04-12,Completed,Not Cancelled,411048.0,NB-007,2025-05-13,2025-09-25,2026-01-23,1.2,12,7,0,0,2100
REN2841,2026-05-01,CUST244,Clinic,Erandwane,Patient Monitor,Monitoring Equipment,3,620,1860,8060,250,30,Cash,Returned,Excellent,4.5,2026-05-04,2026-04-17,2026-05-01,2026-05-04,2026-05-04,Completed,Not Cancelled,411046.0,PM-003,2022-02-04,2022-07-21,2023-01-17,4.5,13,8,0,0,1860
REN2842,2025-02-18,CUST055,Clinic,Kharadi,Fowler Bed,Patient Care Equipment,10,470,4700,6580,550,144,UPI,Returned,Good,4.5,2025-02-28,2025-02-15,2025-02-18,2025-02-28,2025-02-28,Completed,Not Cancelled,411058.0,FB-009,2024-02-22,2025-12-15,2026-12-15,2.4,15,10,0,0,4700
REN2843,2025-12-25,CUST464,Clinic,Hinjawadi,Wheelchair,Mobility Equipment,30,150,4500,3000,550,39,UPI,Active,Good,4.5,,2025-12-23,2025-12-25,2026-01-24,,Confirmed,Not Cancelled,411028.0,WC-005,2022-09-10,2026-02-09,2026-06-09,3.9,20,14,0,0,4500
REN2844,2026-02-03,CUST302,Individual Patient,Vishrantwadi,Wheelchair,Mobility Equipment,10,160,1600,2560,450,5,UPI,Returned,Good,3.5,2026-02-13,2026-01-30,2026-02-03,2026-02-13,2026-02-13,Completed,Not Cancelled,411030.0,WC-018,2024-03-18,2025-03-11,2026-03-11,2.4,20,14,0,0,1600
REN2845,2024-10-14,CUST264,Home Care,Dhankawadi,Wheelchair,Mobility Equipment,1,150,150,1950,550,51,Credit Card,Returned,Excellent,3.5,2024-10-15,2024-10-05,2024-10-14,2024-10-15,2024-10-15,Completed,Not Cancelled,411057.0,WC-012,2025-04-29,2026-05-02,2027-05-02,1.3,20,16,0,0,150
REN2846,2026-06-01,CUST215,Hospital,Bibwewadi,Suction Machine,Surgical Equipment,21,250,5250,4750,150,20,UPI,Active,Good,4.0,,2026-05-29,2026-06-01,2026-06-22,,Confirmed,Not Cancelled,411008.0,SM-013,2022-07-24,2024-05-07,2025-05-07,4.0,14,8,0,0,5250
REN2847,2024-04-04,CUST442,Diagnostic Center,Hinjawadi,Wheelchair,Mobility Equipment,5,140,700,2520,450,4,UPI,Returned,Good,3.5,2024-04-09,2024-03-31,2024-04-04,2024-04-09,2024-04-09,Completed,Not Cancelled,411048.0,WC-014,2025-07-05,2026-01-27,2026-04-27,1.1,20,17,0,0,700
REN2848,2026-07-27,CUST224,Hospital,Wakad,CPAP Machine,Respiratory Equipment,10,350,3500,5600,300,58,Bank Transfer,Cancelled,Excellent,5.0,,2026-07-21,2026-07-27,,,Cancelled,Cancelled,411046.0,,,,,,19,19,0,1,3500
REN2849,2025-12-28,CUST238,Individual Patient,Hadapsar,Fowler Bed,Patient Care Equipment,1,410,410,7380,500,31,Credit Card,Returned,Excellent,3.5,2025-12-29,2025-12-21,2025-12-28,2025-12-29,2025-12-29,Completed,Not Cancelled,411042.0,FB-015,2024-03-17,2025-01-08,2025-05-08,2.4,15,11,0,0,410
REN2850,2024-04-03,CUST600,Hospital,Wanowrie,CPAP Machine,Respiratory Equipment,21,320,6720,3840,100,68,UPI,Returned,Good,4.0,2024-04-24,2024-04-01,2024-04-03,2024-04-24,2024-04-24,Completed,Not Cancelled,411009.0,CP-009,2022-05-28,2024-08-06,2025-08-06,4.2,19,17,0,0,6720
REN2851,2025-09-07,CUST290,Hospital,Hadapsar,Infusion Pump,Critical Care Equipment,7,310,2170,3720,200,40,UPI,Returned,Good,4.5,2025-09-14,2025-08-31,2025-09-07,2025-09-14,2025-09-14,Completed,Not Cancelled,411043.0,IP-002,2023-07-05,2024-03-20,2025-03-20,3.1,10,7,0,0,2170
REN2852,2024-02-05,CUST092,Clinic,Hadapsar,CPAP Machine,Respiratory Equipment,7,360,2520,7200,200,32,UPI,Returned,Fair,5.0,2024-02-12,2024-02-01,2024-02-05,2024-02-12,2024-02-12,Completed,Not Cancelled,411037.0,CP-009,2022-05-28,2024-08-06,2025-08-06,4.2,19,14,0,0,2520
REN2853,2025-12-28,CUST307,Hospital,Shivajinagar,Hospital Bed,Patient Care Equipment,5,330,1650,5940,400,114,UPI,Returned,Good,3.0,2026-01-02,2025-12-24,2025-12-28,2026-01-02,2026-01-02,Completed,Not Cancelled,411008.0,HB-002,2024-02-10,2024-08-21,2025-02-17,2.5,23,17,0,0,1650
REN2854,2026-01-27,CUST102,Individual Patient,Baner,Surgical Loupe,Surgical Equipment,21,220,4620,4840,600,30,UPI,Returned,Fair,4.0,2026-02-17,2026-01-26,2026-01-27,2026-02-17,2026-02-17,Completed,Not Cancelled,411046.0,SL-007,2025-04-06,2025-11-22,2026-05-21,1.3,7,6,0,0,4620
REN2855,2025-07-22,CUST257,Home Care,Wakad,ECG Machine,Diagnostic Equipment,1,510,510,11220,550,83,UPI,Returned,Excellent,4.5,2025-07-23,2025-07-09,2025-07-22,2025-07-23,2025-07-23,Completed,Not Cancelled,411048.0,ECG-009,2024-04-18,2026-03-30,2026-09-26,2.3,9,6,0,0,510
REN2856,2026-03-25,CUST560,Individual Patient,Aundh,BiPAP Machine,Respiratory Equipment,30,480,14400,6720,350,60,UPI,Returned,Fair,4.5,2026-04-24,2026-03-17,2026-03-25,2026-04-24,2026-04-24,Completed,Not Cancelled,411042.0,BP-010,2023-08-08,2025-05-07,2025-11-03,3.0,11,8,0,0,14400
REN2857,2024-04-07,CUST247,Individual Patient,Wakad,Commode Chair,Mobility Equipment,7,90,630,1440,100,27,Debit Card,Returned,Good,4.5,2024-04-14,2024-04-06,2024-04-07,2024-04-14,2024-04-14,Completed,Not Cancelled,411014.0,CC-009,2025-02-05,2026-03-20,2026-07-18,1.5,10,5,0,0,630
REN2858,2024-09-13,CUST122,Diagnostic Center,Wanowrie,Hospital Bed,Patient Care Equipment,21,370,7770,7770,550,34,Debit Card,Cancelled,Good,3.0,,2024-09-09,2024-09-13,,,Cancelled,Cancelled,411030.0,,,,,,23,23,0,1,7770
REN2859,2025-01-28,CUST441,Individual Patient,Hinjawadi,Commode Chair,Mobility Equipment,14,100,1400,1000,400,7,UPI,Returned,Good,5.0,2025-02-11,2025-01-27,2025-01-28,2025-02-11,2025-02-11,Completed,Not Cancelled,411040.0,CC-002,2023-03-30,2023-10-02,2024-10-01,3.3,10,9,0,0,1400
REN2860,2024-02-13,CUST097,Individual Patient,Erandwane,Wheelchair,Mobility Equipment,5,160,800,3360,100,50,Bank Transfer,Returned,Good,4.5,2024-02-18,2024-02-07,2024-02-13,2024-02-18,2024-02-18,Completed,Not Cancelled,411040.0,WC-016,2024-07-04,2025-08-17,2025-12-15,2.1,20,17,0,0,800
REN2861,2025-03-04,CUST044,Individual Patient,Chinchwad,Fowler Bed,Patient Care Equipment,5,440,2200,5280,450,39,UPI,Returned,Good,,2025-03-09,2025-02-24,2025-03-04,2025-03-09,2025-03-09,Completed,Not Cancelled,411042.0,FB-008,2023-01-30,2026-07-02,2027-07-02,3.5,15,12,0,0,2200
REN2862,2024-09-03,CUST356,Hospital,Camp,Wheelchair,Mobility Equipment,10,140,1400,1820,550,43,Bank Transfer,Returned,Good,5.0,2024-09-13,2024-09-02,2024-09-03,2024-09-13,2024-09-13,Completed,Not Cancelled,411015.0,WC-019,2023-12-24,2026-05-27,2026-08-25,2.6,20,14,0,0,1400
REN2863,2025-01-06,CUST187,Individual Patient,Bibwewadi,Nebulizer,Respiratory Equipment,10,80,800,1280,550,17,Debit Card,Active,Good,4.5,,2024-12-25,2025-01-06,2025-01-16,,Confirmed,Not Cancelled,411047.0,NB-010,2024-09-03,2026-05-18,2027-05-18,1.9,12,11,0,0,800
REN2864,2025-02-08,CUST527,Home Care,Viman Nagar,Wheelchair,Mobility Equipment,7,160,1120,3040,550,47,Credit Card,Returned,Excellent,3.0,2025-02-15,2025-02-04,2025-02-08,2025-02-15,2025-02-15,Completed,Not Cancelled,411008.0,WC-004,2024-04-11,2025-03-19,2025-07-17,2.3,20,17,0,0,1120
REN2865,2026-04-16,CUST139,Clinic,Wakad,Wheelchair,Mobility Equipment,7,150,1050,2100,600,8,Credit Card,Returned,Good,4.5,2026-04-23,2026-04-13,2026-04-16,2026-04-23,2026-04-23,Completed,Not Cancelled,411058.0,WC-003,2022-01-25,,2024-08-14,4.5,20,6,0,0,1050
REN2866,2024-09-07,CUST352,Individual Patient,Erandwane,Hospital Bed,Patient Care Equipment,30,350,10500,7700,450,118,UPI,Returned,Good,4.5,2024-10-07,2024-09-05,2024-09-07,2024-10-07,2024-10-07,Completed,Not Cancelled,411037.0,HB-003,2022-11-12,2024-06-27,2024-09-25,3.7,23,21,0,0,10500
REN2867,2026-04-29,CUST496,Individual Patient,Viman Nagar,Nebulizer,Respiratory Equipment,14,80,1120,1600,400,10,UPI,Returned,Good,3.5,2026-05-13,2026-04-27,2026-04-29,2026-05-13,2026-05-13,Completed,Not Cancelled,411048.0,NB-012,2022-05-08,2024-10-27,,4.2,12,9,0,0,1120
REN2868,2025-02-09,CUST136,Home Care,Wanowrie,Oxygen Concentrator,Respiratory Equipment,10,280,2800,5320,150,14,Credit Card,Returned,Excellent,4.0,2025-02-19,2025-01-30,2025-02-09,2025-02-19,2025-02-19,Completed,Not Cancelled,411008.0,OC-013,2023-06-29,2024-03-06,2025-03-06,3.1,16,15,0,0,2800
REN2869,2024-11-02,CUST380,Individual Patient,Koregaon Park,Fowler Bed,Patient Care Equipment,7,450,3150,9000,400,124,UPI,Cancelled,Good,4.0,,2024-10-28,2024-11-02,,,Cancelled,Cancelled,411045.0,,,,,,15,15,0,1,3150
REN2870,2025-04-25,CUST578,Hospital,Chinchwad,Oxygen Concentrator,Respiratory Equipment,7,280,1960,2800,550,24,Bank Transfer,Returned,Excellent,,2025-05-02,2025-04-16,2025-04-25,2025-05-02,2025-05-02,Completed,Not Cancelled,411058.0,OC-015,2023-09-05,2024-03-04,2024-07-02,2.9,16,11,0,0,1960
REN2871,2025-02-01,CUST325,Clinic,Koregaon Park,Commode Chair,Mobility Equipment,7,90,630,1800,500,13,Credit Card,Returned,Good,5.0,2025-02-08,2025-01-29,2025-02-01,2025-02-08,2025-02-08,Completed,Not Cancelled,411058.0,CC-004,2025-02-10,2026-02-10,2026-08-09,1.5,10,8,0,0,630
REN2872,2024-08-27,CUST143,Home Care,Vishrantwadi,Wheelchair,Mobility Equipment,30,160,4800,2720,550,35,UPI,Returned,Good,4.5,2024-09-26,2024-08-23,2024-08-27,2024-09-26,2024-09-26,Completed,Not Cancelled,411037.0,WC-006,2023-07-15,2024-01-01,2024-03-31,3.0,20,15,0,0,4800
REN2873,2025-04-25,CUST235,Diagnostic Center,Dhankawadi,Walker,Mobility Equipment,5,60,300,720,150,3,Credit Card,Returned,Excellent,5.0,2025-04-30,2025-04-20,2025-04-25,2025-04-30,2025-04-30,Completed,Not Cancelled,411030.0,WK-006,2024-09-05,2025-05-31,2025-09-28,1.9,7,5,0,0,300
REN2874,2024-05-27,CUST589,Hospital,Koregaon Park,Oxygen Concentrator,Respiratory Equipment,7,290,2030,5800,200,27,Bank Transfer,Returned,Good,4.5,2024-06-03,2024-05-22,2024-05-27,2024-06-03,2024-06-03,Completed,Not Cancelled,411052.0,OC-007,2022-03-01,2024-09-16,2025-01-14,4.4,16,10,0,0,2030
REN2875,2024-11-26,CUST190,Home Care,Aundh,Hospital Bed,Patient Care Equipment,21,340,7140,3740,550,63,Credit Card,Returned,Excellent,5.0,2024-12-17,2024-11-25,2024-11-26,2024-12-17,2024-12-17,Completed,Not Cancelled,411043.0,HB-015,2023-12-19,2025-01-01,2025-04-01,2.6,23,18,0,0,7140
REN2876,2025-06-21,CUST470,Home Care,Baner,Wheelchair,Mobility Equipment,14,130,1820,2340,600,21,Credit Card,Returned,Fair,4.0,2025-07-05,2025-06-20,2025-06-21,2025-07-05,2025-07-05,Completed,Not Cancelled,411058.0,WC-010,2022-10-28,2026-07-19,2027-01-15,3.8,20,13,0,0,1820
REN2877,2025-01-27,CUST454,Home Care,Wakad,Hospital Bed,Patient Care Equipment,30,330,9900,5610,350,69,Debit Card,Active,Good,4.0,,2025-01-13,2025-01-27,2025-02-26,,Confirmed,Not Cancelled,411015.0,HB-022,2022-10-26,2023-05-17,2024-05-16,3.8,23,21,0,0,9900
REN2878,2026-02-21,CUST539,Clinic,Wakad,Fowler Bed,Patient Care Equipment,7,440,3080,4400,550,116,UPI,Returned,Good,4.5,2026-02-28,2026-02-13,2026-02-21,2026-02-28,2026-02-28,Completed,Not Cancelled,411037.0,FB-005,2023-12-06,2025-12-27,2026-12-27,2.7,15,10,0,0,3080
REN2879,2024-08-26,CUST100,Home Care,Kothrud,Wheelchair,Mobility Equipment,1,150,150,2100,450,21,Credit Card,Returned,Fair,5.0,2024-08-27,2024-08-25,2024-08-26,2024-08-27,2024-08-27,Completed,Not Cancelled,411028.0,WC-010,2022-10-28,2026-07-19,2027-01-15,3.8,20,15,0,0,150
REN2880,2026-07-06,CUST350,Individual Patient,Dhankawadi,Infusion Pump,Critical Care Equipment,14,340,4760,3740,200,54,UPI,Returned,Excellent,5.0,2026-07-20,2026-06-27,2026-07-06,2026-07-20,2026-07-20,Completed,Not Cancelled,411037.0,IP-002,2023-07-05,2024-03-20,2025-03-20,3.1,10,5,0,0,4760
REN2881,2026-01-12,CUST178,Hospital,Erandwane,Fowler Bed,Patient Care Equipment,10,460,4600,10120,350,54,UPI,Returned,Excellent,5.0,2026-01-22,2026-01-08,2026-01-12,2026-01-22,2026-01-22,Completed,Not Cancelled,411052.0,FB-004,2022-08-26,2025-11-03,2026-11-03,3.9,15,13,0,0,4600
REN2882,2026-07-04,CUST246,Clinic,Wanowrie,Wheelchair,Mobility Equipment,3,140,420,2800,300,19,Cash,Returned,Good,5.0,2026-07-07,2026-06-25,2026-07-04,2026-07-07,2026-07-07,Completed,Not Cancelled,411052.0,WC-016,2024-07-04,2025-08-17,2025-12-15,2.1,20,10,0,0,420
REN2883,2026-03-07,CUST464,Hospital,Erandwane,Fowler Bed,Patient Care Equipment,10,450,4500,9900,500,21,UPI,Returned,Good,4.0,2026-03-17,2026-02-23,2026-03-07,2026-03-17,2026-03-17,Completed,Not Cancelled,411042.0,FB-008,2023-01-30,2026-07-02,2027-07-02,3.5,15,6,0,0,4500
REN2884,2024-05-18,CUST309,Hospital,Baner,Wheelchair,Mobility Equipment,30,160,4800,2560,250,35,UPI,Returned,Excellent,4.0,2024-06-17,2024-05-17,2024-05-18,2024-06-17,2024-06-17,Completed,Not Cancelled,411007.0,WC-016,2024-07-04,2025-08-17,2025-12-15,2.1,20,13,0,0,4800
REN2885,2025-05-17,CUST153,Home Care,Kothrud,Wheelchair,Mobility Equipment,14,150,2100,2100,150,13,UPI,Returned,Excellent,4.5,2025-05-31,2025-05-04,2025-05-17,2025-05-31,2025-05-31,Completed,Not Cancelled,411037.0,WC-008,2024-11-30,2025-04-12,2025-07-11,1.7,20,15,0,0,2100
REN2886,2024-06-12,CUST181,Clinic,Baner,Oxygen Concentrator,Respiratory Equipment,5,290,1450,6380,350,75,Cash,Active,Good,4.5,,2024-06-10,2024-06-12,2024-06-17,,Confirmed,Not Cancelled,411038.0,OC-001,2025-03-23,2025-09-09,,1.4,16,11,0,0,1450
REN2887,2026-02-15,CUST351,Home Care,Kothrud,Hospital Bed,Patient Care Equipment,21,330,6930,4290,350,14,Debit Card,Active,Good,4.5,,2026-02-12,2026-02-15,2026-03-08,,Confirmed,Not Cancelled,411046.0,HB-012,2022-06-28,2023-10-26,2024-02-23,4.1,23,13,0,0,6930
REN2888,2025-07-07,CUST188,Home Care,Viman Nagar,Wheelchair,Mobility Equipment,21,140,2940,2100,550,7,UPI,Returned,Excellent,3.5,2025-07-28,2025-06-30,2025-07-07,2025-07-28,2025-07-28,Completed,Not Cancelled,411027.0,WC-018,2024-03-18,2025-03-11,2026-03-11,2.4,20,14,0,0,2940
REN2889,2024-09-01,CUST462,Diagnostic Center,Kothrud,Walker,Mobility Equipment,10,70,700,770,100,8,Credit Card,Returned,Good,4.5,2024-09-11,2024-08-24,2024-09-01,2024-09-11,2024-09-11,Completed,Not Cancelled,411042.0,WK-005,2023-08-31,2024-06-28,2025-06-28,2.9,7,5,0,0,700
REN2890,2026-06-01,CUST535,Home Care,Vishrantwadi,BiPAP Machine,Respiratory Equipment,10,520,5200,10400,550,89,UPI,Returned,Fair,5.0,2026-06-11,2026-05-30,2026-06-01,2026-06-11,2026-06-11,Completed,Not Cancelled,411047.0,BP-003,2022-01-03,2023-01-31,2024-01-31,4.6,11,5,0,0,5200
REN2891,2024-04-24,CUST557,Home Care,Wakad,Surgical Headlight,Surgical Equipment,30,200,6000,2200,200,50,Bank Transfer,Returned,Good,4.0,2024-05-24,2024-04-22,2024-04-24,2024-05-24,2024-05-24,Completed,Not Cancelled,411042.0,SH-005,2023-10-28,2025-09-07,2025-12-06,2.8,8,7,0,0,6000
REN2892,2025-06-19,CUST271,Hospital,Chinchwad,Wheelchair,Mobility Equipment,30,140,4200,1400,150,35,Credit Card,Returned,Good,4.5,2025-07-19,2025-06-16,2025-06-19,2025-07-19,2025-07-19,Completed,Not Cancelled,411048.0,WC-005,2022-09-10,2026-02-09,2026-06-09,3.9,20,14,0,0,4200
REN2893,2025-11-09,CUST378,Individual Patient,Shivajinagar,Infusion Pump,Critical Care Equipment,21,360,7560,7200,300,123,UPI,Returned,Good,4.0,2025-11-30,2025-11-05,2025-11-09,2025-11-30,2025-11-30,Completed,Not Cancelled,411027.0,IP-010,2023-02-03,2024-03-05,2024-06-03,3.5,10,7,0,0,7560
REN2894,2024-02-29,CUST004,Home Care,Hinjawadi,CPAP Machine,Respiratory Equipment,21,350,7350,7000,400,50,Credit Card,Returned,Good,4.5,2024-03-21,2024-02-25,2024-02-29,2024-03-21,2024-03-21,Completed,Not Cancelled,411043.0,CP-019,2023-08-01,2024-08-24,2025-08-24,3.0,19,18,0,0,7350
REN2895,2025-07-18,CUST141,Hospital,Wakad,Wheelchair,Mobility Equipment,5,160,800,3360,600,8,Debit Card,Active,Good,4.5,,2025-07-16,2025-07-18,2025-07-23,,Confirmed,Not Cancelled,411038.0,WC-015,2022-05-31,2025-11-16,2026-11-16,4.2,20,12,0,0,800
REN2896,2026-02-13,CUST081,Hospital,Koregaon Park,Commode Chair,Mobility Equipment,3,90,270,1890,350,28,UPI,Cancelled,Good,4.0,,2026-01-31,2026-02-13,,,Cancelled,Cancelled,411037.0,,,,,,10,10,0,1,270
REN2897,2024-03-09,CUST489,Hospital,Shivajinagar,Hospital Bed,Patient Care Equipment,10,350,3500,3850,150,92,UPI,Returned,Good,5.0,2024-03-19,2024-02-29,2024-03-09,2024-03-19,2024-03-19,Completed,Not Cancelled,411037.0,HB-006,2023-04-29,2023-10-02,2024-01-30,3.3,23,17,0,0,3500
REN2898,2025-05-04,CUST238,Home Care,Hinjawadi,CPAP Machine,Respiratory Equipment,14,370,5180,5180,300,19,Cash,Cancelled,Good,4.5,,2025-04-20,2025-05-04,,,Cancelled,Cancelled,411042.0,,,,,,19,19,0,1,5180
REN2899,2024-08-28,CUST207,Individual Patient,Chinchwad,ECG Machine,Diagnostic Equipment,21,480,10080,9120,600,27,UPI,Returned,Excellent,4.0,2024-09-18,2024-08-26,2024-08-28,2024-09-18,2024-09-18,Completed,Not Cancelled,411040.0,ECG-006,2024-08-17,2026-03-18,2026-07-16,2.0,9,8,0,0,10080
REN2900,2025-09-13,CUST291,Clinic,Wakad,Suction Machine,Surgical Equipment,3,260,780,3640,450,47,Credit Card,Returned,Good,5.0,2025-09-16,2025-09-12,2025-09-13,2025-09-16,2025-09-16,Completed,Not Cancelled,411042.0,SM-001,2022-01-16,2022-11-13,2023-11-13,4.5,14,12,0,0,780
REN2901,2024-04-27,CUST106,Home Care,Koregaon Park,Fowler Bed,Patient Care Equipment,14,430,6020,8600,200,60,Credit Card,Returned,Good,5.0,2024-05-11,2024-04-21,2024-04-27,2024-05-11,2024-05-11,Completed,Not Cancelled,411058.0,FB-010,2025-01-27,2025-09-11,2026-03-10,1.5,15,10,0,0,6020
REN2902,2026-06-08,CUST247,Home Care,Kharadi,Oxygen Concentrator,Respiratory Equipment,3,280,840,5880,450,62,UPI,Returned,Excellent,4.5,2026-06-11,2026-06-01,2026-06-08,2026-06-11,2026-06-11,Completed,Not Cancelled,,OC-014,2025-02-15,2026-03-30,2026-09-26,1.5,16,9,1,0,840
REN2903,2026-04-30,CUST371,Home Care,Erandwane,Hospital Bed,Patient Care Equipment,7,330,2310,7260,500,33,UPI,Returned,Good,3.5,2026-05-07,2026-04-23,2026-04-30,2026-05-07,2026-05-07,Completed,Not Cancelled,,HB-022,2022-10-26,2023-05-17,2024-05-16,3.8,23,11,1,0,2310
REN2904,2024-06-26,CUST436,Individual Patient,Hadapsar,Surgical Loupe,Surgical Equipment,14,230,3220,4600,250,78,UPI,Returned,Good,4.5,2024-07-10,2024-06-25,2024-06-26,2024-07-10,2024-07-10,Completed,Not Cancelled,411057.0,SL-004,2024-02-17,2025-06-05,2025-12-02,2.5,7,7,0,0,3220
REN2905,2024-10-28,CUST391,Home Care,Dhankawadi,Wheelchair,Mobility Equipment,3,160,480,3200,350,31,UPI,Returned,Excellent,4.0,2024-10-31,2024-10-18,2024-10-28,2024-10-31,2024-10-31,Completed,Not Cancelled,411015.0,WC-006,2023-07-15,2024-01-01,2024-03-31,3.0,20,15,0,0,480
REN2906,2025-07-10,CUST345,Hospital,Camp,Wheelchair,Mobility Equipment,30,160,4800,2720,250,43,Credit Card,Active,Good,,,2025-07-05,2025-07-10,2025-08-09,,Confirmed,Not Cancelled,411015.0,WC-007,2024-08-29,2026-04-11,2026-07-10,1.9,20,10,0,0,4800
REN2907,2025-11-06,CUST332,Diagnostic Center,Vishrantwadi,Wheelchair,Mobility Equipment,10,160,1600,1760,150,11,Debit Card,Returned,Good,4.5,2025-11-16,2025-11-02,2025-11-06,2025-11-16,2025-11-16,Completed,Not Cancelled,411009.0,WC-011,2024-06-14,2024-10-17,2025-04-15,2.1,20,18,0,0,1600
REN2908,2025-02-26,CUST194,Home Care,Erandwane,Surgical Headlight,Surgical Equipment,14,180,2520,2700,550,41,UPI,Returned,Excellent,5.0,2025-03-12,2025-02-20,2025-02-26,2025-03-12,2025-03-12,Completed,Not Cancelled,411015.0,SH-006,2025-01-03,2025-04-27,2025-07-26,1.6,8,8,0,0,2520
REN2909,2024-05-31,CUST208,Hospital,Hinjawadi,Commode Chair,Mobility Equipment,10,100,1000,2200,250,31,Bank Transfer,Returned,Fair,3.5,2024-06-10,2024-05-30,2024-05-31,2024-06-10,2024-06-10,Completed,Not Cancelled,411008.0,CC-005,2024-07-20,2024-10-24,2025-04-22,2.0,10,7,0,0,1000
REN2910,2024-04-13,CUST059,Home Care,Kothrud,Fowler Bed,Patient Care Equipment,14,450,6300,9450,250,17,UPI,Returned,Excellent,5.0,2024-04-27,2024-04-10,2024-04-13,2024-04-27,2024-04-27,Completed,Not Cancelled,411014.0,FB-004,2022-08-26,2025-11-03,2026-11-03,3.9,15,10,0,0,6300
REN2911,2026-07-31,CUST173,Home Care,Kharadi,Ventilator,Critical Care Equipment,1,1010,1010,13130,150,205,UPI,Returned,Good,4.5,2026-08-01,2026-07-17,2026-07-31,2026-08-01,2026-08-01,Completed,Not Cancelled,411045.0,VT-002,2024-07-09,2026-04-04,2026-08-02,2.1,8,7,0,0,1010
REN2912,2025-03-11,CUST313,Hospital,Hadapsar,Hospital Bed,Patient Care Equipment,7,370,2590,7030,300,40,Credit Card,Returned,Excellent,4.5,2025-03-18,2025-03-05,2025-03-11,2025-03-18,2025-03-18,Completed,Not Cancelled,411045.0,HB-016,2023-09-12,2024-11-01,2025-11-01,2.9,23,19,0,0,2590
REN2913,2026-04-09,CUST201,Individual Patient,Wanowrie,Surgical Headlight,Surgical Equipment,21,190,3990,2470,450,35,UPI,Returned,Good,5.0,2026-04-30,2026-04-08,2026-04-09,2026-04-30,2026-04-30,Completed,Not Cancelled,411043.0,SH-004,2023-12-02,2026-02-21,2026-08-20,2.7,8,6,0,0,3990
REN2914,2025-04-06,CUST438,Diagnostic Center,Wanowrie,Hospital Bed,Patient Care Equipment,14,360,5040,5400,600,105,Credit Card,Active,Good,4.5,,2025-04-03,2025-04-06,2025-04-20,,Confirmed,Not Cancelled,411057.0,HB-005,2024-08-09,2025-01-10,2025-04-10,2.0,23,18,0,0,5040
REN2915,2026-05-25,CUST132,Individual Patient,Dhankawadi,CPAP Machine,Respiratory Equipment,14,350,4900,6300,500,88,UPI,Returned,Good,4.5,2026-06-08,2026-05-23,2026-05-25,2026-06-08,2026-06-08,Completed,Not Cancelled,411052.0,CP-018,2022-12-12,2023-08-05,2024-08-04,3.6,19,3,0,0,4900
REN2916,2024-03-29,CUST498,Home Care,Kothrud,Hospital Bed,Patient Care Equipment,5,360,1800,5760,550,98,Bank Transfer,Returned,Excellent,4.0,2024-04-03,2024-03-17,2024-03-29,2024-04-03,2024-04-03,Completed,Not Cancelled,411028.0,HB-011,2023-11-04,2025-12-22,2026-03-22,2.7,23,19,0,0,1800
REN2917,2024-04-23,CUST191,Individual Patient,Baner,Surgical Loupe,Surgical Equipment,30,240,7200,4080,600,23,Debit Card,Returned,Good,,2024-05-23,2024-04-13,2024-04-23,2024-05-23,2024-05-23,Completed,Not Cancelled,411014.0,SL-001,2025-06-04,2025-12-06,2026-06-04,1.2,7,5,0,0,7200
REN2918,2026-06-01,CUST208,Home Care,Baner,Surgical Headlight,Surgical Equipment,1,180,180,1980,450,53,UPI,Active,Fair,4.5,,2026-05-26,2026-06-01,2026-06-02,,Confirmed,Not Cancelled,411037.0,SH-003,2023-01-16,,,3.5,8,6,0,0,180
REN2919,2026-06-17,CUST334,Clinic,Pimpri,Patient Monitor,Monitoring Equipment,10,560,5600,7280,550,127,Cash,Returned,Fair,3.0,2026-06-27,2026-06-04,2026-06-17,2026-06-27,2026-06-27,Completed,Not Cancelled,411057.0,PM-007,2023-09-28,2024-02-25,2024-05-25,2.8,13,8,0,0,5600
REN2920,2024-10-20,CUST445,Hospital,Koregaon Park,Wheelchair,Mobility Equipment,5,140,700,2800,250,7,UPI,Active,Good,4.0,,2024-10-16,2024-10-20,2024-10-25,,Confirmed,Not Cancelled,411058.0,WC-019,2023-12-24,2026-05-27,2026-08-25,2.6,20,15,0,0,700
REN2921,2024-11-29,CUST259,Individual Patient,Baner,Oxygen Concentrator,Respiratory Equipment,14,270,3780,4860,450,83,UPI,Returned,Good,3.5,2024-12-13,2024-11-18,2024-11-29,2024-12-13,2024-12-13,Completed,Not Cancelled,411015.0,OC-004,2025-03-27,2026-06-20,2026-12-17,1.3,16,13,0,0,3780
REN2922,2025-03-08,CUST177,Individual Patient,Chinchwad,CPAP Machine,Respiratory Equipment,10,340,3400,6800,400,16,UPI,Returned,Fair,3.5,2025-03-18,2025-03-03,2025-03-08,2025-03-18,2025-03-18,Completed,Not Cancelled,411009.0,CP-007,2023-05-05,2026-04-29,2026-10-26,3.2,19,15,0,0,3400
REN2923,2025-01-30,CUST132,Hospital,Hadapsar,Oxygen Concentrator,Respiratory Equipment,5,260,1300,5720,300,10,Bank Transfer,Returned,Good,4.5,2025-02-04,2025-01-20,2025-01-30,2025-02-04,2025-02-04,Completed,Not Cancelled,411046.0,OC-006,2024-06-08,2024-10-26,,2.1,16,16,0,0,1300
REN2924,2024-06-30,CUST145,Hospital,Bibwewadi,Hospital Bed,Patient Care Equipment,21,390,8190,5460,450,116,Bank Transfer,Returned,Excellent,3.5,2024-07-21,2024-06-19,2024-06-30,2024-07-21,2024-07-21,Completed,Not Cancelled,411052.0,HB-021,2025-06-17,2026-06-19,2026-12-16,1.1,23,17,0,0,8190
REN2925,2026-05-04,CUST439,Home Care,Dhankawadi,BiPAP Machine,Respiratory Equipment,10,500,5000,6500,450,17,Cash,Returned,Good,3.5,2026-05-14,2026-04-29,2026-05-04,2026-05-14,2026-05-14,Completed,Not Cancelled,411058.0,BP-008,2024-04-21,2024-11-06,,2.3,11,5,0,0,5000
REN2926,2024-08-23,CUST484,Home Care,Pimpri,Suction Machine,Surgical Equipment,30,240,7200,3360,300,14,Bank Transfer,Returned,Good,4.5,2024-09-22,2024-08-21,2024-08-23,2024-09-22,2024-09-22,Completed,Not Cancelled,411058.0,SM-006,2024-01-04,2024-10-23,2025-02-20,2.6,14,11,0,0,7200
REN2927,2025-10-24,CUST379,Home Care,Baner,Surgical Headlight,Surgical Equipment,21,170,3570,2890,550,6,UPI,Returned,Good,4.5,2025-11-14,2025-10-22,2025-10-24,2025-11-14,2025-11-14,Completed,Not Cancelled,411027.0,SH-001,2022-09-11,2023-01-30,2023-07-29,3.9,8,7,0,0,3570
REN2928,2024-03-09,CUST069,Individual Patient,Kothrud,Fowler Bed,Patient Care Equipment,14,460,6440,5980,100,143,Debit Card,Returned,Good,5.0,2024-03-23,2024-03-06,2024-03-09,2024-03-23,2024-03-23,Completed,Not Cancelled,411047.0,FB-010,2025-01-27,2025-09-11,2026-03-10,1.5,15,13,0,0,6440
REN2929,2024-02-09,CUST212,Individual Patient,Pimpri,Oxygen Concentrator,Respiratory Equipment,5,280,1400,4200,250,12,Cash,Returned,Fair,5.0,2024-02-14,2024-02-06,2024-02-09,2024-02-14,2024-02-14,Completed,Not Cancelled,411045.0,OC-011,2023-11-25,2025-04-03,2025-07-02,2.7,16,11,0,0,1400
REN2930,2025-09-05,CUST077,Home Care,Erandwane,Fowler Bed,Patient Care Equipment,21,430,9030,5160,300,64,Bank Transfer,Returned,Good,5.0,2025-09-26,2025-09-01,2025-09-05,2025-09-26,2025-09-26,Completed,Not Cancelled,411028.0,FB-012,2024-03-04,2025-10-11,2026-04-09,2.4,15,13,0,0,9030
REN2931,2024-11-13,CUST277,Individual Patient,Dhankawadi,Wheelchair,Mobility Equipment,5,150,750,2250,550,15,Credit Card,Returned,Good,4.5,2024-11-18,2024-11-07,2024-11-13,2024-11-18,2024-11-18,Completed,Not Cancelled,411007.0,WC-008,2024-11-30,2025-04-12,2025-07-11,1.7,20,17,0,0,750
REN2932,2025-09-06,CUST399,Individual Patient,Pimpri,Suction Machine,Surgical Equipment,10,260,2600,5720,350,36,Bank Transfer,Active,Excellent,4.0,,2025-09-05,2025-09-06,2025-09-16,,Confirmed,Not Cancelled,,SM-008,2022-11-17,2026-01-26,2026-04-26,3.7,14,11,1,0,2600
REN2933,2024-04-04,CUST084,Home Care,Viman Nagar,Commode Chair,Mobility Equipment,21,90,1890,1350,600,11,UPI,Returned,Fair,4.0,2024-04-25,2024-03-24,2024-04-04,2024-04-25,2024-04-25,Completed,Not Cancelled,411030.0,CC-006,2024-10-14,,2025-07-16,1.8,10,4,0,0,1890
REN2934,2026-06-19,CUST184,Clinic,Aundh,Wheelchair,Mobility Equipment,7,130,910,2470,600,41,Debit Card,Active,Good,5.0,,2026-06-18,2026-06-19,2026-06-26,,Confirmed,Not Cancelled,411027.0,WC-011,2024-06-14,2024-10-17,2025-04-15,2.1,20,10,0,0,910
REN2935,2025-12-06,CUST532,Hospital,Wanowrie,Oxygen Concentrator,Respiratory Equipment,21,260,5460,3900,350,72,Cash,Returned,Excellent,5.0,2025-12-27,2025-12-04,2025-12-06,2025-12-27,2025-12-27,Completed,Not Cancelled,411007.0,OC-007,2022-03-01,2024-09-16,2025-01-14,4.4,16,12,0,0,5460
REN2936,2026-04-13,CUST206,Individual Patient,Chinchwad,Infusion Pump,Critical Care Equipment,5,300,1500,4500,500,94,Bank Transfer,Returned,Good,4.5,2026-04-18,2026-04-12,2026-04-13,2026-04-18,2026-04-18,Completed,Not Cancelled,411009.0,IP-006,2025-03-23,2025-07-23,2025-11-20,1.4,10,9,0,0,1500
REN2937,2024-05-13,CUST070,Individual Patient,Hadapsar,Fowler Bed,Patient Care Equipment,3,450,1350,8100,200,117,UPI,Active,Excellent,4.5,,2024-04-29,2024-05-13,2024-05-16,,Confirmed,Not Cancelled,411014.0,FB-014,2023-07-25,2025-06-16,2025-10-14,3.0,15,14,0,0,1350
REN2938,2024-10-25,CUST306,Individual Patient,Bibwewadi,Patient Monitor,Monitoring Equipment,5,660,3300,7260,150,90,UPI,Returned,Excellent,3.0,2024-10-30,2024-10-20,2024-10-25,2024-10-30,2024-10-30,Completed,Not Cancelled,411009.0,PM-006,2024-01-04,2024-06-05,2024-12-02,2.6,13,12,0,0,3300
REN2939,2024-12-12,CUST404,Clinic,Pimpri,Nebulizer,Respiratory Equipment,10,90,900,1260,350,8,Cash,Returned,Fair,3.5,2024-12-22,2024-12-10,2024-12-12,2024-12-22,2024-12-22,Completed,Not Cancelled,411057.0,NB-011,2022-04-03,2023-07-05,2023-10-03,4.3,12,10,0,0,900
REN2940,2025-05-26,CUST107,Individual Patient,Kharadi,Patient Monitor,Monitoring Equipment,14,560,7840,6160,250,112,Debit Card,Returned,Excellent,4.5,2025-06-09,2025-05-24,2025-05-26,2025-06-09,2025-06-09,Completed,Not Cancelled,411007.0,PM-002,2024-11-14,2025-12-21,2026-04-20,1.7,13,12,0,0,7840
REN2941,2024-10-02,CUST158,Individual Patient,Chinchwad,Hospital Bed,Patient Care Equipment,14,360,5040,4320,500,52,Bank Transfer,Active,Fair,4.0,,2024-09-28,2024-10-02,2024-10-16,,Confirmed,Not Cancelled,411030.0,HB-011,2023-11-04,2025-12-22,2026-03-22,2.7,23,21,0,0,5040
REN2942,2024-03-02,CUST316,Clinic,Wakad,Commode Chair,Mobility Equipment,5,90,450,1710,350,21,Cash,Returned,Good,4.5,2024-03-07,2024-02-18,2024-03-02,2024-03-07,2024-03-07,Completed,Not Cancelled,411058.0,CC-009,2025-02-05,2026-03-20,2026-07-18,1.5,10,8,0,0,450
REN2943,2024-12-13,CUST483,Clinic,Dhankawadi,Walker,Mobility Equipment,5,70,350,840,150,3,Credit Card,Returned,Excellent,5.0,2024-12-18,2024-12-07,2024-12-13,2024-12-18,2024-12-18,Completed,Not Cancelled,411009.0,WK-007,2022-10-31,2023-01-01,2024-01-01,3.8,7,6,0,0,350
REN2944,2024-08-24,CUST485,Clinic,Hinjawadi,Hospital Bed,Patient Care Equipment,3,380,1140,4560,300,98,Debit Card,Returned,Excellent,5.0,2024-08-27,2024-08-20,2024-08-24,2024-08-27,2024-08-27,Completed,Not Cancelled,411045.0,HB-017,2022-03-17,2026-02-27,2026-08-26,4.4,23,19,0,0,1140
REN2945,2024-12-30,CUST274,Home Care,Hadapsar,Hospital Bed,Patient Care Equipment,14,390,5460,6630,300,49,UPI,Returned,Good,5.0,2025-01-13,2024-12-26,2024-12-30,2025-01-13,2025-01-13,Completed,Not Cancelled,411027.0,HB-006,2023-04-29,2023-10-02,2024-01-30,3.3,23,23,0,0,5460
REN2946,2024-07-06,CUST034,Home Care,Viman Nagar,Nebulizer,Respiratory Equipment,14,80,1120,1120,100,14,UPI,Returned,Fair,4.0,2024-07-20,2024-07-04,2024-07-06,2024-07-20,2024-07-20,Completed,Not Cancelled,411028.0,NB-002,2025-06-20,2026-04-29,2026-08-27,1.1,12,11,0,0,1120
REN2947,2024-08-31,CUST367,Hospital,Wakad,Suction Machine,Surgical Equipment,7,260,1820,2860,350,89,Credit Card,Returned,Excellent,4.5,2024-09-07,2024-08-25,2024-08-31,2024-09-07,2024-09-07,Completed,Not Cancelled,411037.0,SM-011,2024-04-13,2025-11-27,2026-11-27,2.3,14,11,0,0,1820
REN2948,2025-08-12,CUST534,Individual Patient,Hadapsar,CPAP Machine,Respiratory Equipment,5,350,1750,7700,600,35,UPI,Returned,Fair,4.5,2025-08-17,2025-08-07,2025-08-12,2025-08-17,2025-08-17,Completed,Not Cancelled,411042.0,CP-010,2023-08-17,2024-01-18,2024-07-16,3.0,19,15,0,0,1750
REN2949,2025-01-01,CUST167,Hospital,Vishrantwadi,Patient Monitor,Monitoring Equipment,7,600,4200,13200,550,41,Credit Card,Returned,Good,4.5,2025-01-08,2024-12-24,2025-01-01,2025-01-08,2025-01-08,Completed,Not Cancelled,411047.0,PM-013,2023-07-23,,2025-03-21,3.0,13,11,0,0,4200
REN2950,2024-11-20,CUST307,Hospital,Camp,Nebulizer,Respiratory Equipment,14,80,1120,1360,550,8,Bank Transfer,Returned,Excellent,5.0,2024-12-04,2024-11-18,2024-11-20,2024-12-04,2024-12-04,Completed,Not Cancelled,411043.0,NB-010,2024-09-03,2026-05-18,2027-05-18,1.9,12,11,0,0,1120
REN2951,2025-05-23,CUST007,Home Care,Hinjawadi,Fowler Bed,Patient Care Equipment,3,460,1380,7360,550,66,UPI,Returned,Good,,2025-05-26,2025-05-21,2025-05-23,2025-05-26,2025-05-26,Completed,Not Cancelled,411007.0,FB-015,2024-03-17,2025-01-08,2025-05-08,2.4,15,11,0,0,1380
REN2952,2025-12-30,CUST220,Home Care,Hadapsar,Wheelchair,Mobility Equipment,30,160,4800,3200,600,32,Bank Transfer,Returned,Fair,3.5,2026-01-29,2025-12-23,2025-12-30,2026-01-29,2026-01-29,Completed,Not Cancelled,411014.0,WC-015,2022-05-31,2025-11-16,2026-11-16,4.2,20,13,0,0,4800
REN2953,2024-12-23,CUST345,Individual Patient,Bibwewadi,Hospital Bed,Patient Care Equipment,3,340,1020,7480,150,117,UPI,Returned,Good,4.5,2024-12-26,2024-12-14,2024-12-23,2024-12-26,2024-12-26,Completed,Not Cancelled,411043.0,HB-012,2022-06-28,2023-10-26,,4.1,23,17,0,0,1020
REN2954,2025-07-10,CUST199,Home Care,Kothrud,CPAP Machine,Respiratory Equipment,7,340,2380,3740,300,105,Debit Card,Returned,Excellent,4.5,2025-07-17,2025-07-05,2025-07-10,2025-07-17,2025-07-17,Completed,Not Cancelled,411027.0,CP-017,2023-04-05,2024-11-08,2025-11-08,3.3,19,15,0,0,2380
REN2955,2026-07-03,CUST382,Hospital,Pimpri,Walker,Mobility Equipment,21,60,1260,660,350,16,UPI,Returned,Good,4.5,2026-07-24,2026-06-24,2026-07-03,2026-07-24,2026-07-24,Completed,Not Cancelled,411008.0,WK-005,2023-08-31,2024-06-28,2025-06-28,2.9,7,6,0,0,1260
REN2956,2025-05-13,CUST452,Hospital,Hinjawadi,Patient Monitor,Monitoring Equipment,3,630,1890,8820,550,164,Bank Transfer,Returned,Excellent,4.0,2025-05-16,2025-05-03,2025-05-13,2025-05-16,2025-05-16,Completed,Not Cancelled,,PM-012,2023-12-20,2024-10-07,2025-02-04,2.6,13,12,1,0,1890
REN2957,2026-05-14,CUST203,Individual Patient,Shivajinagar,Oxygen Concentrator,Respiratory Equipment,3,300,900,3900,300,36,Credit Card,Active,Good,4.0,,2026-05-02,2026-05-14,2026-05-17,,Confirmed,Not Cancelled,411028.0,OC-006,2024-06-08,2024-10-26,2025-04-24,2.1,16,10,0,0,900
REN2958,2026-01-21,CUST243,Hospital,Aundh,Surgical Headlight,Surgical Equipment,7,190,1330,3990,450,62,UPI,Returned,Fair,4.5,2026-01-28,2026-01-17,2026-01-21,2026-01-28,2026-01-28,Completed,Not Cancelled,411048.0,SH-001,2022-09-11,2023-01-30,2023-07-29,3.9,8,6,0,0,1330
REN2959,2024-02-29,CUST200,Individual Patient,Erandwane,CPAP Machine,Respiratory Equipment,7,390,2730,6240,500,79,UPI,Returned,Fair,4.5,2024-03-07,2024-02-18,2024-02-29,2024-03-07,2024-03-07,Completed,Not Cancelled,411052.0,CP-002,2022-02-22,2023-07-14,2024-07-13,4.4,19,18,0,0,2730
REN2960,2025-02-12,CUST523,Hospital,Erandwane,Fowler Bed,Patient Care Equipment,10,450,4500,9000,350,37,UPI,Active,Good,3.5,,2025-02-04,2025-02-12,2025-02-22,,Confirmed,Not Cancelled,411009.0,FB-004,2022-08-26,2025-11-03,2026-11-03,3.9,15,11,0,0,4500
REN2961,2025-10-17,CUST299,Home Care,Baner,Hospital Bed,Patient Care Equipment,7,350,2450,6300,200,117,UPI,Returned,Excellent,5.0,2025-10-24,2025-10-10,2025-10-17,2025-10-24,2025-10-24,Completed,Not Cancelled,,HB-004,2025-03-24,2026-06-21,2026-12-18,1.4,23,19,1,0,2450
REN2962,2026-07-20,CUST195,Hospital,Wanowrie,Nebulizer,Respiratory Equipment,3,90,270,1710,100,17,UPI,Returned,Excellent,4.5,2026-07-23,2026-07-14,2026-07-20,2026-07-23,2026-07-23,Completed,Not Cancelled,411052.0,NB-003,2023-10-05,2025-10-07,2026-01-05,2.8,12,10,0,0,270
REN2963,2025-03-13,CUST419,Hospital,Bibwewadi,BiPAP Machine,Respiratory Equipment,7,490,3430,10780,300,39,UPI,Returned,Good,3.5,2025-03-20,2025-03-12,2025-03-13,2025-03-20,2025-03-20,Completed,Not Cancelled,411043.0,BP-009,2022-03-07,2025-12-31,2026-06-29,4.4,11,6,0,0,3430
REN2964,2024-04-03,CUST242,Home Care,Camp,Commode Chair,Mobility Equipment,14,90,1260,1530,150,24,Bank Transfer,Returned,Good,3.0,2024-04-17,2024-03-28,2024-04-03,2024-04-17,2024-04-17,Completed,Not Cancelled,411043.0,CC-004,2025-02-10,2026-02-10,2026-08-09,1.5,10,6,0,0,1260
REN2965,2025-06-17,CUST332,Individual Patient,Koregaon Park,Oxygen Concentrator,Respiratory Equipment,14,310,4340,6200,450,32,UPI,Returned,Good,3.0,2025-07-01,2025-06-08,2025-06-17,2025-07-01,2025-07-01,Completed,Not Cancelled,411038.0,OC-015,2023-09-05,2024-03-04,2024-07-02,2.9,16,16,0,0,4340
REN2966,2024-05-04,CUST176,Clinic,Bibwewadi,CPAP Machine,Respiratory Equipment,14,340,4760,4420,200,31,UPI,Returned,Good,,2024-05-18,2024-04-20,2024-05-04,2024-05-18,2024-05-18,Completed,Not Cancelled,411038.0,CP-010,2023-08-17,2024-01-18,2024-07-16,3.0,19,16,0,0,4760
REN2967,2025-12-10,CUST343,Home Care,Wakad,Wheelchair,Mobility Equipment,5,150,750,1950,550,17,UPI,Returned,Good,4.5,2025-12-15,2025-12-05,2025-12-10,2025-12-15,2025-12-15,Completed,Not Cancelled,411008.0,WC-016,2024-07-04,2025-08-17,2025-12-15,2.1,20,12,0,0,750
REN2968,2025-04-30,CUST138,Hospital,Camp,Ventilator,Critical Care Equipment,14,1100,15400,18700,550,237,Credit Card,Returned,Good,5.0,2025-05-14,2025-04-16,2025-04-30,2025-05-14,2025-05-14,Completed,Not Cancelled,411009.0,VT-004,2023-09-08,2024-10-14,2025-04-12,2.9,8,6,0,0,15400
REN2969,2025-11-11,CUST260,Diagnostic Center,Aundh,Hospital Bed,Patient Care Equipment,10,350,3500,7350,550,43,Credit Card,Active,Good,,,2025-11-09,2025-11-11,2025-11-21,,Confirmed,Not Cancelled,411045.0,HB-009,2022-04-28,2023-06-27,2023-09-25,4.3,23,19,0,0,3500
REN2970,2026-04-06,CUST165,Clinic,Camp,BiPAP Machine,Respiratory Equipment,7,570,3990,5700,450,25,Bank Transfer,Returned,Fair,4.0,2026-04-13,2026-03-24,2026-04-06,2026-04-13,2026-04-13,Completed,Not Cancelled,411040.0,BP-009,2022-03-07,2025-12-31,2026-06-29,4.4,11,7,0,0,3990
REN2971,2025-08-14,CUST171,Individual Patient,Dhankawadi,Nebulizer,Respiratory Equipment,10,90,900,1440,150,14,Credit Card,Returned,Good,5.0,2025-08-24,2025-08-07,2025-08-14,2025-08-24,2025-08-24,Completed,Not Cancelled,411014.0,NB-011,2022-04-03,2023-07-05,2023-10-03,4.3,12,11,0,0,900
REN2972,2025-07-30,CUST359,Hospital,Kothrud,Wheelchair,Mobility Equipment,1,160,160,1920,600,17,Credit Card,Cancelled,Excellent,4.5,,2025-07-22,2025-07-30,,,Cancelled,Cancelled,411030.0,,,,,,20,20,0,1,160
REN2973,2025-12-12,CUST123,Diagnostic Center,Kharadi,CPAP Machine,Respiratory Equipment,21,390,8190,8190,100,76,UPI,Returned,Excellent,,2026-01-02,2025-12-06,2025-12-12,2026-01-02,2026-01-02,Completed,Not Cancelled,411043.0,CP-017,2023-04-05,2024-11-08,2025-11-08,3.3,19,17,0,0,8190
REN2974,2026-03-11,CUST031,Individual Patient,Viman Nagar,Hospital Bed,Patient Care Equipment,10,330,3300,5280,400,58,UPI,Active,Excellent,4.5,,2026-02-25,2026-03-11,2026-03-21,,Confirmed,Not Cancelled,411014.0,HB-010,2022-05-26,2023-11-28,2024-05-26,4.2,23,13,0,0,3300
REN2975,2026-04-06,CUST386,Home Care,Viman Nagar,Patient Monitor,Monitoring Equipment,5,610,3050,6100,500,34,Bank Transfer,Returned,Good,3.5,2026-04-11,2026-04-05,2026-04-06,2026-04-11,2026-04-11,Completed,Not Cancelled,411015.0,PM-012,2023-12-20,2024-10-07,2025-02-04,2.6,13,7,0,0,3050
REN2976,2024-02-07,CUST297,Home Care,Dhankawadi,Surgical Loupe,Surgical Equipment,3,240,720,2400,100,26,UPI,Returned,Good,4.0,2024-02-10,2024-02-02,2024-02-07,2024-02-10,2024-02-10,Completed,Not Cancelled,411052.0,SL-003,2025-07-17,2026-01-20,2027-01-20,1.0,7,6,0,0,720
REN2977,2025-06-12,CUST085,Hospital,Camp,CPAP Machine,Respiratory Equipment,1,390,390,7020,350,47,Debit Card,Active,Fair,5.0,,2025-06-01,2025-06-12,2025-06-13,,Confirmed,Not Cancelled,411038.0,CP-017,2023-04-05,2024-11-08,2025-11-08,3.3,19,15,0,0,390
REN2978,2024-07-22,CUST166,Individual Patient,Dhankawadi,Surgical Loupe,Surgical Equipment,10,210,2100,2730,350,39,Credit Card,Returned,Excellent,,2024-08-01,2024-07-20,2024-07-22,2024-08-01,2024-08-01,Completed,Not Cancelled,411038.0,SL-006,2024-02-17,2025-07-19,2026-01-15,2.5,7,7,0,0,2100
REN2979,2026-03-29,CUST426,Home Care,Chinchwad,Hospital Bed,Patient Care Equipment,14,350,4900,3500,200,103,Bank Transfer,Returned,Excellent,4.0,2026-04-12,2026-03-23,2026-03-29,2026-04-12,2026-04-12,Completed,Not Cancelled,411008.0,HB-001,2024-10-28,2025-07-27,2025-11-24,1.8,23,10,0,0,4900
REN2980,2025-08-31,CUST198,Individual Patient,Kharadi,CPAP Machine,Respiratory Equipment,30,360,10800,3960,150,36,Credit Card,Returned,Good,,2025-09-30,2025-08-25,2025-08-31,2025-09-30,2025-09-30,Completed,Not Cancelled,411008.0,CP-017,2023-04-05,2024-11-08,2025-11-08,3.3,19,17,0,0,10800
REN2981,2025-02-03,CUST046,Hospital,Kharadi,Surgical Headlight,Surgical Equipment,14,180,2520,2160,600,15,Cash,Returned,Good,4.5,2025-02-17,2025-01-24,2025-02-03,2025-02-17,2025-02-17,Completed,Not Cancelled,411043.0,SH-007,2022-04-06,2022-09-26,2023-01-24,4.3,8,8,0,0,2520
REN2982,2024-06-28,CUST176,Individual Patient,Baner,Infusion Pump,Critical Care Equipment,30,360,10800,5040,550,11,Credit Card,Returned,Good,3.5,2024-07-28,2024-06-16,2024-06-28,2024-07-28,2024-07-28,Completed,Not Cancelled,411028.0,IP-001,2025-02-21,2026-06-24,2026-09-22,1.4,10,9,0,0,10800
REN2983,2024-11-13,CUST538,Clinic,Wakad,Oxygen Concentrator,Respiratory Equipment,14,310,4340,5890,150,69,Credit Card,Returned,Excellent,5.0,2024-11-27,2024-11-10,2024-11-13,2024-11-27,2024-11-27,Completed,Not Cancelled,411027.0,OC-012,2022-09-21,2025-04-21,2025-10-18,3.9,16,11,0,0,4340
REN2984,2025-10-23,CUST285,Hospital,Koregaon Park,BiPAP Machine,Respiratory Equipment,14,530,7420,11130,250,71,Debit Card,Returned,Excellent,4.5,2025-11-06,2025-10-15,2025-10-23,2025-11-06,2025-11-06,Completed,Not Cancelled,411014.0,BP-005,2022-02-05,2024-01-14,2025-01-13,4.5,11,8,0,0,7420
REN2985,2024-07-12,CUST445,Diagnostic Center,Wakad,Infusion Pump,Critical Care Equipment,30,350,10500,5600,300,86,Credit Card,Returned,Good,5.0,2024-08-11,2024-07-06,2024-07-12,2024-08-11,2024-08-11,Completed,Not Cancelled,411047.0,IP-004,2023-06-20,2024-08-23,2025-08-23,3.1,10,6,0,0,10500
REN2986,2024-04-03,CUST290,Clinic,Wanowrie,Commode Chair,Mobility Equipment,3,90,270,1980,200,23,Credit Card,Active,Good,3.0,,2024-03-26,2024-04-03,2024-04-06,,Confirmed,Not Cancelled,411057.0,CC-008,2024-10-02,,2026-12-20,1.8,10,6,0,0,270
REN2987,2026-04-24,CUST015,Home Care,Camp,Suction Machine,Surgical Equipment,10,250,2500,5000,100,11,UPI,Cancelled,Good,4.0,,2026-04-22,2026-04-24,,,Cancelled,Cancelled,411027.0,,,,,,14,14,0,1,2500
REN2988,2025-12-22,CUST261,Hospital,Shivajinagar,Wheelchair,Mobility Equipment,21,130,2730,1560,350,21,UPI,Returned,Good,5.0,2026-01-12,2025-12-19,2025-12-22,2026-01-12,2026-01-12,Completed,Not Cancelled,411015.0,WC-006,2023-07-15,2024-01-01,2024-03-31,3.0,20,15,0,0,2730
REN2989,2024-07-08,CUST454,Home Care,Erandwane,Hospital Bed,Patient Care Equipment,21,370,7770,7030,300,126,Bank Transfer,Returned,Good,3.5,2024-07-29,2024-07-02,2024-07-08,2024-07-29,2024-07-29,Completed,Not Cancelled,,HB-011,2023-11-04,2025-12-22,2026-03-22,2.7,23,14,1,0,7770
REN2990,2024-09-28,CUST276,Diagnostic Center,Wanowrie,Suction Machine,Surgical Equipment,5,260,1300,3380,500,31,UPI,Returned,Good,,2024-10-03,2024-09-27,2024-09-28,2024-10-03,2024-10-03,Completed,Not Cancelled,411040.0,SM-012,2022-09-12,2025-07-02,2025-12-29,3.9,14,13,0,0,1300
REN2991,2026-07-08,CUST312,Home Care,Erandwane,Fowler Bed,Patient Care Equipment,45,450,20250,9900,250,90,UPI,Returned,Good,5.0,2026-08-22,2026-06-30,2026-07-08,2026-08-22,2026-08-22,Completed,Not Cancelled,411047.0,FB-013,2024-04-21,2025-09-22,2026-01-20,2.3,15,6,0,0,20250
REN2992,2025-10-27,CUST498,Hospital,Camp,Wheelchair,Mobility Equipment,5,140,700,2940,350,28,UPI,Returned,Excellent,4.5,2025-11-01,2025-10-25,2025-10-27,2025-11-01,2025-11-01,Completed,Not Cancelled,411046.0,WC-014,2025-07-05,2026-01-27,2026-04-27,1.1,20,17,0,0,700
REN2993,2025-07-29,CUST013,Clinic,Bibwewadi,Oxygen Concentrator,Respiratory Equipment,7,310,2170,3100,250,35,Cash,Returned,Excellent,5.0,2025-08-05,2025-07-17,2025-07-29,2025-08-05,2025-08-05,Completed,Not Cancelled,411047.0,OC-005,2024-02-15,2026-06-16,2026-10-14,2.5,16,11,0,0,2170
REN2994,2024-10-13,CUST309,Home Care,Wanowrie,CPAP Machine,Respiratory Equipment,21,360,7560,4320,100,101,Credit Card,Active,Good,5.0,,2024-10-02,2024-10-13,2024-11-03,,Confirmed,Not Cancelled,411014.0,CP-005,2022-05-05,2023-05-04,2023-10-31,4.2,19,16,0,0,7560
REN2995,2024-10-05,CUST378,Clinic,Koregaon Park,Fowler Bed,Patient Care Equipment,5,410,2050,6150,500,13,Credit Card,Returned,Good,5.0,2024-10-10,2024-09-28,2024-10-05,2024-10-10,2024-10-10,Completed,Not Cancelled,411040.0,FB-001,2023-08-15,2025-12-12,2026-06-10,3.0,15,10,0,0,2050
REN2996,2024-02-10,CUST195,Home Care,Erandwane,CPAP Machine,Respiratory Equipment,21,330,6930,6270,500,34,Debit Card,Returned,Excellent,4.5,2024-03-02,2024-01-30,2024-02-10,2024-03-02,2024-03-02,Completed,Not Cancelled,411037.0,CP-010,2023-08-17,2024-01-18,2024-07-16,3.0,19,16,0,0,6930
REN2997,2025-11-16,CUST485,Individual Patient,Wanowrie,CPAP Machine,Respiratory Equipment,14,380,5320,6460,450,83,UPI,Active,Good,4.5,,2025-11-02,2025-11-16,2025-11-30,,Confirmed,Not Cancelled,411052.0,CP-005,2022-05-05,2023-05-04,2023-10-31,4.2,19,15,0,0,5320
REN2998,2024-02-14,CUST493,Individual Patient,Kharadi,Hospital Bed,Patient Care Equipment,14,370,5180,4070,100,120,Bank Transfer,Returned,Good,4.0,2024-02-28,2024-02-05,2024-02-14,2024-02-28,2024-02-28,Completed,Not Cancelled,411045.0,HB-012,2022-06-28,2023-10-26,2024-02-23,4.1,23,20,0,0,5180
REN2999,2024-01-05,CUST476,Individual Patient,Vishrantwadi,Infusion Pump,Critical Care Equipment,14,320,4480,5760,450,11,Bank Transfer,Returned,Good,3.5,2024-01-19,2023-12-29,2024-01-05,2024-01-19,2024-01-19,Completed,Not Cancelled,411046.0,IP-001,2025-02-21,2026-06-24,2026-09-22,1.4,10,10,0,0,4480
REN3000,2025-11-17,CUST390,Individual Patient,Wanowrie,Suction Machine,Surgical Equipment,3,260,780,4680,400,58,Credit Card,Returned,Fair,5.0,2025-11-20,2025-11-12,2025-11-17,2025-11-20,2025-11-20,Completed,Not Cancelled,411052.0,SM-009,2023-07-17,2026-04-30,2027-04-30,3.0,14,14,0,0,780
REN3001,2026-06-18,CUST218,Clinic,Pimpri,Wheelchair,Mobility Equipment,21,160,3360,3520,300,5,Bank Transfer,Cancelled,Good,5.0,,2026-06-08,2026-06-18,,,Cancelled,Cancelled,411045.0,,,,,,20,20,0,1,3360
REN3002,2025-12-15,CUST103,Individual Patient,Hadapsar,CPAP Machine,Respiratory Equipment,5,360,1800,4680,400,83,Cash,Returned,Fair,3.5,2025-12-20,2025-12-07,2025-12-15,2025-12-20,2025-12-20,Completed,Not Cancelled,411045.0,CP-002,2022-02-22,2023-07-14,2024-07-13,4.4,19,16,0,0,1800
REN3003,2025-03-26,CUST024,Individual Patient,Hinjawadi,CPAP Machine,Respiratory Equipment,14,340,4760,3400,150,55,UPI,Returned,Good,4.5,2025-04-09,2025-03-21,2025-03-26,2025-04-09,2025-04-09,Completed,Not Cancelled,411040.0,CP-017,2023-04-05,2024-11-08,2025-11-08,3.3,19,17,0,0,4760
REN3004,2025-04-09,CUST565,Clinic,Viman Nagar,Suction Machine,Surgical Equipment,5,260,1300,4940,200,44,UPI,Cancelled,Good,5.0,,2025-04-03,2025-04-09,,,Cancelled,Cancelled,411008.0,,,,,,14,14,0,1,1300
REN3005,2025-02-19,CUST282,Hospital,Dhankawadi,Suction Machine,Surgical Equipment,5,260,1300,4940,150,88,Bank Transfer,Returned,Good,4.5,2025-02-24,2025-02-16,2025-02-19,2025-02-24,2025-02-24,Completed,Not Cancelled,411046.0,SM-010,2024-01-18,2026-06-17,2026-12-14,2.5,14,13,0,0,1300
REN3006,2024-10-30,CUST552,Home Care,Wakad,Suction Machine,Surgical Equipment,3,260,780,4160,300,65,UPI,Returned,Excellent,3.0,2024-11-02,2024-10-21,2024-10-30,2024-11-02,2024-11-02,Completed,Not Cancelled,411028.0,SM-003,2025-06-21,2026-01-30,2026-07-29,1.1,14,11,0,0,780
REN3007,2025-05-12,CUST385,Diagnostic Center,Camp,BiPAP Machine,Respiratory Equipment,3,500,1500,9000,550,46,Credit Card,Returned,Good,3.0,2025-05-15,2025-05-01,2025-05-12,2025-05-15,2025-05-15,Completed,Not Cancelled,411009.0,BP-010,2023-08-08,2025-05-07,2025-11-03,3.0,11,10,0,0,1500
REN3008,2025-02-14,CUST354,Home Care,Kharadi,Hospital Bed,Patient Care Equipment,14,330,4620,3960,100,115,UPI,Returned,Good,4.5,2025-02-28,2025-02-13,2025-02-14,2025-02-28,2025-02-28,Completed,Not Cancelled,411030.0,HB-003,2022-11-12,2024-06-27,2024-09-25,3.7,23,17,0,0,4620
REN3009,2025-07-18,CUST215,Individual Patient,Hadapsar,Oxygen Concentrator,Respiratory Equipment,5,280,1400,3080,300,31,Debit Card,Returned,Fair,5.0,2025-07-23,2025-07-16,2025-07-18,2025-07-23,2025-07-23,Completed,Not Cancelled,411028.0,OC-009,2024-12-24,2025-05-23,2025-11-19,1.6,16,14,0,0,1400
REN3010,2026-05-04,CUST170,Individual Patient,Vishrantwadi,Hospital Bed,Patient Care Equipment,3,370,1110,5550,250,92,Bank Transfer,Returned,Good,4.0,2026-05-07,2026-04-20,2026-05-04,2026-05-07,2026-05-07,Completed,Not Cancelled,,HB-003,2022-11-12,2024-06-27,2024-09-25,3.7,23,12,1,0,1110
REN3011,2026-07-27,CUST149,Hospital,Hinjawadi,Fowler Bed,Patient Care Equipment,7,470,3290,9870,600,116,Cash,Returned,Good,4.0,2026-08-03,2026-07-25,2026-07-27,2026-08-03,2026-08-03,Completed,Not Cancelled,,FB-005,2023-12-06,2025-12-27,2026-12-27,2.7,15,6,1,0,3290
REN3012,2024-03-20,CUST248,Home Care,Shivajinagar,CPAP Machine,Respiratory Equipment,5,370,1850,5920,400,112,Credit Card,Returned,Excellent,5.0,2024-03-25,2024-03-11,2024-03-20,2024-03-25,2024-03-25,Completed,Not Cancelled,411057.0,CP-004,2023-07-31,2023-10-18,2024-01-16,3.0,19,16,0,0,1850
REN3013,2024-12-29,CUST300,Home Care,Hinjawadi,Nebulizer,Respiratory Equipment,3,80,240,1440,200,13,Cash,Returned,Good,5.0,2025-01-01,2024-12-24,2024-12-29,2025-01-01,2025-01-01,Completed,Not Cancelled,411052.0,NB-001,2024-01-01,2024-11-22,2025-05-21,2.6,12,11,0,0,240
REN3014,2024-06-22,CUST591,Hospital,Viman Nagar,Wheelchair,Mobility Equipment,5,140,700,3080,250,35,Credit Card,Returned,Good,5.0,2024-06-27,2024-06-16,2024-06-22,2024-06-27,2024-06-27,Completed,Not Cancelled,411007.0,WC-002,2024-11-25,2025-02-12,2025-06-12,1.7,20,9,0,0,700
REN3015,2024-11-26,CUST237,Home Care,Koregaon Park,Suction Machine,Surgical Equipment,14,250,3500,3250,400,58,Credit Card,Active,Excellent,5.0,,2024-11-24,2024-11-26,2024-12-10,,Confirmed,Not Cancelled,411038.0,SM-006,2024-01-04,2024-10-23,2025-02-20,2.6,14,11,0,0,3500
REN3016,2024-09-24,CUST555,Individual Patient,Kharadi,Oxygen Concentrator,Respiratory Equipment,7,280,1960,4480,100,48,Bank Transfer,Returned,Good,4.5,2024-10-01,2024-09-22,2024-09-24,2024-10-01,2024-10-01,Completed,Not Cancelled,411028.0,OC-001,2025-03-23,2025-09-09,2026-01-07,1.4,16,11,0,0,1960
REN3017,2024-06-16,CUST313,Hospital,Aundh,CPAP Machine,Respiratory Equipment,30,390,11700,7020,100,126,Credit Card,Returned,Good,,2024-07-16,2024-06-10,2024-06-16,2024-07-16,2024-07-16,Completed,Not Cancelled,411048.0,CP-003,2024-07-28,2025-08-19,2026-02-15,2.0,19,15,0,0,11700
REN3018,2025-12-22,CUST209,Hospital,Hadapsar,Nebulizer,Respiratory Equipment,7,80,560,880,450,9,Credit Card,Cancelled,Good,4.5,,2025-12-18,2025-12-22,,,Cancelled,Cancelled,411038.0,,,,,,12,12,0,1,560
REN3019,2025-04-19,CUST161,Home Care,Kothrud,Hospital Bed,Patient Care Equipment,21,340,7140,5100,500,35,UPI,Cancelled,Good,4.5,,2025-04-10,2025-04-19,,,Cancelled,Cancelled,411043.0,,,,,,23,23,0,1,7140
REN3020,2026-05-22,CUST077,Home Care,Wanowrie,Oxygen Concentrator,Respiratory Equipment,10,310,3100,5270,500,72,UPI,Returned,Good,3.0,2026-06-01,2026-05-09,2026-05-22,2026-06-01,2026-06-01,Completed,Not Cancelled,411008.0,OC-008,2022-01-13,2023-05-05,2023-08-03,4.5,16,6,0,0,3100
REN3021,2024-02-03,CUST028,Diagnostic Center,Kothrud,CPAP Machine,Respiratory Equipment,10,390,3900,5070,150,35,Bank Transfer,Active,Good,4.5,,2024-01-24,2024-02-03,2024-02-13,,Confirmed,Not Cancelled,411046.0,CP-007,2023-05-05,2026-04-29,2026-10-26,3.2,19,15,0,0,3900
REN3022,2024-03-08,CUST008,Individual Patient,Chinchwad,Nebulizer,Respiratory Equipment,30,70,2100,840,550,21,UPI,Returned,Good,3.0,2024-04-07,2024-03-04,2024-03-08,2024-04-07,2024-04-07,Completed,Not Cancelled,411038.0,NB-010,2024-09-03,2026-05-18,2027-05-18,1.9,12,11,0,0,2100
REN3023,2025-01-17,CUST192,Home Care,Wanowrie,Wheelchair,Mobility Equipment,5,160,800,2400,200,22,Bank Transfer,Returned,Good,5.0,2025-01-22,2025-01-12,2025-01-17,2025-01-22,2025-01-22,Completed,Not Cancelled,411052.0,WC-011,2024-06-14,2024-10-17,2025-04-15,2.1,20,16,0,0,800
REN3024,2024-03-21,CUST235,Home Care,Bibwewadi,Walker,Mobility Equipment,7,60,420,1260,550,10,UPI,Returned,Good,3.0,2024-03-28,2024-03-19,2024-03-21,2024-03-28,2024-03-28,Completed,Not Cancelled,411009.0,WK-003,2024-07-22,2024-11-09,2025-05-08,2.0,7,7,0,0,420
REN3025,2024-08-31,CUST235,Individual Patient,Wakad,Surgical Loupe,Surgical Equipment,14,220,3080,3300,250,55,UPI,Returned,Good,4.0,2024-09-14,2024-08-23,2024-08-31,2024-09-14,2024-09-14,Completed,Not Cancelled,411028.0,SL-003,2025-07-17,2026-01-20,2027-01-20,1.0,7,6,0,0,3080
REN3026,2026-07-20,CUST336,Diagnostic Center,Shivajinagar,ECG Machine,Diagnostic Equipment,3,490,1470,9800,350,153,Bank Transfer,Returned,Good,5.0,2026-07-23,2026-07-15,2026-07-20,2026-07-23,2026-07-23,Completed,Not Cancelled,411048.0,ECG-001,2025-06-16,2025-11-07,2026-02-05,1.1,9,8,0,0,1470
REN3027,2024-07-16,CUST592,Home Care,Shivajinagar,Oxygen Concentrator,Respiratory Equipment,10,280,2800,5040,600,70,UPI,Returned,Fair,5.0,2024-07-26,2024-07-06,2024-07-16,2024-07-26,2024-07-26,Completed,Not Cancelled,411015.0,OC-008,2022-01-13,2023-05-05,2023-08-03,4.5,16,12,0,0,2800
REN3028,2024-07-07,CUST370,Home Care,Dhankawadi,BiPAP Machine,Respiratory Equipment,30,550,16500,6050,300,33,Cash,Returned,Good,5.0,2024-08-06,2024-06-30,2024-07-07,2024-08-06,2024-08-06,Completed,Not Cancelled,411027.0,BP-011,2025-01-04,2025-09-04,2026-09-04,1.6,11,9,0,0,16500
REN3029,2025-06-28,CUST542,Individual Patient,Dhankawadi,Hospital Bed,Patient Care Equipment,5,350,1750,7350,450,48,Cash,Returned,Good,4.5,2025-07-03,2025-06-26,2025-06-28,2025-07-03,2025-07-03,Completed,Not Cancelled,411028.0,HB-011,2023-11-04,2025-12-22,2026-03-22,2.7,23,17,0,0,1750
REN3030,2025-04-21,CUST033,Home Care,Viman Nagar,Infusion Pump,Critical Care Equipment,5,340,1700,5780,400,92,Credit Card,Cancelled,Fair,3.0,,2025-04-16,2025-04-21,,,Cancelled,Cancelled,411040.0,,,,,,10,10,0,1,1700
REN3031,2025-07-04,CUST025,Home Care,Vishrantwadi,Fowler Bed,Patient Care Equipment,7,430,3010,7310,100,138,UPI,Returned,Good,4.0,2025-07-11,2025-06-26,2025-07-04,2025-07-11,2025-07-11,Completed,Not Cancelled,411008.0,FB-015,2024-03-17,2025-01-08,2025-05-08,2.4,15,13,0,0,3010
REN3032,2024-12-21,CUST195,Diagnostic Center,Dhankawadi,Wheelchair,Mobility Equipment,7,150,1050,2850,500,35,UPI,Returned,Fair,5.0,2024-12-28,2024-12-11,2024-12-21,2024-12-28,2024-12-28,Completed,Not Cancelled,411043.0,WC-006,2023-07-15,2024-01-01,2024-03-31,3.0,20,16,0,0,1050
REN3033,2026-02-24,CUST101,Hospital,Hadapsar,Oxygen Concentrator,Respiratory Equipment,21,280,5880,2800,250,62,Bank Transfer,Returned,Excellent,5.0,2026-03-17,2026-02-20,2026-02-24,2026-03-17,2026-03-17,Completed,Not Cancelled,411048.0,OC-012,2022-09-21,2025-04-21,2025-10-18,3.9,16,10,0,0,5880
REN3034,2024-05-15,CUST166,Home Care,Viman Nagar,Commode Chair,Mobility Equipment,14,90,1260,1170,350,14,UPI,Returned,Good,4.0,2024-05-29,2024-05-07,2024-05-15,2024-05-29,2024-05-29,Completed,Not Cancelled,411028.0,CC-002,2023-03-30,2023-10-02,2024-10-01,3.3,10,8,0,0,1260
REN3035,2025-02-12,CUST309,Individual Patient,Vishrantwadi,Infusion Pump,Critical Care Equipment,21,340,7140,6800,250,62,Cash,Returned,Good,4.0,2025-03-05,2025-02-10,2025-02-12,2025-03-05,2025-03-05,Completed,Not Cancelled,411014.0,IP-010,2023-02-03,2024-03-05,2024-06-03,3.5,10,9,0,0,7140
REN3036,2025-10-09,CUST259,Home Care,Pimpri,Fowler Bed,Patient Care Equipment,14,440,6160,7920,600,74,Cash,Returned,Good,4.0,2025-10-23,2025-09-28,2025-10-09,2025-10-23,2025-10-23,Completed,Not Cancelled,,FB-010,2025-01-27,2025-09-11,2026-03-10,1.5,15,10,1,0,6160
REN3037,2026-04-05,CUST288,Home Care,Erandwane,Fowler Bed,Patient Care Equipment,10,420,4200,6300,400,20,UPI,Returned,Excellent,,2026-04-15,2026-03-30,2026-04-05,2026-04-15,2026-04-15,Completed,Not Cancelled,411043.0,FB-002,2025-01-02,2026-02-11,2026-06-11,1.6,15,10,0,0,4200
REN3038,2024-12-14,CUST109,Individual Patient,Shivajinagar,Nebulizer,Respiratory Equipment,14,80,1120,1280,450,3,Bank Transfer,Returned,Good,4.0,2024-12-28,2024-12-05,2024-12-14,2024-12-28,2024-12-28,Completed,Not Cancelled,411040.0,NB-009,2025-06-25,2025-08-24,2025-12-22,1.1,12,8,0,0,1120
REN3039,2025-06-23,CUST171,Individual Patient,Viman Nagar,ECG Machine,Diagnostic Equipment,30,490,14700,8820,350,112,Credit Card,Returned,Excellent,3.0,2025-07-23,2025-06-19,2025-06-23,2025-07-23,2025-07-23,Completed,Not Cancelled,411043.0,ECG-005,2022-01-24,2022-08-13,2022-12-11,4.5,9,9,0,0,14700
REN3040,2024-03-11,CUST247,Hospital,Chinchwad,Commode Chair,Mobility Equipment,7,90,630,1440,250,17,Credit Card,Returned,Excellent,4.5,2024-03-18,2024-02-28,2024-03-11,2024-03-18,2024-03-18,Completed,Not Cancelled,411048.0,CC-005,2024-07-20,2024-10-24,2025-04-22,2.0,10,9,0,0,630
REN3041,2024-06-13,CUST279,Clinic,Dhankawadi,CPAP Machine,Respiratory Equipment,10,390,3900,5850,400,42,UPI,Returned,Excellent,4.5,2024-06-23,2024-06-05,2024-06-13,2024-06-23,2024-06-23,Completed,Not Cancelled,411057.0,CP-012,2025-05-31,2025-12-09,2026-04-08,1.2,19,16,0,0,3900
REN3042,2024-03-11,CUST561,Home Care,Dhankawadi,Suction Machine,Surgical Equipment,21,270,5670,4590,500,85,Bank Transfer,Returned,Good,4.5,2024-04-01,2024-03-09,2024-03-11,2024-04-01,2024-04-01,Completed,Not Cancelled,411038.0,SM-010,2024-01-18,2026-06-17,2026-12-14,2.5,14,12,0,0,5670
REN3043,2025-11-16,CUST231,Clinic,Camp,Infusion Pump,Critical Care Equipment,3,300,900,3900,150,29,UPI,Active,Excellent,4.0,,2025-11-10,2025-11-16,2025-11-19,,Confirmed,Not Cancelled,411047.0,IP-004,2023-06-20,2024-08-23,2025-08-23,3.1,10,8,0,0,900
REN3044,2024-09-24,CUST248,Individual Patient,Koregaon Park,Wheelchair,Mobility Equipment,7,160,1120,2720,150,41,Debit Card,Returned,Excellent,4.0,2024-10-01,2024-09-21,2024-09-24,2024-10-01,2024-10-01,Completed,Not Cancelled,411038.0,WC-020,2023-01-10,2024-02-15,2024-06-14,3.6,20,15,0,0,1120
REN3045,2025-11-11,CUST593,Home Care,Vishrantwadi,CPAP Machine,Respiratory Equipment,30,380,11400,6840,150,107,Credit Card,Returned,Good,4.0,2025-12-11,2025-11-01,2025-11-11,2025-12-11,2025-12-11,Completed,Not Cancelled,411009.0,CP-007,2023-05-05,2026-04-29,2026-10-26,3.2,19,18,0,0,11400
REN3046,2024-03-08,CUST186,Clinic,Viman Nagar,Hospital Bed,Patient Care Equipment,5,340,1700,6460,600,102,Bank Transfer,Returned,Fair,4.5,2024-03-13,2024-02-28,2024-03-08,2024-03-13,2024-03-13,Completed,Not Cancelled,411042.0,HB-002,2024-02-10,2024-08-21,2025-02-17,2.5,23,18,0,0,1700
REN3047,2026-03-31,CUST355,Home Care,Erandwane,CPAP Machine,Respiratory Equipment,14,380,5320,6840,400,113,Debit Card,Returned,Good,4.0,2026-04-14,2026-03-26,2026-03-31,2026-04-14,2026-04-14,Completed,Not Cancelled,411058.0,CP-019,2023-08-01,2024-08-24,2025-08-24,3.0,19,17,0,0,5320
REN3048,2026-03-04,CUST295,Individual Patient,Camp,Commode Chair,Mobility Equipment,10,100,1000,1500,250,28,Bank Transfer,Returned,Fair,5.0,2026-03-14,2026-03-01,2026-03-04,2026-03-14,2026-03-14,Completed,Not Cancelled,411037.0,CC-003,2023-05-29,2025-12-14,2026-03-14,3.2,10,8,0,0,1000
REN3049,2024-03-30,CUST235,Hospital,Bibwewadi,Wheelchair,Mobility Equipment,30,140,4200,2520,200,25,Credit Card,Returned,Good,4.0,2024-04-29,2024-03-20,2024-03-30,2024-04-29,2024-04-29,Completed,Not Cancelled,411040.0,WC-007,2024-08-29,2026-04-11,2026-07-10,1.9,20,16,0,0,4200
REN3050,2024-01-25,CUST179,Home Care,Dhankawadi,Patient Monitor,Monitoring Equipment,5,620,3100,11780,450,142,UPI,Cancelled,Good,5.0,,2024-01-15,2024-01-25,,,Cancelled,Cancelled,411046.0,,,,,,13,13,0,1,3100
REN3051,2024-02-27,CUST276,Clinic,Kothrud,Hospital Bed,Patient Care Equipment,30,400,12000,5600,350,122,Credit Card,Returned,Excellent,4.0,2024-03-28,2024-02-21,2024-02-27,2024-03-28,2024-03-28,Completed,Not Cancelled,411048.0,HB-021,2025-06-17,2026-06-19,,1.1,23,16,0,0,12000
REN3052,2026-03-22,CUST301,Home Care,Wakad,Surgical Headlight,Surgical Equipment,3,170,510,2720,400,28,UPI,Returned,Good,4.5,2026-03-25,2026-03-14,2026-03-22,2026-03-25,2026-03-25,Completed,Not Cancelled,411007.0,SH-003,2023-01-16,2024-03-16,2024-09-12,3.5,8,5,0,0,510
REN3053,2024-08-07,CUST522,Clinic,Hadapsar,ECG Machine,Diagnostic Equipment,5,500,2500,9000,450,122,Cash,Returned,Good,4.5,2024-08-12,2024-08-04,2024-08-07,2024-08-12,2024-08-12,Completed,Not Cancelled,411008.0,ECG-004,2022-05-09,2024-04-30,2025-04-30,4.2,9,7,0,0,2500
REN3054,2025-06-05,CUST158,Home Care,Bibwewadi,Fowler Bed,Patient Care Equipment,7,430,3010,7740,150,35,UPI,Returned,Good,4.0,2025-06-12,2025-06-01,2025-06-05,2025-06-12,2025-06-12,Completed,Not Cancelled,411038.0,FB-007,2022-07-03,2023-06-21,2023-10-19,4.1,15,12,0,0,3010
REN3055,2025-02-09,CUST300,Home Care,Bibwewadi,Nebulizer,Respiratory Equipment,30,90,2700,1440,450,19,UPI,Returned,Excellent,4.5,2025-03-11,2025-01-28,2025-02-09,2025-03-11,2025-03-11,Completed,Not Cancelled,411009.0,NB-002,2025-06-20,2026-04-29,2026-08-27,1.1,12,10,0,0,2700
REN3056,2026-01-23,CUST243,Individual Patient,Chinchwad,Hospital Bed,Patient Care Equipment,5,380,1900,4940,450,29,Bank Transfer,Returned,Good,3.5,2026-01-28,2026-01-14,2026-01-23,2026-01-28,2026-01-28,Completed,Not Cancelled,411057.0,HB-022,2022-10-26,2023-05-17,2024-05-16,3.8,23,15,0,0,1900
REN3057,2025-04-12,CUST330,Clinic,Baner,ECG Machine,Diagnostic Equipment,7,500,3500,10500,250,121,UPI,Returned,Excellent,4.5,2025-04-19,2025-04-11,2025-04-12,2025-04-19,2025-04-19,Completed,Not Cancelled,411046.0,ECG-008,2022-02-10,2023-09-04,2024-09-03,4.5,9,9,0,0,3500
REN3058,2025-04-23,CUST162,Home Care,Vishrantwadi,Nebulizer,Respiratory Equipment,7,80,560,1360,250,12,Debit Card,Returned,Good,,2025-04-30,2025-04-18,2025-04-23,2025-04-30,2025-04-30,Completed,Not Cancelled,411043.0,NB-012,2022-05-08,2024-10-27,2025-04-25,4.2,12,9,0,0,560
REN3059,2026-07-22,CUST572,Clinic,Viman Nagar,Hospital Bed,Patient Care Equipment,21,330,6930,5610,400,34,UPI,Returned,Good,4.5,2026-08-12,2026-07-18,2026-07-22,2026-08-12,2026-08-12,Completed,Not Cancelled,411042.0,HB-023,2023-09-05,2024-01-10,2024-05-09,2.9,23,15,0,0,6930
REN3060,2024-05-26,CUST299,Home Care,Dhankawadi,Surgical Loupe,Surgical Equipment,7,240,1680,3840,300,35,UPI,Returned,Good,4.5,2024-06-02,2024-05-23,2024-05-26,2024-06-02,2024-06-02,Completed,Not Cancelled,411038.0,SL-003,2025-07-17,2026-01-20,2027-01-20,1.0,7,7,0,0,1680
REN3061,2026-02-28,CUST057,Individual Patient,Chinchwad,Hospital Bed,Patient Care Equipment,7,340,2380,6460,600,87,Credit Card,Cancelled,Good,4.0,,2026-02-14,2026-02-28,,,Cancelled,Cancelled,411007.0,,,,,,23,23,0,1,2380
REN3062,2024-02-22,CUST191,Individual Patient,Erandwane,Suction Machine,Surgical Equipment,14,250,3500,3250,150,80,Credit Card,Returned,Fair,4.5,2024-03-07,2024-02-20,2024-02-22,2024-03-07,2024-03-07,Completed,Not Cancelled,411047.0,SM-006,2024-01-04,2024-10-23,2025-02-20,2.6,14,13,0,0,3500
REN3063,2025-04-01,CUST250,Home Care,Vishrantwadi,Wheelchair,Mobility Equipment,14,160,2240,3520,150,5,Cash,Returned,Excellent,5.0,2025-04-15,2025-03-28,2025-04-01,2025-04-15,2025-04-15,Completed,Not Cancelled,411038.0,WC-010,2022-10-28,2026-07-19,2027-01-15,3.8,20,15,0,0,2240
REN3064,2026-04-22,CUST116,Diagnostic Center,Shivajinagar,Nebulizer,Respiratory Equipment,45,80,3600,800,500,7,Credit Card,Cancelled,Fair,3.5,,2026-04-12,2026-04-22,,,Cancelled,Cancelled,411030.0,,,,,,12,12,0,1,3600
REN3065,2025-09-16,CUST155,Individual Patient,Kothrud,Hospital Bed,Patient Care Equipment,10,370,3700,3700,450,95,UPI,Returned,Excellent,3.5,2025-09-26,2025-09-14,2025-09-16,2025-09-26,2025-09-26,Completed,Not Cancelled,411037.0,HB-023,2023-09-05,2024-01-10,2024-05-09,2.9,23,19,0,0,3700
REN3066,2025-10-04,CUST238,Hospital,Hinjawadi,Hospital Bed,Patient Care Equipment,30,360,10800,5760,550,76,UPI,Returned,Excellent,4.0,2025-11-03,2025-09-30,2025-10-04,2025-11-03,2025-11-03,Completed,Not Cancelled,411038.0,HB-018,2023-03-16,2025-07-16,2025-11-13,3.4,23,21,0,0,10800
REN3067,2024-09-01,CUST309,Individual Patient,Bibwewadi,Fowler Bed,Patient Care Equipment,30,440,13200,9240,100,58,UPI,Returned,Fair,4.0,2024-10-01,2024-08-25,2024-09-01,2024-10-01,2024-10-01,Completed,Not Cancelled,411057.0,FB-003,2022-09-27,2023-02-09,2023-08-08,3.8,15,13,0,0,13200
REN3068,2025-02-02,CUST331,Individual Patient,Pimpri,Surgical Loupe,Surgical Equipment,5,230,1150,2300,150,55,Credit Card,Returned,Good,5.0,2025-02-07,2025-01-29,2025-02-02,2025-02-07,2025-02-07,Completed,Not Cancelled,411014.0,SL-007,2025-04-06,2025-11-22,2026-05-21,1.3,7,6,0,0,1150
REN3069,2024-12-11,CUST108,Hospital,Kothrud,Oxygen Concentrator,Respiratory Equipment,30,260,7800,4680,550,80,UPI,Returned,Fair,4.0,2025-01-10,2024-12-07,2024-12-11,2025-01-10,2025-01-10,Completed,Not Cancelled,411014.0,OC-002,2023-10-02,2025-09-17,2026-03-16,2.8,16,13,0,0,7800
REN3070,2025-05-12,CUST057,Clinic,Kothrud,Suction Machine,Surgical Equipment,45,250,11250,3750,500,28,Credit Card,Active,Good,3.5,,2025-05-06,2025-05-12,2025-06-26,,Confirmed,Not Cancelled,411009.0,SM-010,2024-01-18,2026-06-17,2026-12-14,2.5,14,12,0,0,11250
REN3071,2025-03-17,CUST317,Hospital,Aundh,Fowler Bed,Patient Care Equipment,30,470,14100,4700,550,87,Debit Card,Returned,Good,3.5,2025-04-16,2025-03-04,2025-03-17,2025-04-16,2025-04-16,Completed,Not Cancelled,411043.0,FB-007,2022-07-03,2023-06-21,2023-10-19,4.1,15,14,0,0,14100
REN3072,2024-11-01,CUST175,Individual Patient,Wanowrie,ECG Machine,Diagnostic Equipment,30,470,14100,6580,550,17,Credit Card,Returned,Good,4.0,2024-12-01,2024-10-21,2024-11-01,2024-12-01,2024-12-01,Completed,Not Cancelled,411007.0,ECG-007,2025-02-25,2025-07-31,2026-07-31,1.4,9,9,0,0,14100
REN3073,2024-10-11,CUST111,Hospital,Bibwewadi,Oxygen Concentrator,Respiratory Equipment,5,270,1350,4860,200,90,Bank Transfer,Returned,Good,4.5,2024-10-16,2024-10-09,2024-10-11,2024-10-16,2024-10-16,Completed,Not Cancelled,411047.0,OC-008,2022-01-13,2023-05-05,2023-08-03,4.5,16,14,0,0,1350
REN3074,2024-08-21,CUST318,Hospital,Baner,Patient Monitor,Monitoring Equipment,21,580,12180,10440,150,166,UPI,Returned,Good,4.0,2024-09-11,2024-08-15,2024-08-21,2024-09-11,2024-09-11,Completed,Not Cancelled,411046.0,PM-010,2022-07-05,2026-04-25,2026-10-22,4.1,13,10,0,0,12180
REN3075,2024-12-09,CUST239,Individual Patient,Viman Nagar,Walker,Mobility Equipment,14,70,980,1470,250,13,Bank Transfer,Returned,Good,3.5,2024-12-23,2024-12-02,2024-12-09,2024-12-23,2024-12-23,Completed,Not Cancelled,411046.0,WK-006,2024-09-05,2025-05-31,2025-09-28,1.9,7,7,0,0,980
REN3076,2024-05-25,CUST139,Hospital,Hinjawadi,Oxygen Concentrator,Respiratory Equipment,30,300,9000,6600,600,104,UPI,Returned,Good,3.5,2024-06-24,2024-05-21,2024-05-25,2024-06-24,2024-06-24,Completed,Not Cancelled,411038.0,OC-009,2024-12-24,2025-05-23,2025-11-19,1.6,16,12,0,0,9000
REN3077,2026-04-09,CUST165,Individual Patient,Baner,CPAP Machine,Respiratory Equipment,5,370,1850,3700,350,37,Credit Card,Returned,Fair,5.0,2026-04-14,2026-04-06,2026-04-09,2026-04-14,2026-04-14,Completed,Not Cancelled,411037.0,CP-017,2023-04-05,2024-11-08,2025-11-08,3.3,19,15,0,0,1850
REN3078,2025-07-22,CUST592,Hospital,Koregaon Park,Surgical Headlight,Surgical Equipment,10,170,1700,3570,100,46,UPI,Returned,Good,4.5,2025-08-01,2025-07-15,2025-07-22,2025-08-01,2025-08-01,Completed,Not Cancelled,411057.0,SH-005,2023-10-28,2025-09-07,2025-12-06,2.8,8,8,0,0,1700
REN3079,2024-05-11,CUST142,Diagnostic Center,Hadapsar,Oxygen Concentrator,Respiratory Equipment,21,290,6090,2900,500,80,UPI,Returned,Good,5.0,2024-06-01,2024-05-06,2024-05-11,2024-06-01,2024-06-01,Completed,Not Cancelled,411048.0,OC-013,2023-06-29,2024-03-06,2025-03-06,3.1,16,15,0,0,6090
REN3080,2025-10-13,CUST597,Diagnostic Center,Koregaon Park,CPAP Machine,Respiratory Equipment,3,350,1050,7700,550,104,UPI,Returned,Excellent,4.0,2025-10-16,2025-10-02,2025-10-13,2025-10-16,2025-10-16,Completed,Not Cancelled,411014.0,CP-018,2022-12-12,2023-08-05,2024-08-04,3.6,19,17,0,0,1050
REN3081,2026-03-16,CUST498,Clinic,Wakad,Oxygen Concentrator,Respiratory Equipment,14,290,4060,5800,150,72,UPI,Returned,Excellent,,2026-03-30,2026-03-14,2026-03-16,2026-03-30,2026-03-30,Completed,Not Cancelled,,OC-008,2022-01-13,2023-05-05,2023-08-03,4.5,16,4,1,0,4060
REN3082,2024-08-09,CUST583,Hospital,Erandwane,ECG Machine,Diagnostic Equipment,30,500,15000,11000,400,45,Debit Card,Returned,Excellent,5.0,2024-09-08,2024-08-08,2024-08-09,2024-09-08,2024-09-08,Completed,Not Cancelled,411015.0,ECG-003,2022-12-29,2023-07-22,2024-01-18,3.6,9,7,0,0,15000
REN3083,2024-05-26,CUST205,Hospital,Wakad,Walker,Mobility Equipment,1,70,70,700,500,4,UPI,Returned,Good,3.5,2024-05-27,2024-05-15,2024-05-26,2024-05-27,2024-05-27,Completed,Not Cancelled,411038.0,WK-006,2024-09-05,2025-05-31,2025-09-28,1.9,7,6,0,0,70
REN3084,2024-01-09,CUST101,Home Care,Kharadi,Suction Machine,Surgical Equipment,3,250,750,2500,600,22,Cash,Returned,Good,4.5,2024-01-12,2023-12-29,2024-01-09,2024-01-12,2024-01-12,Completed,Not Cancelled,411043.0,SM-002,2023-03-01,2023-10-28,2024-04-25,3.4,14,13,0,0,750
REN3085,2024-02-18,CUST358,Individual Patient,Wakad,Suction Machine,Surgical Equipment,21,240,5040,5280,400,73,Credit Card,Returned,Fair,4.0,2024-03-10,2024-02-13,2024-02-18,2024-03-10,2024-03-10,Completed,Not Cancelled,411015.0,SM-005,2023-02-15,2024-02-13,2025-02-12,3.5,14,14,0,0,5040
REN3086,2025-12-20,CUST184,Home Care,Shivajinagar,CPAP Machine,Respiratory Equipment,21,370,7770,4810,250,59,UPI,Returned,Good,3.0,2026-01-10,2025-12-11,2025-12-20,2026-01-10,2026-01-10,Completed,Not Cancelled,411008.0,CP-004,2023-07-31,2023-10-18,2024-01-16,3.0,19,17,0,0,7770
REN3087,2026-07-21,CUST462,Home Care,Aundh,Hospital Bed,Patient Care Equipment,21,330,6930,4620,600,68,UPI,Returned,Excellent,4.5,2026-08-11,2026-07-11,2026-07-21,2026-08-11,2026-08-11,Completed,Not Cancelled,411030.0,HB-005,2024-08-09,2025-01-10,2025-04-10,2.0,23,17,0,0,6930
REN3088,2024-02-15,CUST015,Diagnostic Center,Pimpri,Wheelchair,Mobility Equipment,5,140,700,1820,250,5,UPI,Returned,Good,,2024-02-20,2024-02-12,2024-02-15,2024-02-20,2024-02-20,Completed,Not Cancelled,411040.0,WC-017,2022-04-22,2026-03-30,2026-07-28,4.3,20,16,0,0,700
REN3089,2025-12-06,CUST107,Clinic,Hinjawadi,Wheelchair,Mobility Equipment,10,160,1600,1920,400,30,Debit Card,Returned,Good,4.0,2025-12-16,2025-11-29,2025-12-06,2025-12-16,2025-12-16,Completed,Not Cancelled,411045.0,WC-019,2023-12-24,2026-05-27,2026-08-25,2.6,20,12,0,0,1600
REN3090,2024-03-13,CUST334,Individual Patient,Dhankawadi,Hospital Bed,Patient Care Equipment,21,380,7980,3800,550,61,UPI,Returned,Excellent,4.5,2024-04-03,2024-03-04,2024-03-13,2024-04-03,2024-04-03,Completed,Not Cancelled,411009.0,HB-014,2025-06-29,2026-07-26,2027-07-26,1.1,23,15,0,0,7980
REN3091,2025-07-14,CUST339,Home Care,Vishrantwadi,BiPAP Machine,Respiratory Equipment,21,550,11550,6050,350,111,Debit Card,Returned,Good,4.5,2025-08-04,2025-07-10,2025-07-14,2025-08-04,2025-08-04,Completed,Not Cancelled,411045.0,BP-005,2022-02-05,2024-01-14,2025-01-13,4.5,11,7,0,0,11550
REN3092,2025-12-14,CUST117,Hospital,Camp,Wheelchair,Mobility Equipment,14,140,1960,2940,450,21,UPI,Returned,Good,4.5,2025-12-28,2025-12-02,2025-12-14,2025-12-28,2025-12-28,Completed,Not Cancelled,411014.0,WC-011,2024-06-14,2024-10-17,2025-04-15,2.1,20,13,0,0,1960
REN3093,2024-12-03,CUST313,Individual Patient,Shivajinagar,Hospital Bed,Patient Care Equipment,7,330,2310,3300,550,18,UPI,Returned,Excellent,5.0,2024-12-10,2024-11-20,2024-12-03,2024-12-10,2024-12-10,Completed,Not Cancelled,411027.0,HB-007,2023-05-24,2024-04-15,2025-04-15,3.2,23,21,0,0,2310
REN3094,2024-01-12,CUST200,Clinic,Hinjawadi,CPAP Machine,Respiratory Equipment,5,340,1700,7140,400,15,UPI,Cancelled,Good,4.5,,2024-01-07,2024-01-12,,,Cancelled,Cancelled,411040.0,,,,,,19,19,0,1,1700
REN3095,2025-07-16,CUST468,Diagnostic Center,Kothrud,Wheelchair,Mobility Equipment,30,160,4800,1920,300,53,Bank Transfer,Returned,Good,4.0,2025-08-15,2025-07-15,2025-07-16,2025-08-15,2025-08-15,Completed,Not Cancelled,411009.0,WC-008,2024-11-30,2025-04-12,2025-07-11,1.7,20,14,0,0,4800
REN3096,2026-07-24,CUST127,Individual Patient,Vishrantwadi,Wheelchair,Mobility Equipment,21,140,2940,2380,450,31,Credit Card,Returned,Good,4.0,2026-08-14,2026-07-12,2026-07-24,2026-08-14,2026-08-14,Completed,Not Cancelled,,WC-013,2024-09-18,2026-02-24,2026-08-23,1.9,20,9,1,0,2940
REN3097,2024-08-27,CUST356,Home Care,Shivajinagar,Wheelchair,Mobility Equipment,10,160,1600,2080,300,38,Cash,Active,Good,4.5,,2024-08-21,2024-08-27,2024-09-06,,Confirmed,Not Cancelled,411007.0,WC-003,2022-01-25,2024-05-16,2024-08-14,4.5,20,15,0,0,1600
REN3098,2024-06-30,CUST029,Home Care,Camp,Wheelchair,Mobility Equipment,14,160,2240,3360,450,52,UPI,Returned,Excellent,4.0,2024-07-14,2024-06-28,2024-06-30,2024-07-14,2024-07-14,Completed,Not Cancelled,411015.0,WC-005,2022-09-10,2026-02-09,2026-06-09,3.9,20,9,0,0,2240
REN3099,2024-05-02,CUST237,Home Care,Pimpri,Patient Monitor,Monitoring Equipment,7,670,4690,6700,100,138,UPI,Returned,Good,5.0,2024-05-09,2024-04-23,2024-05-02,2024-05-09,2024-05-09,Completed,Not Cancelled,411042.0,PM-011,2023-07-09,2025-11-09,2026-03-09,3.1,13,11,0,0,4690
REN3100,2025-06-11,CUST280,Individual Patient,Vishrantwadi,Commode Chair,Mobility Equipment,21,100,2100,1900,100,23,Bank Transfer,Returned,Good,5.0,2025-07-02,2025-06-03,2025-06-11,2025-07-02,2025-07-02,Completed,Not Cancelled,411027.0,CC-005,2024-07-20,2024-10-24,2025-04-22,2.0,10,10,0,0,2100
REN3101,2025-07-17,CUST294,Home Care,Vishrantwadi,Infusion Pump,Critical Care Equipment,5,340,1700,7480,350,67,Credit Card,Returned,Good,4.0,2025-07-22,2025-07-15,2025-07-17,2025-07-22,2025-07-22,Completed,Not Cancelled,411037.0,IP-007,2023-02-08,2024-04-26,2024-08-24,3.5,10,9,0,0,1700
REN3102,2026-01-20,CUST355,Home Care,Vishrantwadi,Nebulizer,Respiratory Equipment,14,70,980,1050,150,6,Debit Card,Active,Fair,5.0,,2026-01-17,2026-01-20,2026-02-03,,Confirmed,Not Cancelled,411027.0,NB-008,2022-12-18,2025-07-25,2026-07-25,3.6,12,11,0,0,980
REN3103,2025-12-11,CUST362,Home Care,Shivajinagar,Suction Machine,Surgical Equipment,7,260,1820,3900,500,34,Credit Card,Returned,Good,4.0,2025-12-18,2025-11-30,2025-12-11,2025-12-18,2025-12-18,Completed,Not Cancelled,411040.0,SM-002,2023-03-01,2023-10-28,2024-04-25,3.4,14,12,0,0,1820
REN3104,2026-04-28,CUST044,Home Care,Wakad,Surgical Headlight,Surgical Equipment,30,180,5400,1980,150,56,Bank Transfer,Active,Fair,3.0,,2026-04-15,2026-04-28,2026-05-28,,Confirmed,Not Cancelled,411009.0,SH-008,2023-07-21,2025-11-10,2026-02-08,3.0,8,5,0,0,5400
REN3105,2026-02-03,CUST553,Hospital,Bibwewadi,Fowler Bed,Patient Care Equipment,10,430,4300,9030,350,74,UPI,Returned,Good,5.0,2026-02-13,2026-01-30,2026-02-03,2026-02-13,2026-02-13,Completed,Not Cancelled,411014.0,FB-006,2024-01-01,2025-08-08,2025-11-06,2.6,15,12,0,0,4300
REN3106,2024-08-18,CUST472,Home Care,Viman Nagar,Suction Machine,Surgical Equipment,7,270,1890,5940,150,26,Cash,Returned,Good,5.0,2024-08-25,2024-08-16,2024-08-18,2024-08-25,2024-08-25,Completed,Not Cancelled,411058.0,SM-003,2025-06-21,2026-01-30,2026-07-29,1.1,14,12,0,0,1890
REN3107,2025-06-12,CUST092,Clinic,Wakad,CPAP Machine,Respiratory Equipment,7,360,2520,5760,600,106,UPI,Returned,Excellent,4.5,2025-06-19,2025-06-08,2025-06-12,2025-06-19,2025-06-19,Completed,Not Cancelled,411028.0,CP-001,2022-11-27,2025-01-06,2025-04-06,3.7,19,15,0,0,2520
REN3108,2024-10-03,CUST338,Home Care,Wanowrie,Oxygen Concentrator,Respiratory Equipment,1,270,270,4860,550,16,Debit Card,Returned,Good,5.0,2024-10-04,2024-09-27,2024-10-03,2024-10-04,2024-10-04,Completed,Not Cancelled,411045.0,OC-003,2024-12-09,2025-07-09,2026-07-09,1.6,16,12,0,0,270
REN3109,2024-11-04,CUST395,Home Care,Bibwewadi,Oxygen Concentrator,Respiratory Equipment,5,300,1500,5700,100,70,UPI,Returned,Excellent,3.5,2024-11-09,2024-11-01,2024-11-04,2024-11-09,2024-11-09,Completed,Not Cancelled,411007.0,OC-001,2025-03-23,2025-09-09,2026-01-07,1.4,16,14,0,0,1500
REN3110,2026-06-03,CUST201,Home Care,Vishrantwadi,Wheelchair,Mobility Equipment,5,150,750,2100,300,38,Bank Transfer,Active,Fair,5.0,,2026-05-27,2026-06-03,2026-06-08,,Confirmed,Not Cancelled,411009.0,WC-008,2024-11-30,2025-04-12,2025-07-11,1.7,20,8,0,0,750
REN3111,2025-10-01,CUST225,Hospital,Hadapsar,Commode Chair,Mobility Equipment,14,90,1260,900,600,11,Debit Card,Returned,Excellent,5.0,2025-10-15,2025-09-30,2025-10-01,2025-10-15,2025-10-15,Completed,Not Cancelled,411047.0,CC-008,2024-10-02,2026-06-23,2026-12-20,1.8,10,10,0,0,1260
REN3112,2026-07-10,CUST284,Home Care,Hadapsar,Hospital Bed,Patient Care Equipment,7,330,2310,3630,350,28,Debit Card,Active,Good,5.0,,2026-06-30,2026-07-10,2026-07-17,,Confirmed,Not Cancelled,411030.0,HB-012,2022-06-28,2023-10-26,2024-02-23,4.1,23,15,0,0,2310
REN3113,2025-01-31,CUST168,Individual Patient,Hinjawadi,BiPAP Machine,Respiratory Equipment,30,500,15000,10500,550,87,Credit Card,Returned,Excellent,4.5,2025-03-02,2025-01-21,2025-01-31,2025-03-02,2025-03-02,Completed,Not Cancelled,411028.0,BP-011,2025-01-04,2025-09-04,2026-09-04,1.6,11,10,0,0,15000
REN3114,2025-05-27,CUST163,Home Care,Kharadi,Infusion Pump,Critical Care Equipment,30,320,9600,6400,100,87,Credit Card,Returned,Good,4.0,2025-06-26,2025-05-18,2025-05-27,2025-06-26,2025-06-26,Completed,Not Cancelled,411014.0,IP-002,2023-07-05,2024-03-20,2025-03-20,3.1,10,10,0,0,9600
REN3115,2025-04-10,CUST425,Diagnostic Center,Camp,Fowler Bed,Patient Care Equipment,5,460,2300,5060,300,144,Debit Card,Returned,Excellent,5.0,2025-04-15,2025-04-07,2025-04-10,2025-04-15,2025-04-15,Completed,Not Cancelled,411027.0,FB-004,2022-08-26,2025-11-03,2026-11-03,3.9,15,13,0,0,2300
REN3116,2024-04-16,CUST255,Home Care,Shivajinagar,Hospital Bed,Patient Care Equipment,21,330,6930,6600,550,96,Credit Card,Returned,Good,4.0,2024-05-07,2024-04-09,2024-04-16,2024-05-07,2024-05-07,Completed,Not Cancelled,411015.0,HB-023,2023-09-05,2024-01-10,2024-05-09,2.9,23,20,0,0,6930
REN3117,2024-08-09,CUST088,Individual Patient,Erandwane,CPAP Machine,Respiratory Equipment,5,320,1600,6720,200,21,Credit Card,Returned,Good,5.0,2024-08-14,2024-08-05,2024-08-09,2024-08-14,2024-08-14,Completed,Not Cancelled,411047.0,CP-006,2022-06-19,2025-01-14,2025-04-14,4.1,19,17,0,0,1600
REN3118,2025-05-18,CUST262,Clinic,Kothrud,Oxygen Concentrator,Respiratory Equipment,21,280,5880,4760,100,28,UPI,Active,Good,4.0,,2025-05-14,2025-05-18,2025-06-08,,Confirmed,Not Cancelled,411057.0,OC-014,2025-02-15,2026-03-30,2026-09-26,1.5,16,12,0,0,5880
REN3119,2024-03-09,CUST339,Home Care,Shivajinagar,Surgical Loupe,Surgical Equipment,14,220,3080,3300,500,50,Credit Card,Active,Good,3.5,,2024-03-01,2024-03-09,2024-03-23,,Confirmed,Not Cancelled,411007.0,SL-005,2022-05-04,2025-12-20,2026-06-18,4.2,7,6,0,0,3080
REN3120,2026-06-03,CUST265,Home Care,Baner,BiPAP Machine,Respiratory Equipment,5,530,2650,11660,100,136,UPI,Returned,Excellent,4.0,2026-06-08,2026-05-24,2026-06-03,2026-06-08,2026-06-08,Completed,Not Cancelled,411009.0,BP-006,2023-06-13,2023-11-02,2024-04-30,3.1,11,5,0,0,2650
REN3121,2024-05-02,CUST381,Clinic,Dhankawadi,Nebulizer,Respiratory Equipment,21,90,1890,1890,250,3,Bank Transfer,Returned,Good,4.5,2024-05-23,2024-04-22,2024-05-02,2024-05-23,2024-05-23,Completed,Not Cancelled,411043.0,NB-011,2022-04-03,2023-07-05,2023-10-03,4.3,12,12,0,0,1890
REN3122,2024-07-07,CUST359,Home Care,Dhankawadi,Fowler Bed,Patient Care Equipment,21,440,9240,6600,500,33,UPI,Returned,Good,3.5,2024-07-28,2024-07-04,2024-07-07,2024-07-28,2024-07-28,Completed,Not Cancelled,411052.0,FB-014,2023-07-25,2025-06-16,2025-10-14,3.0,15,15,0,0,9240
REN3123,2025-12-23,CUST597,Home Care,Viman Nagar,Nebulizer,Respiratory Equipment,30,90,2700,1440,550,5,UPI,Returned,Excellent,4.5,2026-01-22,2025-12-16,2025-12-23,2026-01-22,2026-01-22,Completed,Not Cancelled,411028.0,NB-007,2025-05-13,2025-09-25,2026-01-23,1.2,12,12,0,0,2700
REN3124,2024-04-06,CUST272,Individual Patient,Koregaon Park,Nebulizer,Respiratory Equipment,3,80,240,1760,150,11,Debit Card,Returned,Good,5.0,2024-04-09,2024-04-03,2024-04-06,2024-04-09,2024-04-09,Completed,Not Cancelled,411048.0,NB-008,2022-12-18,2025-07-25,2026-07-25,3.6,12,6,0,0,240
REN3125,2026-05-05,CUST288,Home Care,Viman Nagar,Hospital Bed,Patient Care Equipment,30,370,11100,7770,350,92,Credit Card,Returned,Fair,3.5,2026-06-04,2026-04-28,2026-05-05,2026-06-04,2026-06-04,Completed,Not Cancelled,411007.0,HB-008,2024-07-02,2025-07-25,2026-01-21,2.1,23,13,0,0,11100
REN3126,2025-11-13,CUST540,Clinic,Pimpri,Wheelchair,Mobility Equipment,30,140,4200,2520,500,46,Debit Card,Returned,Good,,2025-12-13,2025-11-09,2025-11-13,2025-12-13,2025-12-13,Completed,Not Cancelled,411046.0,WC-008,2024-11-30,2025-04-12,,1.7,20,17,0,0,4200
REN3127,2024-03-10,CUST211,Hospital,Wanowrie,Hospital Bed,Patient Care Equipment,7,350,2450,6300,300,21,UPI,Returned,Good,4.5,2024-03-17,2024-03-01,2024-03-10,2024-03-17,2024-03-17,Completed,Not Cancelled,411057.0,HB-004,2025-03-24,2026-06-21,2026-12-18,1.4,23,16,0,0,2450
REN3128,2025-10-11,CUST146,Individual Patient,Erandwane,Fowler Bed,Patient Care Equipment,10,420,4200,7980,250,81,Credit Card,Cancelled,Good,,,2025-09-29,2025-10-11,,,Cancelled,Cancelled,411038.0,,,,,,15,15,0,1,4200
REN3129,2025-08-16,CUST103,Home Care,Bibwewadi,Infusion Pump,Critical Care Equipment,3,310,930,4030,350,46,Credit Card,Returned,Good,4.5,2025-08-19,2025-08-13,2025-08-16,2025-08-19,2025-08-19,Completed,Not Cancelled,411042.0,IP-001,2025-02-21,2026-06-24,2026-09-22,1.4,10,9,0,0,930
REN3130,2025-12-15,CUST224,Hospital,Camp,Suction Machine,Surgical Equipment,3,250,750,5250,500,39,UPI,Active,Good,5.0,,2025-12-04,2025-12-15,2025-12-18,,Confirmed,Not Cancelled,411027.0,SM-013,2022-07-24,2024-05-07,2025-05-07,4.0,14,11,0,0,750
REN3131,2026-02-25,CUST349,Hospital,Wakad,Fowler Bed,Patient Care Equipment,21,400,8400,5200,100,21,Bank Transfer,Returned,Excellent,4.5,2026-03-18,2026-02-16,2026-02-25,2026-03-18,2026-03-18,Completed,Not Cancelled,411047.0,FB-006,2024-01-01,2025-08-08,2025-11-06,2.6,15,6,0,0,8400
REN3132,2025-11-06,CUST209,Home Care,Hinjawadi,Walker,Mobility Equipment,10,105,700,1400,100,9,UPI,Returned,Good,4.5,2025-11-16,2025-10-31,2025-11-06,2025-11-16,2025-11-16,Completed,Not Cancelled,411048.0,WK-001,2023-09-04,2024-11-20,2025-03-20,2.9,7,5,0,0,1050
REN3133,2025-07-08,CUST296,Clinic,Viman Nagar,Wheelchair,Mobility Equipment,7,150,1050,3000,150,17,Credit Card,Returned,Fair,3.5,2025-07-15,2025-07-02,2025-07-08,2025-07-15,2025-07-15,Completed,Not Cancelled,411048.0,WC-012,2025-04-29,2026-05-02,2027-05-02,1.3,20,11,0,0,1050
REN3134,2024-10-27,CUST347,Individual Patient,Wakad,Hospital Bed,Patient Care Equipment,7,360,2520,4680,250,94,UPI,Active,Good,4.5,,2024-10-23,2024-10-27,2024-11-03,,Confirmed,Not Cancelled,411048.0,HB-005,2024-08-09,2025-01-10,2025-04-10,2.0,23,21,0,0,2520
REN3135,2025-10-16,CUST438,Hospital,Kothrud,Surgical Headlight,Surgical Equipment,21,170,3570,3400,250,40,Credit Card,Returned,Excellent,3.5,2025-11-06,2025-10-14,2025-10-16,2025-11-06,2025-11-06,Completed,Not Cancelled,411008.0,SH-005,2023-10-28,2025-09-07,2025-12-06,2.8,8,8,0,0,3570
REN3136,2026-06-25,CUST127,Home Care,Shivajinagar,Surgical Headlight,Surgical Equipment,14,190,2660,3990,350,44,Debit Card,Returned,Good,4.5,2026-07-09,2026-06-24,2026-06-25,2026-07-09,2026-07-09,Completed,Not Cancelled,411040.0,SH-001,2022-09-11,,2023-07-29,3.9,8,8,0,0,2660
REN3137,2025-07-10,CUST569,Home Care,Chinchwad,BiPAP Machine,Respiratory Equipment,21,580,12180,9280,250,114,UPI,Returned,Good,,2025-07-31,2025-07-02,2025-07-10,2025-07-31,2025-07-31,Completed,Not Cancelled,411040.0,BP-003,2022-01-03,2023-01-31,,4.6,11,9,0,0,12180
REN3138,2025-09-15,CUST191,Hospital,Kothrud,Wheelchair,Mobility Equipment,14,160,2240,2720,400,22,Credit Card,Returned,Good,5.0,2025-09-29,2025-09-12,2025-09-15,2025-09-29,2025-09-29,Completed,Not Cancelled,411007.0,WC-004,2024-04-11,2025-03-19,2025-07-17,2.3,20,17,0,0,2240
REN3139,2025-02-20,CUST015,Hospital,Shivajinagar,Ventilator,Critical Care Equipment,5,1180,5900,18880,250,127,Credit Card,Returned,Good,4.5,2025-02-25,2025-02-15,2025-02-20,2025-02-25,2025-02-25,Completed,Not Cancelled,411048.0,VT-001,2024-10-29,,2025-10-23,1.8,8,8,0,0,5900
REN3140,2025-12-14,CUST359,Individual Patient,Koregaon Park,Commode Chair,Mobility Equipment,30,90,2700,900,550,3,Bank Transfer,Returned,Good,4.5,2026-01-13,2025-12-03,2025-12-14,2026-01-13,2026-01-13,Completed,Not Cancelled,411014.0,CC-002,2023-03-30,2023-10-02,2024-10-01,3.3,10,9,0,0,2700
REN3141,2026-07-30,CUST509,Home Care,Shivajinagar,BiPAP Machine,Respiratory Equipment,5,520,2600,8840,250,40,UPI,Returned,Good,3.5,2026-08-04,2026-07-22,2026-07-30,2026-08-04,2026-08-04,Completed,Not Cancelled,411037.0,BP-005,2022-02-05,2024-01-14,2025-01-13,4.5,11,3,0,0,2600
REN3142,2024-06-04,CUST320,Clinic,Kharadi,Wheelchair,Mobility Equipment,21,160,3360,2880,200,16,UPI,Cancelled,Good,4.5,,2024-06-02,2024-06-04,,,Cancelled,Cancelled,411008.0,,,,,,20,20,0,1,3360
REN3143,2024-07-11,CUST583,Home Care,Bibwewadi,Fowler Bed,Patient Care Equipment,14,430,6020,7310,550,147,Bank Transfer,Returned,Fair,5.0,2024-07-25,2024-07-02,2024-07-11,2024-07-25,2024-07-25,Completed,Not Cancelled,411047.0,FB-015,2024-03-17,2025-01-08,2025-05-08,2.4,15,14,0,0,6020
REN3144,2025-05-28,CUST292,Individual Patient,Chinchwad,ECG Machine,Diagnostic Equipment,10,450,4500,7200,450,153,Credit Card,Returned,Good,4.5,2025-06-07,2025-05-25,2025-05-28,2025-06-07,2025-06-07,Completed,Not Cancelled,411014.0,ECG-008,2022-02-10,2023-09-04,2024-09-03,4.5,9,8,0,0,4500
REN3145,2025-04-05,CUST095,Hospital,Bibwewadi,Infusion Pump,Critical Care Equipment,10,350,3500,5600,100,96,Bank Transfer,Returned,Good,3.0,2025-04-15,2025-03-27,2025-04-05,2025-04-15,2025-04-15,Completed,Not Cancelled,411040.0,IP-005,2022-06-29,2025-01-12,2025-05-12,4.1,10,9,0,0,3500
REN3146,2025-06-26,CUST007,Home Care,Chinchwad,Patient Monitor,Monitoring Equipment,21,610,12810,9760,150,137,UPI,Returned,Good,4.5,2025-07-17,2025-06-25,2025-06-26,2025-07-17,2025-07-17,Completed,Not Cancelled,411040.0,PM-006,2024-01-04,2024-06-05,2024-12-02,2.6,13,12,0,0,12810
REN3147,2024-02-20,CUST102,Home Care,Shivajinagar,Fowler Bed,Patient Care Equipment,14,400,5600,8800,100,98,Debit Card,Returned,Good,3.5,2024-03-05,2024-02-18,2024-02-20,2024-03-05,2024-03-05,Completed,Not Cancelled,411008.0,FB-006,2024-01-01,2025-08-08,2025-11-06,2.6,15,12,0,0,5600
REN3148,2025-01-18,CUST516,Home Care,Shivajinagar,BiPAP Machine,Respiratory Equipment,5,510,2550,7650,500,113,UPI,Returned,Good,4.5,2025-01-23,2025-01-06,2025-01-18,2025-01-23,2025-01-23,Completed,Not Cancelled,411052.0,BP-009,2022-03-07,2025-12-31,2026-06-29,4.4,11,11,0,0,2550
REN3149,2025-07-06,CUST369,Clinic,Hinjawadi,Patient Monitor,Monitoring Equipment,3,610,1830,7320,400,145,UPI,Returned,Excellent,3.0,2025-07-09,2025-07-03,2025-07-06,2025-07-09,2025-07-09,Completed,Not Cancelled,411007.0,PM-013,2023-07-23,2024-09-22,2025-03-21,3.0,13,12,0,0,1830
REN3150,2025-07-08,CUST424,Individual Patient,Hadapsar,CPAP Machine,Respiratory Equipment,45,360,16200,3600,600,36,Credit Card,Returned,Excellent,4.5,2025-08-22,2025-07-06,2025-07-08,2025-08-22,2025-08-22,Completed,Not Cancelled,411045.0,CP-009,2022-05-28,2024-08-06,2025-08-06,4.2,19,15,0,0,16200
REN3151,2025-09-08,CUST349,Hospital,Kharadi,Hospital Bed,Patient Care Equipment,21,350,7350,7350,250,120,Credit Card,Returned,Excellent,5.0,2025-09-29,2025-09-05,2025-09-08,2025-09-29,2025-09-29,Completed,Not Cancelled,411014.0,HB-011,2023-11-04,2025-12-22,2026-03-22,2.7,23,19,0,0,7350
REN3152,2025-11-08,CUST555,Diagnostic Center,Hinjawadi,Hospital Bed,Patient Care Equipment,21,380,7980,4560,100,103,Bank Transfer,Returned,Good,3.5,2025-11-29,2025-11-04,2025-11-08,2025-11-29,2025-11-29,Completed,Not Cancelled,411043.0,HB-010,2022-05-26,2023-11-28,2024-05-26,4.2,23,21,0,0,7980
REN3153,2025-08-25,CUST112,Hospital,Pimpri,Commode Chair,Mobility Equipment,10,90,900,1350,350,9,UPI,Active,Good,4.5,,2025-08-15,2025-08-25,2025-09-04,,Confirmed,Not Cancelled,411015.0,CC-005,2024-07-20,2024-10-24,2025-04-22,2.0,10,10,0,0,900
REN3154,2026-01-18,CUST299,Individual Patient,Vishrantwadi,Hospital Bed,Patient Care Equipment,10,350,3500,6650,100,68,UPI,Returned,Excellent,4.0,2026-01-28,2026-01-16,2026-01-18,2026-01-28,2026-01-28,Completed,Not Cancelled,411046.0,HB-020,2025-01-09,2025-06-27,2025-10-25,1.6,23,14,0,0,3500
REN3155,2025-08-10,CUST339,Individual Patient,Shivajinagar,Hospital Bed,Patient Care Equipment,21,330,6930,3960,150,93,Bank Transfer,Returned,Good,4.0,2025-08-31,2025-08-09,2025-08-10,2025-08-31,2025-08-31,Completed,Not Cancelled,411042.0,HB-015,2023-12-19,2025-01-01,2025-04-01,2.6,23,20,0,0,6930
REN3156,2025-05-27,CUST309,Individual Patient,Wanowrie,Surgical Headlight,Surgical Equipment,21,190,3990,2470,500,61,UPI,Returned,Good,4.5,2025-06-17,2025-05-16,2025-05-27,2025-06-17,2025-06-17,Completed,Not Cancelled,411043.0,SH-006,2025-01-03,2025-04-27,2025-07-26,1.6,8,7,0,0,3990
REN3157,2025-07-25,CUST256,Hospital,Koregaon Park,Nebulizer,Respiratory Equipment,30,80,2400,1440,300,12,Bank Transfer,Returned,Good,5.0,2025-08-24,2025-07-22,2025-07-25,2025-08-24,2025-08-24,Completed,Not Cancelled,411058.0,NB-012,2022-05-08,,2025-04-25,4.2,12,11,0,0,2400
REN3158,2024-04-10,CUST150,Diagnostic Center,Koregaon Park,Hospital Bed,Patient Care Equipment,21,340,7140,6120,550,63,Bank Transfer,Returned,Excellent,5.0,2024-05-01,2024-04-09,2024-04-10,2024-05-01,2024-05-01,Completed,Not Cancelled,411037.0,HB-022,2022-10-26,2023-05-17,2024-05-16,3.8,23,21,0,0,7140
REN3159,2024-09-10,CUST295,Hospital,Viman Nagar,Oxygen Concentrator,Respiratory Equipment,21,300,6300,3900,350,39,UPI,Returned,Good,4.0,2024-10-01,2024-09-09,2024-09-10,2024-10-01,2024-10-01,Completed,Not Cancelled,411047.0,OC-009,2024-12-24,2025-05-23,2025-11-19,1.6,16,10,0,0,6300
REN3160,2025-05-17,CUST518,Individual Patient,Baner,Commode Chair,Mobility Equipment,14,100,1400,1700,450,15,Bank Transfer,Returned,Fair,3.5,2025-05-31,2025-05-06,2025-05-17,2025-05-31,2025-05-31,Completed,Not Cancelled,411048.0,CC-007,2024-03-04,2024-05-09,2024-08-07,2.4,10,10,0,0,1400
REN3161,2026-04-10,CUST072,Individual Patient,Aundh,CPAP Machine,Respiratory Equipment,7,390,2730,7410,550,40,Debit Card,Returned,Good,4.5,2026-04-17,2026-04-04,2026-04-10,2026-04-17,2026-04-17,Completed,Not Cancelled,411028.0,CP-003,2024-07-28,2025-08-19,2026-02-15,2.0,19,14,0,0,2730
REN3162,2025-09-29,CUST177,Clinic,Dhankawadi,Fowler Bed,Patient Care Equipment,45,400,18000,4800,350,16,Bank Transfer,Returned,Fair,4.5,2025-11-13,2025-09-22,2025-09-29,2025-11-13,2025-11-13,Completed,Not Cancelled,411028.0,FB-002,2025-01-02,2026-02-11,2026-06-11,1.6,15,11,0,0,18000
REN3163,2024-03-31,CUST278,Home Care,Chinchwad,Fowler Bed,Patient Care Equipment,10,450,4500,6750,250,73,UPI,Returned,Good,5.0,2024-04-10,2024-03-24,2024-03-31,2024-04-10,2024-04-10,Completed,Not Cancelled,411046.0,FB-014,2023-07-25,2025-06-16,2025-10-14,3.0,15,13,0,0,4500
REN3164,2025-07-14,CUST042,Clinic,Koregaon Park,Wheelchair,Mobility Equipment,7,150,1050,1950,500,27,Credit Card,Returned,Excellent,5.0,2025-07-21,2025-07-08,2025-07-14,2025-07-21,2025-07-21,Completed,Not Cancelled,411057.0,WC-009,2024-08-16,2024-11-16,2025-11-16,2.0,20,14,0,0,1050
REN3165,2024-07-27,CUST403,Home Care,Baner,Nebulizer,Respiratory Equipment,10,80,800,1760,550,22,Debit Card,Active,Good,5.0,,2024-07-18,2024-07-27,2024-08-06,,Confirmed,Not Cancelled,411007.0,NB-005,2023-08-11,2025-09-26,2026-03-25,3.0,12,12,0,0,800
REN3166,2025-11-22,CUST289,Hospital,Hinjawadi,Hospital Bed,Patient Care Equipment,3,350,1050,4900,250,69,Credit Card,Returned,Excellent,3.0,2025-11-25,2025-11-11,2025-11-22,2025-11-25,2025-11-25,Completed,Not Cancelled,411009.0,HB-005,2024-08-09,2025-01-10,2025-04-10,2.0,23,21,0,0,1050
REN3167,2026-02-25,CUST310,Clinic,Koregaon Park,Fowler Bed,Patient Care Equipment,21,470,9870,9870,550,63,UPI,Cancelled,Good,5.0,,2026-02-18,2026-02-25,,,Cancelled,Cancelled,411014.0,,,,,,15,15,0,1,9870
REN3168,2025-07-15,CUST207,Individual Patient,Viman Nagar,Wheelchair,Mobility Equipment,30,160,4800,3360,600,29,UPI,Cancelled,Fair,5.0,,2025-07-05,2025-07-15,,,Cancelled,Cancelled,411043.0,,,,,,20,20,0,1,4800
REN3169,2025-07-13,CUST438,Home Care,Shivajinagar,Hospital Bed,Patient Care Equipment,14,370,5180,4440,200,105,Bank Transfer,Returned,Excellent,,2025-07-27,2025-07-12,2025-07-13,2025-07-27,2025-07-27,Completed,Not Cancelled,411037.0,HB-013,2025-05-03,2025-11-16,2026-03-16,1.2,23,21,0,0,5180
REN3170,2024-11-13,CUST228,Clinic,Hinjawadi,Wheelchair,Mobility Equipment,5,150,750,3300,550,28,Bank Transfer,Returned,Good,4.0,2024-11-18,2024-11-08,2024-11-13,2024-11-18,2024-11-18,Completed,Not Cancelled,411040.0,WC-010,2022-10-28,2026-07-19,2027-01-15,3.8,20,17,0,0,750
REN3171,2025-03-02,CUST164,Individual Patient,Vishrantwadi,Infusion Pump,Critical Care Equipment,14,360,5040,3600,100,75,Debit Card,Returned,Good,5.0,2025-03-16,2025-02-23,2025-03-02,2025-03-16,2025-03-16,Completed,Not Cancelled,411028.0,IP-003,2023-01-09,2025-06-17,2025-09-15,3.6,10,7,0,0,5040
REN3172,2026-04-01,CUST075,Individual Patient,Wanowrie,Wheelchair,Mobility Equipment,21,150,3150,2250,550,13,Debit Card,Returned,Good,,2026-04-22,2026-03-30,2026-04-01,2026-04-22,2026-04-22,Completed,Not Cancelled,411037.0,WC-006,2023-07-15,2024-01-01,2024-03-31,3.0,20,6,0,0,3150
REN3173,2025-11-11,CUST303,Individual Patient,Dhankawadi,Oxygen Concentrator,Respiratory Equipment,7,260,1820,3120,550,8,UPI,Cancelled,Fair,3.0,,2025-11-09,2025-11-11,,,Cancelled,Cancelled,411047.0,,,,,,16,16,0,1,1820
REN3174,2025-05-11,CUST006,Individual Patient,Wanowrie,Wheelchair,Mobility Equipment,3,150,450,1500,550,49,Credit Card,Returned,Fair,4.0,2025-05-14,2025-05-09,2025-05-11,2025-05-14,2025-05-14,Completed,Not Cancelled,411037.0,WC-018,2024-03-18,2025-03-11,2026-03-11,2.4,20,16,0,0,450
REN3175,2024-12-12,CUST446,Hospital,Hadapsar,Nebulizer,Respiratory Equipment,10,80,800,1360,250,9,UPI,Returned,Good,4.5,2024-12-22,2024-12-09,2024-12-12,2024-12-22,2024-12-22,Completed,Not Cancelled,411030.0,NB-004,2022-09-18,2023-08-03,2023-12-01,3.9,12,10,0,0,800
REN3176,2024-02-21,CUST468,Home Care,Baner,CPAP Machine,Respiratory Equipment,3,390,1170,6630,600,55,UPI,Returned,Good,5.0,2024-02-24,2024-02-11,2024-02-21,2024-02-24,2024-02-24,Completed,Not Cancelled,411007.0,CP-014,2024-05-28,2026-03-24,2027-03-24,2.2,19,18,0,0,1170
REN3177,2024-05-19,CUST196,Individual Patient,Shivajinagar,Walker,Mobility Equipment,10,70,700,1190,400,5,UPI,Active,Good,5.0,,2024-05-18,2024-05-19,2024-05-29,,Confirmed,Not Cancelled,411030.0,WK-007,2022-10-31,2023-01-01,2024-01-01,3.8,7,6,0,0,700
REN3178,2024-07-03,CUST063,Clinic,Kothrud,BiPAP Machine,Respiratory Equipment,30,550,16500,8250,100,107,Cash,Returned,Good,5.0,2024-08-02,2024-06-26,2024-07-03,2024-08-02,2024-08-02,Completed,Not Cancelled,411047.0,BP-002,2022-07-01,2023-06-08,2023-10-06,4.1,11,11,0,0,16500
REN3179,2024-12-18,CUST145,Home Care,Chinchwad,Patient Monitor,Monitoring Equipment,3,560,1680,11200,550,149,UPI,Returned,Good,4.5,2024-12-21,2024-12-17,2024-12-18,2024-12-21,2024-12-21,Completed,Not Cancelled,411009.0,PM-003,2022-02-04,2022-07-21,2023-01-17,4.5,13,11,0,0,1680
REN3180,2026-06-14,CUST446,Individual Patient,Bibwewadi,BiPAP Machine,Respiratory Equipment,14,570,7980,9120,550,142,Credit Card,Returned,Excellent,5.0,2026-06-28,2026-06-07,2026-06-14,2026-06-28,2026-06-28,Completed,Not Cancelled,411030.0,BP-001,2024-10-27,2025-12-27,2026-03-27,1.8,11,9,0,0,7980
REN3181,2025-04-27,CUST510,Hospital,Baner,Hospital Bed,Patient Care Equipment,5,350,1750,5600,250,106,Credit Card,Returned,Good,3.5,2025-05-02,2025-04-24,2025-04-27,2025-05-02,2025-05-02,Completed,Not Cancelled,411027.0,HB-006,2023-04-29,2023-10-02,2024-01-30,3.3,23,22,0,0,1750
REN3182,2024-08-07,CUST118,Clinic,Hadapsar,Walker,Mobility Equipment,10,70,700,1050,200,9,UPI,Returned,Fair,4.5,2024-08-17,2024-08-05,2024-08-07,2024-08-17,2024-08-17,Completed,Not Cancelled,411038.0,WK-001,2023-09-04,2024-11-20,2025-03-20,2.9,7,6,0,0,700
REN3183,2024-04-15,CUST182,Hospital,Baner,Ventilator,Critical Care Equipment,7,1180,8260,14160,400,154,Credit Card,Returned,Fair,5.0,2024-04-22,2024-04-10,2024-04-15,2024-04-22,2024-04-22,Completed,Not Cancelled,411048.0,VT-007,2024-05-13,2025-03-30,2026-03-30,2.2,8,8,0,0,8260
REN3184,2024-11-12,CUST387,Clinic,Vishrantwadi,Oxygen Concentrator,Respiratory Equipment,30,300,9000,5400,250,102,UPI,Returned,Good,5.0,2024-12-12,2024-11-09,2024-11-12,2024-12-12,2024-12-12,Completed,Not Cancelled,411048.0,OC-007,2022-03-01,2024-09-16,2025-01-14,4.4,16,12,0,0,9000
REN3185,2026-02-12,CUST337,Home Care,Kothrud,Suction Machine,Surgical Equipment,7,240,1680,4800,450,42,UPI,Returned,Good,4.5,2026-02-19,2026-02-08,2026-02-12,2026-02-19,2026-02-19,Completed,Not Cancelled,411030.0,SM-014,2024-10-23,2025-06-25,2025-12-22,1.8,14,8,0,0,1680
REN3186,2024-12-27,CUST240,Individual Patient,Hinjawadi,Wheelchair,Mobility Equipment,21,150,3150,1950,300,45,Credit Card,Returned,Good,3.5,2025-01-17,2024-12-20,2024-12-27,2025-01-17,2025-01-17,Completed,Not Cancelled,411042.0,WC-001,2024-04-30,2025-08-24,,2.3,20,14,0,0,3150
REN3187,2025-12-30,CUST317,Diagnostic Center,Vishrantwadi,Patient Monitor,Monitoring Equipment,14,680,9520,10880,200,153,Bank Transfer,Active,Good,4.0,,2025-12-18,2025-12-30,2026-01-13,,Confirmed,Not Cancelled,411048.0,PM-006,2024-01-04,2024-06-05,2024-12-02,2.6,13,11,0,0,9520
REN3188,2026-01-30,CUST535,Clinic,Shivajinagar,Commode Chair,Mobility Equipment,30,100,3000,2100,200,9,Bank Transfer,Returned,Excellent,4.5,2026-03-01,2026-01-23,2026-01-30,2026-03-01,2026-03-01,Completed,Not Cancelled,411052.0,CC-006,2024-10-14,2025-03-18,,1.8,10,9,0,0,3000
REN3189,2024-04-20,CUST385,Individual Patient,Kharadi,Walker,Mobility Equipment,7,70,490,840,450,24,Debit Card,Returned,Good,4.0,2024-04-27,2024-04-14,2024-04-20,2024-04-27,2024-04-27,Completed,Not Cancelled,411043.0,WK-004,2024-03-29,2024-10-16,2025-10-16,2.3,7,7,0,0,490
REN3190,2025-07-27,CUST151,Individual Patient,Aundh,Oxygen Concentrator,Respiratory Equipment,10,260,2600,3900,300,35,UPI,Returned,Good,4.0,2025-08-06,2025-07-21,2025-07-27,2025-08-06,2025-08-06,Completed,Not Cancelled,411009.0,OC-003,2024-12-09,2025-07-09,2026-07-09,1.6,16,12,0,0,2600
REN3191,2026-06-27,CUST188,Individual Patient,Erandwane,BiPAP Machine,Respiratory Equipment,7,570,3990,7410,100,134,UPI,Active,Fair,5.0,,2026-06-22,2026-06-27,2026-07-04,,Confirmed,Not Cancelled,411030.0,BP-003,2022-01-03,2023-01-31,2024-01-31,4.6,11,4,0,0,3990
REN3192,2025-01-16,CUST354,Home Care,Kharadi,Nebulizer,Respiratory Equipment,3,80,240,1120,350,9,UPI,Returned,Good,,2025-01-19,2025-01-10,2025-01-16,2025-01-19,2025-01-19,Completed,Not Cancelled,411027.0,NB-011,2022-04-03,2023-07-05,2023-10-03,4.3,12,9,0,0,240
REN3193,2024-02-21,CUST307,Clinic,Aundh,Wheelchair,Mobility Equipment,7,160,1120,2400,500,34,Cash,Returned,Good,4.5,2024-02-28,2024-02-15,2024-02-21,2024-02-28,2024-02-28,Completed,Not Cancelled,411045.0,WC-001,2024-04-30,2025-08-24,2025-11-22,2.3,20,16,0,0,1120
REN3194,2026-05-26,CUST339,Clinic,Viman Nagar,Suction Machine,Surgical Equipment,30,240,7200,5040,150,49,UPI,Active,Fair,4.0,,2026-05-21,2026-05-26,2026-06-25,,Confirmed,Not Cancelled,411015.0,SM-009,2023-07-17,2026-04-30,2027-04-30,3.0,14,9,0,0,7200
REN3195,2026-04-20,CUST031,Individual Patient,Wanowrie,BiPAP Machine,Respiratory Equipment,10,550,5500,5500,200,62,UPI,Returned,Good,3.0,2026-04-30,2026-04-11,2026-04-20,2026-04-30,2026-04-30,Completed,Not Cancelled,,BP-011,2025-01-04,2025-09-04,2026-09-04,1.6,11,9,1,0,5500
REN3196,2025-05-13,CUST360,Home Care,Koregaon Park,Commode Chair,Mobility Equipment,1,90,90,1260,250,31,Cash,Returned,Good,4.0,2025-05-14,2025-05-09,2025-05-13,2025-05-14,2025-05-14,Completed,Not Cancelled,411052.0,CC-006,2024-10-14,2025-03-18,2025-07-16,1.8,10,8,0,0,90
REN3197,2025-06-09,CUST025,Individual Patient,Wanowrie,Surgical Loupe,Surgical Equipment,30,220,6600,4620,600,17,Cash,Returned,Good,4.0,2025-07-09,2025-06-07,2025-06-09,2025-07-09,2025-07-09,Completed,Not Cancelled,411009.0,SL-003,2025-07-17,2026-01-20,2027-01-20,1.0,7,7,0,0,6600
REN3198,2024-07-18,CUST052,Home Care,Wanowrie,Hospital Bed,Patient Care Equipment,3,360,1080,3960,250,62,UPI,Returned,Good,4.5,2024-07-21,2024-07-11,2024-07-18,2024-07-21,2024-07-21,Completed,Not Cancelled,411047.0,HB-013,2025-05-03,2025-11-16,,1.2,23,14,0,0,1080
REN3199,2026-02-16,CUST186,Hospital,Baner,Wheelchair,Mobility Equipment,21,140,2940,2240,550,6,Bank Transfer,Active,Good,,,2026-02-07,2026-02-16,2026-03-09,,Confirmed,Not Cancelled,411058.0,WC-014,2025-07-05,2026-01-27,2026-04-27,1.1,20,17,0,0,2940
REN3200,2025-04-21,CUST356,Individual Patient,Hinjawadi,Wheelchair,Mobility Equipment,7,160,1120,1920,450,40,Credit Card,Returned,Excellent,4.5,2025-04-28,2025-04-12,2025-04-21,2025-04-28,2025-04-28,Completed,Not Cancelled,411048.0,WC-013,2024-09-18,2026-02-24,2026-08-23,1.9,20,17,0,0,1120
REN3201,2024-02-04,CUST116,Home Care,Bibwewadi,Wheelchair,Mobility Equipment,3,140,420,2380,600,25,Credit Card,Active,Good,5.0,,2024-02-01,2024-02-04,2024-02-07,,Confirmed,Not Cancelled,411038.0,WC-013,2024-09-18,2026-02-24,2026-08-23,1.9,20,16,0,0,420
REN3202,2025-10-02,CUST557,Hospital,Vishrantwadi,Fowler Bed,Patient Care Equipment,5,410,2050,7790,400,86,Credit Card,Cancelled,Good,4.5,,2025-09-25,2025-10-02,,,Cancelled,Cancelled,411042.0,,,,,,15,15,0,1,2050
REN3203,2026-06-19,CUST280,Diagnostic Center,Vishrantwadi,Infusion Pump,Critical Care Equipment,30,340,10200,6120,250,86,Cash,Returned,Good,4.5,2026-07-19,2026-06-05,2026-06-19,2026-07-19,2026-07-19,Completed,Not Cancelled,411046.0,IP-003,2023-01-09,2025-06-17,2025-09-15,3.6,10,9,0,0,10200
REN3204,2026-02-26,CUST314,Home Care,Hinjawadi,CPAP Machine,Respiratory Equipment,14,390,5460,6630,450,107,UPI,Returned,Good,4.5,2026-03-12,2026-02-24,2026-02-26,2026-03-12,2026-03-12,Completed,Not Cancelled,411015.0,CP-001,2022-11-27,2025-01-06,2025-04-06,3.7,19,11,0,0,5460
REN3205,2024-09-14,CUST278,Individual Patient,Viman Nagar,BiPAP Machine,Respiratory Equipment,5,520,2600,9880,100,176,Bank Transfer,Returned,Fair,4.5,2024-09-19,2024-09-08,2024-09-14,2024-09-19,2024-09-19,Completed,Not Cancelled,411037.0,BP-010,2023-08-08,2025-05-07,2025-11-03,3.0,11,10,0,0,2600
REN3206,2024-02-24,CUST208,Individual Patient,Vishrantwadi,CPAP Machine,Respiratory Equipment,3,340,1020,5440,500,104,UPI,Returned,Excellent,,2024-02-27,2024-02-21,2024-02-24,2024-02-27,2024-02-27,Completed,Not Cancelled,411030.0,CP-017,2023-04-05,2024-11-08,2025-11-08,3.3,19,17,0,0,1020
REN3207,2026-06-10,CUST160,Home Care,Viman Nagar,Oxygen Concentrator,Respiratory Equipment,5,260,1300,4420,200,35,Credit Card,Returned,Excellent,5.0,2026-06-15,2026-06-01,2026-06-10,2026-06-15,2026-06-15,Completed,Not Cancelled,411027.0,OC-010,2022-01-22,2023-03-21,2024-03-20,4.5,16,9,0,0,1300
REN3208,2026-06-08,CUST123,Individual Patient,Koregaon Park,ECG Machine,Diagnostic Equipment,7,470,3290,5170,450,123,Bank Transfer,Returned,Good,4.5,2026-06-15,2026-06-04,2026-06-08,2026-06-15,2026-06-15,Completed,Not Cancelled,411042.0,ECG-008,2022-02-10,2023-09-04,2024-09-03,4.5,9,5,0,0,3290
REN3209,2025-05-22,CUST301,Hospital,Bibwewadi,BiPAP Machine,Respiratory Equipment,10,540,5400,5400,400,29,Bank Transfer,Active,Good,4.5,,2025-05-13,2025-05-22,2025-06-01,,Confirmed,Not Cancelled,411037.0,BP-011,2025-01-04,2025-09-04,2026-09-04,1.6,11,10,0,0,5400
REN3210,2025-08-26,CUST452,Home Care,Dhankawadi,Oxygen Concentrator,Respiratory Equipment,21,280,5880,3360,200,21,Debit Card,Returned,Excellent,4.5,2025-09-16,2025-08-24,2025-08-26,2025-09-16,2025-09-16,Completed,Not Cancelled,411007.0,OC-011,2023-11-25,,2025-07-02,2.7,16,11,0,0,5880
REN3211,2025-03-18,CUST009,Home Care,Viman Nagar,Surgical Headlight,Surgical Equipment,7,180,1260,3060,350,32,Bank Transfer,Active,Fair,5.0,,2025-03-17,2025-03-18,2025-03-25,,Confirmed,Not Cancelled,411008.0,SH-005,2023-10-28,2025-09-07,2025-12-06,2.8,8,8,0,0,1260
REN3212,2025-02-03,CUST470,Clinic,Erandwane,Fowler Bed,Patient Care Equipment,5,450,2250,6750,350,80,Bank Transfer,Returned,Excellent,4.5,2025-02-08,2025-02-01,2025-02-03,2025-02-08,2025-02-08,Completed,Not Cancelled,,FB-007,2022-07-03,2023-06-21,2023-10-19,4.1,15,12,1,0,2250
REN3213,2024-04-28,CUST285,Individual Patient,Hinjawadi,Wheelchair,Mobility Equipment,45,160,7200,2240,500,31,UPI,Returned,Good,4.5,2024-06-12,2024-04-25,2024-04-28,2024-06-12,2024-06-12,Completed,Not Cancelled,411042.0,WC-020,2023-01-10,2024-02-15,2024-06-14,3.6,20,17,0,0,7200
REN3214,2024-04-06,CUST388,Hospital,Pimpri,Fowler Bed,Patient Care Equipment,21,430,9030,6450,350,78,Cash,Returned,Good,4.5,2024-04-27,2024-03-27,2024-04-06,2024-04-27,2024-04-27,Completed,Not Cancelled,411052.0,FB-002,2025-01-02,2026-02-11,2026-06-11,1.6,15,10,0,0,9030
REN3215,2024-08-05,CUST004,Hospital,Koregaon Park,BiPAP Machine,Respiratory Equipment,14,500,7000,11000,100,118,Credit Card,Returned,Good,5.0,2024-08-19,2024-08-03,2024-08-05,2024-08-19,2024-08-19,Completed,Not Cancelled,411008.0,BP-005,2022-02-05,2024-01-14,2025-01-13,4.5,11,9,0,0,7000
REN3216,2026-03-06,CUST560,Clinic,Kharadi,CPAP Machine,Respiratory Equipment,10,360,3600,5040,100,121,UPI,Returned,Good,4.0,2026-03-16,2026-03-05,2026-03-06,2026-03-16,2026-03-16,Completed,Not Cancelled,411028.0,CP-003,2024-07-28,2025-08-19,2026-02-15,2.0,19,9,0,0,3600
REN3217,2024-05-22,CUST223,Hospital,Aundh,ECG Machine,Diagnostic Equipment,14,500,7000,7500,450,43,Credit Card,Returned,Good,5.0,2024-06-05,2024-05-12,2024-05-22,2024-06-05,2024-06-05,Completed,Not Cancelled,411030.0,ECG-008,2022-02-10,2023-09-04,2024-09-03,4.5,9,8,0,0,7000
REN3218,2024-07-31,CUST077,Clinic,Hadapsar,Patient Monitor,Monitoring Equipment,1,630,630,10080,550,91,UPI,Returned,Good,5.0,2024-08-01,2024-07-27,2024-07-31,2024-08-01,2024-08-01,Completed,Not Cancelled,411045.0,PM-004,2025-02-22,2025-11-29,2026-03-29,1.4,13,11,0,0,630
REN3219,2025-06-05,CUST102,Hospital,Chinchwad,Fowler Bed,Patient Care Equipment,5,420,2100,8400,300,23,Credit Card,Cancelled,Good,3.5,,2025-05-29,2025-06-05,,,Cancelled,Cancelled,411037.0,,,,,,15,15,0,1,2100
REN3220,2024-07-21,CUST427,Individual Patient,Wanowrie,Infusion Pump,Critical Care Equipment,5,340,1700,6460,150,32,UPI,Returned,Good,4.0,2024-07-26,2024-07-20,2024-07-21,2024-07-26,2024-07-26,Completed,Not Cancelled,411038.0,IP-007,2023-02-08,2024-04-26,2024-08-24,3.5,10,6,0,0,1700
REN3221,2024-06-06,CUST155,Individual Patient,Aundh,Fowler Bed,Patient Care Equipment,7,410,2870,9020,150,142,UPI,Returned,Good,5.0,2024-06-13,2024-05-26,2024-06-06,2024-06-13,2024-06-13,Completed,Not Cancelled,411057.0,FB-001,2023-08-15,2025-12-12,2026-06-10,3.0,15,10,0,0,2870
REN3222,2025-06-19,CUST572,Individual Patient,Vishrantwadi,CPAP Machine,Respiratory Equipment,10,350,3500,6300,600,15,Cash,Returned,Good,4.0,2025-06-29,2025-06-13,2025-06-19,2025-06-29,2025-06-29,Completed,Not Cancelled,411007.0,CP-012,2025-05-31,2025-12-09,2026-04-08,1.2,19,15,0,0,3500
REN3223,2024-12-12,CUST376,Individual Patient,Dhankawadi,Hospital Bed,Patient Care Equipment,14,380,5320,8360,450,37,Cash,Returned,Good,4.0,2024-12-26,2024-12-11,2024-12-12,2024-12-26,2024-12-26,Completed,Not Cancelled,411052.0,HB-009,2022-04-28,2023-06-27,2023-09-25,4.3,23,19,0,0,5320
REN3224,2025-08-12,CUST344,Home Care,Shivajinagar,CPAP Machine,Respiratory Equipment,30,330,9900,5610,100,55,Credit Card,Returned,Good,4.0,2025-09-11,2025-08-05,2025-08-12,2025-09-11,2025-09-11,Completed,Not Cancelled,411027.0,CP-019,2023-08-01,2024-08-24,2025-08-24,3.0,19,15,0,0,9900
REN3225,2026-05-16,CUST387,Individual Patient,Wanowrie,CPAP Machine,Respiratory Equipment,10,380,3800,6080,200,47,Cash,Returned,Fair,3.0,2026-05-26,2026-05-12,2026-05-16,2026-05-26,2026-05-26,Completed,Not Cancelled,411007.0,CP-014,2024-05-28,2026-03-24,2027-03-24,2.2,19,9,0,0,3800
REN3226,2024-05-27,CUST262,Individual Patient,Viman Nagar,Wheelchair,Mobility Equipment,10,140,1400,2380,500,29,UPI,Returned,Good,4.5,2024-06-06,2024-05-23,2024-05-27,2024-06-06,2024-06-06,Completed,Not Cancelled,411040.0,WC-019,2023-12-24,2026-05-27,2026-08-25,2.6,20,12,0,0,1400
REN3227,2026-05-17,CUST123,Home Care,Shivajinagar,Suction Machine,Surgical Equipment,21,230,4830,3680,400,80,UPI,Returned,Fair,5.0,2026-06-07,2026-05-13,2026-05-17,2026-06-07,2026-06-07,Completed,Not Cancelled,411015.0,SM-006,2024-01-04,2024-10-23,2025-02-20,2.6,14,12,0,0,4830
REN3228,2026-05-07,CUST242,Home Care,Wanowrie,Wheelchair,Mobility Equipment,7,140,980,1680,250,36,Debit Card,Returned,Good,4.5,2026-05-14,2026-05-01,2026-05-07,2026-05-14,2026-05-14,Completed,Not Cancelled,411046.0,WC-013,2024-09-18,2026-02-24,2026-08-23,1.9,20,7,0,0,980
REN3229,2026-02-26,CUST308,Hospital,Pimpri,Wheelchair,Mobility Equipment,7,150,1050,2100,450,24,Bank Transfer,Cancelled,Excellent,3.0,,2026-02-19,2026-02-26,,,Cancelled,Cancelled,411047.0,,,,,,20,20,0,1,1050
REN3230,2025-08-16,CUST223,Individual Patient,Hinjawadi,Patient Monitor,Monitoring Equipment,5,650,3250,11050,550,162,Bank Transfer,Returned,Good,4.5,2025-08-21,2025-08-14,2025-08-16,2025-08-21,2025-08-21,Completed,Not Cancelled,411037.0,PM-003,2022-02-04,2022-07-21,2023-01-17,4.5,13,11,0,0,3250
REN3231,2025-08-06,CUST240,Clinic,Shivajinagar,Oxygen Concentrator,Respiratory Equipment,30,300,9000,5100,550,93,UPI,Returned,Excellent,,2025-09-05,2025-07-28,2025-08-06,2025-09-05,2025-09-05,Completed,Not Cancelled,411047.0,OC-015,2023-09-05,2024-03-04,2024-07-02,2.9,16,12,0,0,9000
REN3232,2025-08-23,CUST418,Individual Patient,Vishrantwadi,Suction Machine,Surgical Equipment,14,270,3780,3240,550,28,UPI,Returned,Fair,4.5,2025-09-06,2025-08-22,2025-08-23,2025-09-06,2025-09-06,Completed,Not Cancelled,411014.0,SM-009,2023-07-17,2026-04-30,2027-04-30,3.0,14,11,0,0,3780
REN3233,2025-10-09,CUST303,Clinic,Kharadi,BiPAP Machine,Respiratory Equipment,30,560,16800,11200,250,145,UPI,Returned,Good,4.5,2025-11-08,2025-10-01,2025-10-09,2025-11-08,2025-11-08,Completed,Not Cancelled,,BP-003,2022-01-03,2023-01-31,2024-01-31,4.6,11,9,1,0,16800
REN3234,2024-01-17,CUST377,Clinic,Wakad,Oxygen Concentrator,Respiratory Equipment,10,270,2700,5130,100,61,Cash,Returned,Excellent,5.0,2024-01-27,2024-01-15,2024-01-17,2024-01-27,2024-01-27,Completed,Not Cancelled,411008.0,OC-003,2024-12-09,2025-07-09,2026-07-09,1.6,16,14,0,0,2700
REN3235,2026-06-26,CUST373,Home Care,Aundh,Hospital Bed,Patient Care Equipment,10,330,3300,5280,300,87,UPI,Returned,Fair,5.0,2026-07-06,2026-06-21,2026-06-26,2026-07-06,2026-07-06,Completed,Not Cancelled,411043.0,HB-009,2022-04-28,2023-06-27,2023-09-25,4.3,23,15,0,0,3300
REN3236,2025-07-08,CUST337,Diagnostic Center,Hadapsar,Fowler Bed,Patient Care Equipment,10,460,4600,6900,100,26,Credit Card,Returned,Excellent,4.5,2025-07-18,2025-07-02,2025-07-08,2025-07-18,2025-07-18,Completed,Not Cancelled,411046.0,FB-002,2025-01-02,2026-02-11,2026-06-11,1.6,15,11,0,0,4600
REN3237,2026-01-08,CUST442,Home Care,Camp,Hospital Bed,Patient Care Equipment,14,380,5320,6460,400,101,UPI,Returned,Good,4.5,2026-01-22,2026-01-01,2026-01-08,2026-01-22,2026-01-22,Completed,Not Cancelled,411047.0,HB-012,2022-06-28,2023-10-26,2024-02-23,4.1,23,17,0,0,5320
REN3238,2024-12-21,CUST523,Hospital,Hinjawadi,Fowler Bed,Patient Care Equipment,7,410,2870,6970,400,116,Bank Transfer,Returned,Good,4.5,2024-12-28,2024-12-12,2024-12-21,2024-12-28,2024-12-28,Completed,Not Cancelled,411030.0,FB-006,2024-01-01,2025-08-08,2025-11-06,2.6,15,12,0,0,2870
REN3239,2024-01-13,CUST499,Hospital,Bibwewadi,Nebulizer,Respiratory Equipment,30,90,2700,1350,250,22,UPI,Returned,Fair,4.5,2024-02-12,2024-01-07,2024-01-13,2024-02-12,2024-02-12,Completed,Not Cancelled,411048.0,NB-001,2024-01-01,2024-11-22,2025-05-21,2.6,12,12,0,0,2700
REN3240,2025-05-01,CUST280,Individual Patient,Wanowrie,Suction Machine,Surgical Equipment,5,230,1150,4830,150,21,Bank Transfer,Returned,Excellent,5.0,2025-05-06,2025-04-20,2025-05-01,2025-05-06,2025-05-06,Completed,Not Cancelled,411043.0,SM-002,2023-03-01,,2024-04-25,3.4,14,13,0,0,1150
REN3241,2025-04-29,CUST401,Hospital,Baner,CPAP Machine,Respiratory Equipment,10,370,3700,4440,350,30,Credit Card,Returned,Fair,5.0,2025-05-09,2025-04-16,2025-04-29,2025-05-09,2025-05-09,Completed,Not Cancelled,411042.0,CP-016,2023-08-18,2025-09-17,2026-01-15,3.0,19,15,0,0,3700
REN3242,2025-02-20,CUST075,Individual Patient,Kharadi,Walker,Mobility Equipment,1,70,70,980,100,19,UPI,Cancelled,Good,5.0,,2025-02-07,2025-02-20,,,Cancelled,Cancelled,411015.0,,,,,,7,7,0,1,70
REN3243,2024-11-14,CUST084,Home Care,Erandwane,Hospital Bed,Patient Care Equipment,14,340,4760,5100,250,81,UPI,Returned,Excellent,4.5,2024-11-28,2024-11-10,2024-11-14,2024-11-28,2024-11-28,Completed,Not Cancelled,,HB-018,2023-03-16,2025-07-16,2025-11-13,3.4,23,21,1,0,4760
REN3244,2024-08-20,CUST295,Home Care,Shivajinagar,Infusion Pump,Critical Care Equipment,5,330,1650,3630,600,114,UPI,Returned,Excellent,4.5,2024-08-25,2024-08-19,2024-08-20,2024-08-25,2024-08-25,Completed,Not Cancelled,411047.0,IP-009,2024-05-29,2025-01-24,2026-01-24,2.2,10,9,0,0,1650
REN3245,2025-05-18,CUST256,Home Care,Viman Nagar,Commode Chair,Mobility Equipment,5,90,450,990,600,16,Bank Transfer,Returned,Excellent,4.5,2025-05-23,2025-05-10,2025-05-18,2025-05-23,2025-05-23,Completed,Not Cancelled,411052.0,CC-001,2024-04-22,2025-08-07,2025-11-05,2.3,10,9,0,0,450
REN3246,2024-12-19,CUST098,Home Care,Chinchwad,CPAP Machine,Respiratory Equipment,14,370,5180,7770,400,38,Debit Card,Cancelled,Excellent,3.0,,2024-12-16,2024-12-19,,,Cancelled,Cancelled,411028.0,,,,,,19,19,0,1,5180
REN3247,2026-07-06,CUST600,Hospital,Vishrantwadi,Wheelchair,Mobility Equipment,1,150,150,3000,300,41,UPI,Returned,Good,4.5,2026-07-07,2026-06-27,2026-07-06,2026-07-07,2026-07-07,Completed,Not Cancelled,411042.0,WC-001,2024-04-30,2025-08-24,2025-11-22,2.3,20,9,0,0,150
REN3248,2024-06-15,CUST274,Individual Patient,Bibwewadi,Wheelchair,Mobility Equipment,45,160,7200,2240,100,43,Credit Card,Returned,Excellent,5.0,2024-07-30,2024-06-14,2024-06-15,2024-07-30,2024-07-30,Completed,Not Cancelled,411008.0,WC-009,2024-08-16,2024-11-16,2025-11-16,2.0,20,12,0,0,7200
REN3249,2024-10-25,CUST201,Individual Patient,Shivajinagar,Walker,Mobility Equipment,7,70,490,910,450,14,UPI,Returned,Excellent,5.0,2024-11-01,2024-10-16,2024-10-25,2024-11-01,2024-11-01,Completed,Not Cancelled,411042.0,WK-001,2023-09-04,2024-11-20,2025-03-20,2.9,7,6,0,0,490
REN3250,2024-09-30,CUST132,Hospital,Koregaon Park,Wheelchair,Mobility Equipment,1,150,150,2250,350,40,Debit Card,Returned,Good,5.0,2024-10-01,2024-09-29,2024-09-30,2024-10-01,2024-10-01,Completed,Not Cancelled,411040.0,WC-002,2024-11-25,2025-02-12,2025-06-12,1.7,20,16,0,0,150
REN3251,2025-06-01,CUST440,Home Care,Aundh,Infusion Pump,Critical Care Equipment,14,310,4340,5890,450,40,Cash,Returned,Good,4.5,2025-06-15,2025-05-21,2025-06-01,2025-06-15,2025-06-15,Completed,Not Cancelled,411048.0,IP-006,2025-03-23,2025-07-23,2025-11-20,1.4,10,8,0,0,4340
REN3252,2025-04-22,CUST087,Home Care,Wanowrie,Fowler Bed,Patient Care Equipment,45,410,18450,5330,150,41,Bank Transfer,Cancelled,Fair,4.5,,2025-04-15,2025-04-22,,,Cancelled,Cancelled,,,,,,,15,15,1,1,18450
REN3253,2025-08-27,CUST113,Hospital,Vishrantwadi,Fowler Bed,Patient Care Equipment,21,470,9870,4700,550,33,UPI,Returned,Good,4.5,2025-09-17,2025-08-25,2025-08-27,2025-09-17,2025-09-17,Completed,Not Cancelled,411058.0,FB-006,2024-01-01,2025-08-08,2025-11-06,2.6,15,14,0,0,9870
REN3254,2026-06-19,CUST297,Clinic,Wanowrie,Suction Machine,Surgical Equipment,7,270,1890,4050,500,33,Credit Card,Returned,Good,4.5,2026-06-26,2026-06-13,2026-06-19,2026-06-26,2026-06-26,Completed,Not Cancelled,411057.0,SM-008,2022-11-17,2026-01-26,2026-04-26,3.7,14,10,0,0,1890
REN3255,2024-09-21,CUST112,Individual Patient,Koregaon Park,Wheelchair,Mobility Equipment,3,160,480,2720,300,38,Cash,Returned,Excellent,3.5,2024-09-24,2024-09-15,2024-09-21,2024-09-24,2024-09-24,Completed,Not Cancelled,411014.0,WC-011,2024-06-14,2024-10-17,2025-04-15,2.1,20,17,0,0,480
REN3256,2025-10-12,CUST232,Home Care,Dhankawadi,CPAP Machine,Respiratory Equipment,30,360,10800,5760,100,41,UPI,Returned,Fair,4.5,2025-11-11,2025-10-01,2025-10-12,2025-11-11,2025-11-11,Completed,Not Cancelled,,CP-016,2023-08-18,2025-09-17,2026-01-15,3.0,19,19,1,0,10800
REN3257,2024-01-26,CUST161,Clinic,Hadapsar,Walker,Mobility Equipment,7,70,490,840,350,22,Bank Transfer,Active,Excellent,4.0,,2024-01-20,2024-01-26,2024-02-02,,Confirmed,Not Cancelled,411007.0,WK-003,2024-07-22,2024-11-09,2025-05-08,2.0,7,7,0,0,490
REN3258,2024-08-31,CUST258,Clinic,Vishrantwadi,Wheelchair,Mobility Equipment,5,160,800,3200,300,18,Cash,Returned,Good,4.5,2024-09-05,2024-08-25,2024-08-31,2024-09-05,2024-09-05,Completed,Not Cancelled,411038.0,WC-012,2025-04-29,2026-05-02,2027-05-02,1.3,20,15,0,0,800
REN3259,2025-03-19,CUST542,Individual Patient,Shivajinagar,Walker,Mobility Equipment,3,70,210,1260,500,17,Bank Transfer,Returned,Good,,2025-03-22,2025-03-15,2025-03-19,2025-03-22,2025-03-22,Completed,Not Cancelled,411057.0,WK-001,2023-09-04,2024-11-20,2025-03-20,2.9,7,3,0,0,210
REN3260,2024-02-01,CUST125,Home Care,Vishrantwadi,Surgical Loupe,Surgical Equipment,14,230,3220,4370,200,46,Credit Card,Returned,Good,4.5,2024-02-15,2024-01-24,2024-02-01,2024-02-15,2024-02-15,Completed,Not Cancelled,411043.0,SL-002,2025-04-12,,2026-01-01,1.3,7,7,0,0,3220
REN3261,2025-08-04,CUST267,Home Care,Vishrantwadi,Hospital Bed,Patient Care Equipment,14,330,4620,7260,100,32,Credit Card,Returned,Good,4.0,2025-08-18,2025-08-03,2025-08-04,2025-08-18,2025-08-18,Completed,Not Cancelled,411058.0,HB-004,2025-03-24,2026-06-21,2026-12-18,1.4,23,20,0,0,4620
REN3262,2025-09-28,CUST054,Individual Patient,Koregaon Park,Patient Monitor,Monitoring Equipment,7,620,4340,9920,600,129,Cash,Active,Excellent,4.5,,2025-09-15,2025-09-28,2025-10-05,,Confirmed,Not Cancelled,411042.0,PM-010,2022-07-05,2026-04-25,2026-10-22,4.1,13,13,0,0,4340
REN3263,2025-12-05,CUST024,Clinic,Dhankawadi,Wheelchair,Mobility Equipment,30,160,4800,2720,200,54,UPI,Returned,Good,4.5,2026-01-04,2025-11-28,2025-12-05,2026-01-04,2026-01-04,Completed,Not Cancelled,411045.0,WC-007,2024-08-29,2026-04-11,2026-07-10,1.9,20,11,0,0,4800
REN3264,2025-05-08,CUST370,Hospital,Vishrantwadi,Suction Machine,Surgical Equipment,5,260,1300,4940,100,86,Debit Card,Active,Good,4.5,,2025-04-28,2025-05-08,2025-05-13,,Confirmed,Not Cancelled,411040.0,SM-013,2022-07-24,2024-05-07,2025-05-07,4.0,14,13,0,0,1300
REN3265,2025-07-23,CUST389,Individual Patient,Vishrantwadi,Surgical Loupe,Surgical Equipment,10,230,2300,4600,550,28,Credit Card,Returned,Fair,3.5,2025-08-02,2025-07-14,2025-07-23,2025-08-02,2025-08-02,Completed,Not Cancelled,411057.0,SL-002,2025-04-12,2025-07-05,2026-01-01,1.3,7,7,0,0,2300
REN3266,2025-01-09,CUST366,Hospital,Shivajinagar,Surgical Headlight,Surgical Equipment,7,170,1190,3570,450,34,Bank Transfer,Cancelled,Good,,,2025-01-06,2025-01-09,,,Cancelled,Cancelled,411009.0,,,,,,8,8,0,1,1190
REN3267,2024-02-12,CUST210,Clinic,Hinjawadi,Walker,Mobility Equipment,7,70,490,1330,200,5,Debit Card,Returned,Good,5.0,2024-02-19,2024-02-09,2024-02-12,2024-02-19,2024-02-19,Completed,Not Cancelled,,WK-007,2022-10-31,2023-01-01,2024-01-01,3.8,7,4,1,0,490
REN3268,2024-04-09,CUST003,Individual Patient,Pimpri,Wheelchair,Mobility Equipment,3,150,450,1500,350,27,Credit Card,Returned,Good,3.0,2024-04-12,2024-04-06,2024-04-09,2024-04-12,2024-04-12,Completed,Not Cancelled,,WC-010,2022-10-28,2026-07-19,2027-01-15,3.8,20,14,1,0,450
REN3269,2025-09-06,CUST140,Clinic,Wanowrie,Patient Monitor,Monitoring Equipment,14,610,8540,8540,450,81,UPI,Returned,Good,4.5,2025-09-20,2025-09-03,2025-09-06,2025-09-20,2025-09-20,Completed,Not Cancelled,411038.0,PM-006,2024-01-04,2024-06-05,2024-12-02,2.6,13,11,0,0,8540
REN3270,2026-07-28,CUST202,Individual Patient,Vishrantwadi,Wheelchair,Mobility Equipment,3,150,450,2550,500,49,UPI,Returned,Good,5.0,2026-07-31,2026-07-27,2026-07-28,2026-07-31,2026-07-31,Completed,Not Cancelled,411058.0,WC-007,2024-08-29,2026-04-11,2026-07-10,1.9,20,8,0,0,450
REN3271,2024-01-17,CUST497,Individual Patient,Wanowrie,Surgical Headlight,Surgical Equipment,5,180,900,2700,300,42,Bank Transfer,Returned,Fair,5.0,2024-01-22,2024-01-07,2024-01-17,2024-01-22,2024-01-22,Completed,Not Cancelled,411042.0,SH-001,2022-09-11,2023-01-30,2023-07-29,3.9,8,8,0,0,900
REN3272,2025-06-13,CUST534,Individual Patient,Vishrantwadi,Wheelchair,Mobility Equipment,3,140,420,1400,200,12,Credit Card,Returned,Excellent,5.0,2025-06-16,2025-06-07,2025-06-13,2025-06-16,2025-06-16,Completed,Not Cancelled,,WC-018,2024-03-18,2025-03-11,2026-03-11,2.4,20,13,1,0,420
REN3273,2025-12-09,CUST392,Individual Patient,Erandwane,Wheelchair,Mobility Equipment,5,150,750,1950,100,52,UPI,Returned,Excellent,5.0,2025-12-14,2025-12-02,2025-12-09,2025-12-14,2025-12-14,Completed,Not Cancelled,411043.0,WC-014,2025-07-05,2026-01-27,2026-04-27,1.1,20,13,0,0,750
REN3274,2026-02-24,CUST202,Diagnostic Center,Bibwewadi,Hospital Bed,Patient Care Equipment,21,350,7350,4900,550,88,Debit Card,Active,Excellent,4.5,,2026-02-19,2026-02-24,2026-03-17,,Confirmed,Not Cancelled,411028.0,HB-021,2025-06-17,2026-06-19,2026-12-16,1.1,23,10,0,0,7350
REN3275,2025-06-03,CUST125,Individual Patient,Dhankawadi,Wheelchair,Mobility Equipment,14,140,1960,1400,500,10,Debit Card,Returned,Good,4.5,2025-06-17,2025-06-01,2025-06-03,2025-06-17,2025-06-17,Completed,Not Cancelled,411038.0,WC-012,2025-04-29,2026-05-02,2027-05-02,1.3,20,13,0,0,1960
REN3276,2025-08-06,CUST269,Individual Patient,Shivajinagar,Wheelchair,Mobility Equipment,21,160,3360,3040,600,46,Debit Card,Active,Excellent,3.0,,2025-08-01,2025-08-06,2025-08-27,,Confirmed,Not Cancelled,411008.0,WC-013,2024-09-18,2026-02-24,2026-08-23,1.9,20,15,0,0,3360
REN3277,2025-10-16,CUST255,Individual Patient,Koregaon Park,Hospital Bed,Patient Care Equipment,7,340,2380,4760,500,71,Credit Card,Returned,Good,3.0,2025-10-23,2025-10-13,2025-10-16,2025-10-23,2025-10-23,Completed,Not Cancelled,411052.0,HB-002,2024-02-10,2024-08-21,2025-02-17,2.5,23,20,0,0,2380
REN3278,2026-03-27,CUST176,Individual Patient,Bibwewadi,Infusion Pump,Critical Care Equipment,14,300,4200,6000,200,47,Cash,Returned,Good,4.5,2026-04-10,2026-03-16,2026-03-27,2026-04-10,2026-04-10,Completed,Not Cancelled,411037.0,IP-002,2023-07-05,2024-03-20,2025-03-20,3.1,10,9,0,0,4200
REN3279,2024-05-01,CUST316,Individual Patient,Wanowrie,Commode Chair,Mobility Equipment,10,100,1000,2100,200,9,Debit Card,Returned,Good,4.0,2024-05-11,2024-04-23,2024-05-01,2024-05-11,2024-05-11,Completed,Not Cancelled,411048.0,CC-007,2024-03-04,2024-05-09,2024-08-07,2.4,10,10,0,0,1000
REN3280,2026-05-29,CUST277,Hospital,Dhankawadi,Wheelchair,Mobility Equipment,7,140,980,2940,200,17,UPI,Returned,Good,4.0,2026-06-05,2026-05-27,2026-05-29,2026-06-05,2026-06-05,Completed,Not Cancelled,411038.0,WC-013,2024-09-18,2026-02-24,2026-08-23,1.9,20,5,0,0,980
REN3281,2024-01-27,CUST148,Individual Patient,Bibwewadi,Commode Chair,Mobility Equipment,5,90,450,1890,350,8,Cash,Returned,Good,5.0,2024-02-01,2024-01-19,2024-01-27,2024-02-01,2024-02-01,Completed,Not Cancelled,411057.0,CC-008,2024-10-02,2026-06-23,,1.8,10,6,0,0,450
REN3282,2026-03-05,CUST205,Individual Patient,Dhankawadi,CPAP Machine,Respiratory Equipment,30,340,10200,5440,600,98,Credit Card,Returned,Good,3.5,2026-04-04,2026-02-27,2026-03-05,2026-04-04,2026-04-04,Completed,Not Cancelled,411030.0,CP-016,2023-08-18,2025-09-17,2026-01-15,3.0,19,10,0,0,10200
REN3283,2024-03-18,CUST380,Hospital,Hinjawadi,Commode Chair,Mobility Equipment,30,90,2700,1170,450,11,Debit Card,Cancelled,Good,4.0,,2024-03-17,2024-03-18,,,Cancelled,Cancelled,411009.0,,,,,,10,10,0,1,2700
REN3284,2024-07-04,CUST397,Home Care,Pimpri,Oxygen Concentrator,Respiratory Equipment,3,280,840,3080,300,51,Bank Transfer,Returned,Good,4.5,2024-07-07,2024-07-03,2024-07-04,2024-07-07,2024-07-07,Completed,Not Cancelled,411038.0,OC-001,2025-03-23,2025-09-09,2026-01-07,1.4,16,13,0,0,840
REN3285,2024-01-04,CUST232,Hospital,Pimpri,Patient Monitor,Monitoring Equipment,45,660,29700,11880,500,224,Bank Transfer,Returned,Good,3.0,2024-02-18,2024-01-02,2024-01-04,2024-02-18,2024-02-18,Completed,Not Cancelled,,PM-002,2024-11-14,2025-12-21,2026-04-20,1.7,13,12,1,0,29700
REN3286,2025-03-01,CUST458,Individual Patient,Camp,CPAP Machine,Respiratory Equipment,10,360,3600,3960,550,125,UPI,Returned,Good,4.5,2025-03-11,2025-02-19,2025-03-01,2025-03-11,2025-03-11,Completed,Not Cancelled,411048.0,CP-013,2024-04-10,2026-03-03,2027-03-03,2.3,19,16,0,0,3600
REN3287,2024-11-08,CUST113,Individual Patient,Chinchwad,Wheelchair,Mobility Equipment,14,140,1960,1820,300,40,UPI,Returned,Good,3.5,2024-11-22,2024-10-29,2024-11-08,2024-11-22,2024-11-22,Completed,Not Cancelled,411057.0,WC-020,2023-01-10,2024-02-15,2024-06-14,3.6,20,16,0,0,1960
REN3288,2024-06-09,CUST286,Hospital,Shivajinagar,Patient Monitor,Monitoring Equipment,21,630,13230,8190,550,180,UPI,Returned,Good,5.0,2024-06-30,2024-06-02,2024-06-09,2024-06-30,2024-06-30,Completed,Not Cancelled,411015.0,PM-005,2024-05-27,2025-01-13,2025-05-13,2.2,13,12,0,0,13230
REN3289,2025-03-06,CUST254,Hospital,Kothrud,Nebulizer,Respiratory Equipment,7,80,560,1040,100,27,Bank Transfer,Cancelled,Good,4.5,,2025-03-05,2025-03-06,,,Cancelled,Cancelled,411008.0,,,,,,12,12,0,1,560
REN3290,2025-01-16,CUST317,Clinic,Wanowrie,Nebulizer,Respiratory Equipment,7,70,490,980,250,20,Debit Card,Returned,Good,4.5,2025-01-23,2025-01-12,2025-01-16,2025-01-23,2025-01-23,Completed,Not Cancelled,411047.0,NB-005,2023-08-11,2025-09-26,2026-03-25,3.0,12,9,0,0,490
REN3291,2025-12-25,CUST298,Individual Patient,Bibwewadi,Oxygen Concentrator,Respiratory Equipment,14,270,3780,3780,150,47,UPI,Returned,Excellent,4.0,2026-01-08,2025-12-21,2025-12-25,2026-01-08,2026-01-08,Completed,Not Cancelled,411045.0,OC-005,2024-02-15,2026-06-16,2026-10-14,2.5,16,11,0,0,3780
REN3292,2026-04-29,CUST014,Individual Patient,Wanowrie,Fowler Bed,Patient Care Equipment,5,470,2350,7520,150,23,UPI,Returned,Excellent,4.5,2026-05-04,2026-04-26,2026-04-29,2026-05-04,2026-05-04,Completed,Not Cancelled,411047.0,FB-002,2025-01-02,2026-02-11,2026-06-11,1.6,15,9,0,0,2350
REN3293,2025-09-04,CUST313,Hospital,Aundh,Commode Chair,Mobility Equipment,5,90,450,1980,200,9,Bank Transfer,Active,Good,4.0,,2025-08-28,2025-09-04,2025-09-09,,Confirmed,Not Cancelled,411042.0,CC-010,2022-12-23,2023-04-16,2023-10-13,3.6,10,8,0,0,450
REN3294,2024-05-02,CUST246,Individual Patient,Vishrantwadi,Hospital Bed,Patient Care Equipment,7,360,2520,6480,300,62,UPI,Returned,Good,4.5,2024-05-09,2024-05-01,2024-05-02,2024-05-09,2024-05-09,Completed,Not Cancelled,411042.0,HB-004,2025-03-24,2026-06-21,2026-12-18,1.4,23,19,0,0,2520
REN3295,2024-10-01,CUST251,Hospital,Wakad,Hospital Bed,Patient Care Equipment,3,340,1020,6120,450,39,UPI,Returned,Excellent,3.5,2024-10-04,2024-09-30,2024-10-01,2024-10-04,2024-10-04,Completed,Not Cancelled,411027.0,HB-009,2022-04-28,2023-06-27,2023-09-25,4.3,23,22,0,0,1020
REN3296,2026-05-17,CUST273,Individual Patient,Wakad,CPAP Machine,Respiratory Equipment,30,390,11700,4680,400,53,UPI,Returned,Good,3.5,2026-06-16,2026-05-10,2026-05-17,2026-06-16,2026-06-16,Completed,Not Cancelled,,CP-017,2023-04-05,2024-11-08,2025-11-08,3.3,19,8,1,0,11700
REN3297,2024-03-30,CUST024,Hospital,Koregaon Park,Wheelchair,Mobility Equipment,1,140,140,1540,300,7,Bank Transfer,Returned,Good,4.0,2024-03-31,2024-03-27,2024-03-30,2024-03-31,2024-03-31,Completed,Not Cancelled,411043.0,WC-011,2024-06-14,2024-10-17,2025-04-15,2.1,20,16,0,0,140
REN3298,2025-01-21,CUST329,Home Care,Hadapsar,CPAP Machine,Respiratory Equipment,14,360,5040,4320,350,74,Credit Card,Returned,Good,4.0,2025-02-04,2025-01-13,2025-01-21,2025-02-04,2025-02-04,Completed,Not Cancelled,411057.0,CP-003,2024-07-28,2025-08-19,2026-02-15,2.0,19,17,0,0,5040
REN3299,2026-06-12,CUST179,Individual Patient,Bibwewadi,Hospital Bed,Patient Care Equipment,14,370,5180,7770,200,53,Debit Card,Returned,Excellent,3.5,2026-06-26,2026-06-03,2026-06-12,2026-06-26,2026-06-26,Completed,Not Cancelled,411028.0,HB-018,2023-03-16,2025-07-16,2025-11-13,3.4,23,16,0,0,5180
REN3300,2026-06-19,CUST518,Home Care,Shivajinagar,Suction Machine,Surgical Equipment,3,250,750,3000,500,28,UPI,Returned,Good,3.5,2026-06-22,2026-06-12,2026-06-19,2026-06-22,2026-06-22,Completed,Not Cancelled,411030.0,SM-001,2022-01-16,2022-11-13,2023-11-13,4.5,14,10,0,0,750
REN3301,2025-01-25,CUST115,Individual Patient,Shivajinagar,BiPAP Machine,Respiratory Equipment,14,500,7000,11000,500,113,UPI,Returned,Fair,5.0,2025-02-08,2025-01-11,2025-01-25,2025-02-08,2025-02-08,Completed,Not Cancelled,411042.0,BP-010,2023-08-08,2025-05-07,2025-11-03,3.0,11,9,0,0,7000
REN3302,2025-09-18,CUST390,Hospital,Koregaon Park,Commode Chair,Mobility Equipment,5,90,450,1710,400,11,Bank Transfer,Cancelled,Excellent,4.5,,2025-09-11,2025-09-18,,,Cancelled,Cancelled,411007.0,,,,,,10,10,0,1,450
REN3303,2025-03-12,CUST245,Individual Patient,Bibwewadi,BiPAP Machine,Respiratory Equipment,3,520,1560,10400,500,95,Cash,Active,Good,4.5,,2025-03-03,2025-03-12,2025-03-15,,Confirmed,Not Cancelled,411045.0,BP-003,2022-01-03,2023-01-31,2024-01-31,4.6,11,8,0,0,1560
REN3304,2025-12-11,CUST305,Individual Patient,Erandwane,CPAP Machine,Respiratory Equipment,30,350,10500,4550,500,38,UPI,Returned,Good,4.0,2026-01-10,2025-12-04,2025-12-11,2026-01-10,2026-01-10,Completed,Not Cancelled,411009.0,CP-001,2022-11-27,2025-01-06,2025-04-06,3.7,19,18,0,0,10500
REN3305,2024-02-02,CUST115,Clinic,Koregaon Park,Walker,Mobility Equipment,7,70,490,840,500,17,Debit Card,Returned,Good,3.0,2024-02-09,2024-01-23,2024-02-02,2024-02-09,2024-02-09,Completed,Not Cancelled,411045.0,WK-004,2024-03-29,2024-10-16,2025-10-16,2.3,7,6,0,0,490
REN3306,2024-05-20,CUST219,Hospital,Kharadi,Nebulizer,Respiratory Equipment,3,80,240,960,150,24,Bank Transfer,Cancelled,Good,5.0,,2024-05-16,2024-05-20,,,Cancelled,Cancelled,411052.0,,,,,,12,12,0,1,240
REN3307,2025-08-01,CUST142,Individual Patient,Wakad,Patient Monitor,Monitoring Equipment,3,640,1920,13440,100,36,Debit Card,Returned,Good,3.0,2025-08-04,2025-07-27,2025-08-01,2025-08-04,2025-08-04,Completed,Not Cancelled,411057.0,PM-005,2024-05-27,2025-01-13,2025-05-13,2.2,13,11,0,0,1920
REN3308,2024-08-05,CUST399,Diagnostic Center,Shivajinagar,Wheelchair,Mobility Equipment,21,150,3150,2250,300,44,Credit Card,Cancelled,Good,5.0,,2024-08-01,2024-08-05,,,Cancelled,Cancelled,411009.0,,,,,,20,20,0,1,3150
REN3309,2025-09-16,CUST006,Individual Patient,Baner,BiPAP Machine,Respiratory Equipment,7,560,3920,8400,100,169,UPI,Returned,Excellent,4.5,2025-09-23,2025-09-10,2025-09-16,2025-09-23,2025-09-23,Completed,Not Cancelled,411042.0,BP-010,2023-08-08,2025-05-07,2025-11-03,3.0,11,10,0,0,3920
REN3310,2024-11-25,CUST520,Hospital,Hadapsar,Suction Machine,Surgical Equipment,30,270,8100,3510,100,91,UPI,Returned,Excellent,4.5,2024-12-25,2024-11-21,2024-11-25,2024-12-25,2024-12-25,Completed,Not Cancelled,411037.0,SM-008,2022-11-17,2026-01-26,2026-04-26,3.7,14,12,0,0,8100
REN3311,2026-04-23,CUST319,Home Care,Kharadi,BiPAP Machine,Respiratory Equipment,30,520,15600,7280,150,153,Bank Transfer,Returned,Fair,5.0,2026-05-23,2026-04-09,2026-04-23,2026-05-23,2026-05-23,Completed,Not Cancelled,411038.0,BP-009,2022-03-07,2025-12-31,2026-06-29,4.4,11,7,0,0,15600
REN3312,2026-02-16,CUST200,Home Care,Bibwewadi,Commode Chair,Mobility Equipment,7,90,630,1260,150,19,Debit Card,Active,Good,5.0,,2026-02-09,2026-02-16,2026-02-23,,Confirmed,Not Cancelled,411045.0,CC-002,2023-03-30,2023-10-02,2024-10-01,3.3,10,6,0,0,630
REN3313,2025-04-16,CUST568,Individual Patient,Vishrantwadi,Surgical Headlight,Surgical Equipment,3,170,510,3230,250,9,Credit Card,Returned,Fair,5.0,2025-04-19,2025-04-12,2025-04-16,2025-04-19,2025-04-19,Completed,Not Cancelled,411058.0,SH-007,2022-04-06,2022-09-26,2023-01-24,4.3,8,7,0,0,510
REN3314,2025-12-31,CUST351,Home Care,Hinjawadi,Walker,Mobility Equipment,3,60,180,1200,250,3,UPI,Returned,Excellent,4.5,2026-01-03,2025-12-25,2025-12-31,2026-01-03,2026-01-03,Completed,Not Cancelled,411042.0,WK-003,2024-07-22,2024-11-09,2025-05-08,2.0,7,7,0,0,180
REN3315,2024-09-08,CUST153,Individual Patient,Dhankawadi,Suction Machine,Surgical Equipment,7,270,1890,4320,550,25,UPI,Returned,Fair,4.0,2024-09-15,2024-08-30,2024-09-08,2024-09-15,2024-09-15,Completed,Not Cancelled,411042.0,SM-009,2023-07-17,2026-04-30,2027-04-30,3.0,14,11,0,0,1890
REN3316,2025-04-17,CUST365,Home Care,Erandwane,Ventilator,Critical Care Equipment,5,1030,5150,14420,550,178,Credit Card,Cancelled,Excellent,4.5,,2025-04-07,2025-04-17,,,Cancelled,Cancelled,411045.0,,,,,,8,8,0,1,5150
REN3317,2024-07-06,CUST245,Hospital,Dhankawadi,Surgical Headlight,Surgical Equipment,5,180,900,2700,150,60,Debit Card,Returned,Good,3.5,2024-07-11,2024-06-29,2024-07-06,2024-07-11,2024-07-11,Completed,Not Cancelled,411040.0,SH-004,2023-12-02,2026-02-21,2026-08-20,2.7,8,7,0,0,900
REN3318,2026-03-29,CUST527,Home Care,Dhankawadi,Hospital Bed,Patient Care Equipment,30,330,9900,3960,300,28,UPI,Active,Fair,4.5,,2026-03-28,2026-03-29,2026-04-28,,Confirmed,Not Cancelled,411028.0,HB-005,2024-08-09,2025-01-10,2025-04-10,2.0,23,10,0,0,9900
REN3319,2026-02-20,CUST158,Home Care,Viman Nagar,Suction Machine,Surgical Equipment,14,230,3220,2300,350,47,Bank Transfer,Returned,Good,4.5,2026-03-06,2026-02-09,2026-02-20,2026-03-06,2026-03-06,Completed,Not Cancelled,411048.0,SM-010,2024-01-18,2026-06-17,2026-12-14,2.5,14,4,0,0,3220
REN3320,2026-05-07,CUST184,Diagnostic Center,Bibwewadi,Wheelchair,Mobility Equipment,10,140,1400,1820,250,49,Credit Card,Active,Excellent,4.0,,2026-04-26,2026-05-07,2026-05-17,,Confirmed,Not Cancelled,411045.0,WC-016,2024-07-04,2025-08-17,2025-12-15,2.1,20,7,0,0,1400
REN3321,2026-04-14,CUST007,Hospital,Koregaon Park,Oxygen Concentrator,Respiratory Equipment,7,290,2030,2900,250,10,Debit Card,Returned,Good,5.0,2026-04-21,2026-04-03,2026-04-14,2026-04-21,2026-04-21,Completed,Not Cancelled,411042.0,OC-008,2022-01-13,2023-05-05,2023-08-03,4.5,16,6,0,0,2030
REN3322,2026-06-27,CUST013,Clinic,Kothrud,Oxygen Concentrator,Respiratory Equipment,3,270,810,2700,450,12,Debit Card,Returned,Good,5.0,2026-06-30,2026-06-19,2026-06-27,2026-06-30,2026-06-30,Completed,Not Cancelled,411007.0,OC-008,2022-01-13,2023-05-05,2023-08-03,4.5,16,6,0,0,810
REN3323,2024-08-01,CUST270,Individual Patient,Kharadi,Fowler Bed,Patient Care Equipment,3,430,1290,5590,300,50,UPI,Returned,Good,3.5,2024-08-04,2024-07-31,2024-08-01,2024-08-04,2024-08-04,Completed,Not Cancelled,411027.0,FB-007,2022-07-03,2023-06-21,2023-10-19,4.1,15,13,0,0,1290
REN3324,2026-06-03,CUST451,Home Care,Kothrud,Hospital Bed,Patient Care Equipment,10,330,3300,6930,450,34,Bank Transfer,Returned,Good,4.0,2026-06-13,2026-05-21,2026-06-03,2026-06-13,2026-06-13,Completed,Not Cancelled,411027.0,HB-006,2023-04-29,2023-10-02,,3.3,23,14,0,0,3300
REN3325,2025-06-26,CUST506,Individual Patient,Pimpri,Wheelchair,Mobility Equipment,10,160,1600,1920,100,30,Debit Card,Returned,Good,4.5,2025-07-06,2025-06-25,2025-06-26,2025-07-06,2025-07-06,Completed,Not Cancelled,411043.0,WC-011,2024-06-14,2024-10-17,2025-04-15,2.1,20,13,0,0,1600
REN3326,2025-02-05,CUST402,Individual Patient,Bibwewadi,Hospital Bed,Patient Care Equipment,7,370,2590,7030,350,61,Cash,Returned,Fair,3.0,2025-02-12,2025-02-03,2025-02-05,2025-02-12,2025-02-12,Completed,Not Cancelled,411009.0,HB-009,2022-04-28,2023-06-27,2023-09-25,4.3,23,19,0,0,2590
REN3327,2025-06-16,CUST263,Home Care,Hinjawadi,BiPAP Machine,Respiratory Equipment,7,510,3570,5610,250,111,Credit Card,Returned,Good,3.5,2025-06-23,2025-06-09,2025-06-16,2025-06-23,2025-06-23,Completed,Not Cancelled,411030.0,BP-007,2024-05-15,2025-06-19,2026-06-19,2.2,11,10,0,0,3570
REN3328,2024-11-17,CUST168,Clinic,Hadapsar,Surgical Headlight,Surgical Equipment,30,190,5700,3040,250,15,UPI,Returned,Good,5.0,2024-12-17,2024-11-12,2024-11-17,2024-12-17,2024-12-17,Completed,Not Cancelled,411038.0,SH-003,2023-01-16,2024-03-16,2024-09-12,3.5,8,5,0,0,5700
REN3329,2024-09-25,CUST029,Hospital,Kharadi,Surgical Loupe,Surgical Equipment,14,230,3220,3910,350,57,Credit Card,Returned,Good,3.0,2024-10-09,2024-09-16,2024-09-25,2024-10-09,2024-10-09,Completed,Not Cancelled,411046.0,SL-007,2025-04-06,2025-11-22,2026-05-21,1.3,7,6,0,0,3220
REN3330,2024-08-13,CUST399,Hospital,Vishrantwadi,CPAP Machine,Respiratory Equipment,30,350,10500,5950,250,35,Bank Transfer,Active,Good,4.0,,2024-08-06,2024-08-13,2024-09-12,,Confirmed,Not Cancelled,411009.0,CP-007,2023-05-05,2026-04-29,2026-10-26,3.2,19,15,0,0,10500
REN3331,2024-03-24,CUST010,Individual Patient,Pimpri,Oxygen Concentrator,Respiratory Equipment,3,280,840,5600,500,49,UPI,Returned,Good,4.5,2024-03-27,2024-03-23,2024-03-24,2024-03-27,2024-03-27,Completed,Not Cancelled,411043.0,OC-004,2025-03-27,2026-06-20,2026-12-17,1.3,16,15,0,0,840
REN3332,2025-04-19,CUST362,Hospital,Baner,Infusion Pump,Critical Care Equipment,21,340,7140,4420,200,14,Cash,Returned,Excellent,3.0,2025-05-10,2025-04-12,2025-04-19,2025-05-10,2025-05-10,Completed,Not Cancelled,411040.0,IP-010,2023-02-03,2024-03-05,2024-06-03,3.5,10,10,0,0,7140
REN3333,2026-04-24,CUST486,Home Care,Hinjawadi,Hospital Bed,Patient Care Equipment,7,330,2310,6270,550,94,UPI,Returned,Fair,5.0,2026-05-01,2026-04-14,2026-04-24,2026-05-01,2026-05-01,Completed,Not Cancelled,411046.0,HB-006,2023-04-29,2023-10-02,2024-01-30,3.3,23,12,0,0,2310
REN3334,2025-08-15,CUST245,Diagnostic Center,Chinchwad,Ventilator,Critical Care Equipment,10,1090,10900,16350,250,251,Debit Card,Returned,Good,5.0,2025-08-25,2025-08-05,2025-08-15,2025-08-25,2025-08-25,Completed,Not Cancelled,411014.0,VT-007,2024-05-13,2025-03-30,2026-03-30,2.2,8,7,0,0,10900
REN3335,2025-05-12,CUST041,Individual Patient,Vishrantwadi,Nebulizer,Respiratory Equipment,14,90,1260,1350,350,9,Credit Card,Returned,Good,4.5,2025-05-26,2025-05-10,2025-05-12,2025-05-26,2025-05-26,Completed,Not Cancelled,411042.0,NB-003,2023-10-05,2025-10-07,2026-01-05,2.8,12,11,0,0,1260
REN3336,2025-02-12,CUST484,Home Care,Dhankawadi,Fowler Bed,Patient Care Equipment,21,440,9240,6160,150,98,UPI,Returned,Excellent,,2025-03-05,2025-02-08,2025-02-12,2025-03-05,2025-03-05,Completed,Not Cancelled,411037.0,FB-003,2022-09-27,2023-02-09,2023-08-08,3.8,15,11,0,0,9240
REN3337,2025-03-19,CUST568,Home Care,Viman Nagar,Hospital Bed,Patient Care Equipment,3,350,1050,7700,600,59,Credit Card,Returned,Good,5.0,2025-03-22,2025-03-17,2025-03-19,2025-03-22,2025-03-22,Completed,Not Cancelled,411027.0,HB-017,2022-03-17,2026-02-27,2026-08-26,4.4,23,21,0,0,1050
REN3338,2024-07-16,CUST010,Hospital,Pimpri,Hospital Bed,Patient Care Equipment,3,350,1050,7000,450,103,Credit Card,Returned,Excellent,4.5,2024-07-19,2024-07-07,2024-07-16,2024-07-19,2024-07-19,Completed,Not Cancelled,411008.0,HB-008,2024-07-02,2025-07-25,2026-01-21,2.1,23,15,0,0,1050
REN3339,2026-02-20,CUST186,Diagnostic Center,Viman Nagar,Patient Monitor,Monitoring Equipment,30,640,19200,10240,500,221,Debit Card,Active,Good,4.5,,2026-02-13,2026-02-20,2026-03-22,,Confirmed,Not Cancelled,411030.0,PM-001,2023-06-06,2026-05-23,2026-08-21,3.2,13,10,0,0,19200
REN3340,2024-07-07,CUST153,Clinic,Chinchwad,CPAP Machine,Respiratory Equipment,7,320,2240,6080,550,22,Credit Card,Active,Excellent,4.5,,2024-07-02,2024-07-07,2024-07-14,,Confirmed,Not Cancelled,411037.0,CP-002,2022-02-22,2023-07-14,2024-07-13,4.4,19,16,0,0,2240
REN3341,2025-11-04,CUST342,Hospital,Bibwewadi,ECG Machine,Diagnostic Equipment,3,550,1650,11550,600,103,UPI,Returned,Good,4.5,2025-11-07,2025-11-01,2025-11-04,2025-11-07,2025-11-07,Completed,Not Cancelled,411008.0,ECG-003,2022-12-29,2023-07-22,2024-01-18,3.6,9,6,0,0,1650
REN3342,2025-12-18,CUST558,Diagnostic Center,Koregaon Park,Suction Machine,Surgical Equipment,30,260,7800,3380,200,29,Debit Card,Returned,Fair,4.0,2026-01-17,2025-12-09,2025-12-18,2026-01-17,2026-01-17,Completed,Not Cancelled,411048.0,SM-014,2024-10-23,2025-06-25,2025-12-22,1.8,14,13,0,0,7800
REN3343,2025-06-29,CUST210,Hospital,Aundh,CPAP Machine,Respiratory Equipment,14,340,4760,4760,250,92,Credit Card,Returned,Fair,4.5,2025-07-13,2025-06-20,2025-06-29,2025-07-13,2025-07-13,Completed,Not Cancelled,411045.0,CP-005,2022-05-05,2023-05-04,2023-10-31,4.2,19,16,0,0,4760
REN3344,2026-03-31,CUST426,Individual Patient,Wanowrie,Wheelchair,Mobility Equipment,1,150,150,2850,200,6,UPI,Returned,Good,4.5,2026-04-01,2026-03-26,2026-03-31,2026-04-01,2026-04-01,Completed,Not Cancelled,411028.0,WC-001,2024-04-30,2025-08-24,2025-11-22,2.3,20,7,0,0,150
REN3345,2024-09-27,CUST250,Hospital,Camp,Fowler Bed,Patient Care Equipment,21,420,8820,5460,350,86,Debit Card,Returned,Good,4.5,2024-10-18,2024-09-25,2024-09-27,2024-10-18,2024-10-18,Completed,Not Cancelled,411007.0,FB-007,2022-07-03,2023-06-21,2023-10-19,4.1,15,10,0,0,8820
REN3346,2026-04-18,CUST503,Home Care,Wakad,Wheelchair,Mobility Equipment,45,150,6750,1650,550,46,UPI,Returned,Good,4.5,2026-06-02,2026-04-13,2026-04-18,2026-06-02,2026-06-02,Completed,Not Cancelled,411046.0,WC-005,2022-09-10,2026-02-09,2026-06-09,3.9,20,6,0,0,6750
REN3347,2025-11-17,CUST085,Home Care,Erandwane,BiPAP Machine,Respiratory Equipment,30,530,15900,9010,500,82,UPI,Returned,Good,4.5,2025-12-17,2025-11-06,2025-11-17,2025-12-17,2025-12-17,Completed,Not Cancelled,411007.0,BP-008,2024-04-21,2024-11-06,2025-02-04,2.3,11,9,0,0,15900
REN3348,2026-01-26,CUST068,Individual Patient,Wakad,Suction Machine,Surgical Equipment,7,250,1750,3000,400,75,Credit Card,Returned,Fair,,2026-02-02,2026-01-19,2026-01-26,2026-02-02,2026-02-02,Completed,Not Cancelled,411037.0,SM-003,2025-06-21,2026-01-30,2026-07-29,1.1,14,13,0,0,1750
REN3349,2025-09-15,CUST100,Home Care,Koregaon Park,ECG Machine,Diagnostic Equipment,10,470,4700,7990,350,36,Credit Card,Returned,Good,4.5,2025-09-25,2025-09-06,2025-09-15,2025-09-25,2025-09-25,Completed,Not Cancelled,411015.0,ECG-004,2022-05-09,2024-04-30,2025-04-30,4.2,9,9,0,0,4700
REN3350,2026-03-15,CUST597,Diagnostic Center,Wakad,CPAP Machine,Respiratory Equipment,14,350,4900,3850,500,113,Credit Card,Returned,Good,4.0,2026-03-29,2026-03-12,2026-03-15,2026-03-29,2026-03-29,Completed,Not Cancelled,411015.0,CP-013,2024-04-10,2026-03-03,2027-03-03,2.3,19,13,0,0,4900
REN3351,2026-07-26,CUST264,Diagnostic Center,Camp,Oxygen Concentrator,Respiratory Equipment,30,300,9000,4800,350,85,Cash,Returned,Good,4.5,2026-08-25,2026-07-22,2026-07-26,2026-08-25,2026-08-25,Completed,Not Cancelled,411047.0,OC-004,2025-03-27,2026-06-20,2026-12-17,1.3,16,12,0,0,9000
REN3352,2025-02-03,CUST255,Individual Patient,Pimpri,ECG Machine,Diagnostic Equipment,14,480,6720,6240,550,74,UPI,Returned,Good,5.0,2025-02-17,2025-02-01,2025-02-03,2025-02-17,2025-02-17,Completed,Not Cancelled,411028.0,ECG-006,2024-08-17,2026-03-18,2026-07-16,2.0,9,7,0,0,6720
REN3353,2026-02-11,CUST144,Hospital,Koregaon Park,BiPAP Machine,Respiratory Equipment,21,480,10080,7680,400,34,Cash,Returned,Excellent,3.5,2026-03-04,2026-02-07,2026-02-11,2026-03-04,2026-03-04,Completed,Not Cancelled,411015.0,BP-004,2024-06-27,2025-02-23,2026-02-23,2.1,11,10,0,0,10080
REN3354,2025-12-03,CUST184,Individual Patient,Vishrantwadi,Nebulizer,Respiratory Equipment,7,80,560,960,450,16,UPI,Returned,Excellent,5.0,2025-12-10,2025-12-01,2025-12-03,2025-12-10,2025-12-10,Completed,Not Cancelled,411028.0,NB-010,2024-09-03,2026-05-18,2027-05-18,1.9,12,11,0,0,560
REN3355,2025-03-08,CUST432,Home Care,Camp,Patient Monitor,Monitoring Equipment,14,680,9520,8840,450,166,UPI,Returned,Excellent,5.0,2025-03-22,2025-03-02,2025-03-08,2025-03-22,2025-03-22,Completed,Not Cancelled,411009.0,PM-007,2023-09-28,2024-02-25,2024-05-25,2.8,13,12,0,0,9520
REN3356,2026-05-29,CUST150,Individual Patient,Pimpri,Infusion Pump,Critical Care Equipment,14,350,4900,7350,500,25,UPI,Returned,Good,4.5,2026-06-12,2026-05-25,2026-05-29,2026-06-12,2026-06-12,Completed,Not Cancelled,411046.0,IP-007,2023-02-08,2024-04-26,2024-08-24,3.5,10,6,0,0,4900
REN3357,2025-01-08,CUST220,Home Care,Erandwane,Wheelchair,Mobility Equipment,30,140,4200,3080,350,46,UPI,Returned,Excellent,3.5,2025-02-07,2024-12-29,2025-01-08,2025-02-07,2025-02-07,Completed,Not Cancelled,411038.0,WC-008,2024-11-30,2025-04-12,2025-07-11,1.7,20,15,0,0,4200
REN3358,2025-06-20,CUST426,Individual Patient,Dhankawadi,CPAP Machine,Respiratory Equipment,7,360,2520,5040,300,99,Credit Card,Returned,Good,4.5,2025-06-27,2025-06-16,2025-06-20,2025-06-27,2025-06-27,Completed,Not Cancelled,411015.0,CP-018,2022-12-12,2023-08-05,2024-08-04,3.6,19,13,0,0,2520
REN3359,2024-04-15,CUST182,Home Care,Kharadi,Commode Chair,Mobility Equipment,7,90,630,1620,300,30,Debit Card,Returned,Good,4.0,2024-04-22,2024-04-12,2024-04-15,2024-04-22,2024-04-22,Completed,Not Cancelled,411028.0,CC-005,2024-07-20,2024-10-24,2025-04-22,2.0,10,5,0,0,630
REN3360,2024-07-30,CUST521,Home Care,Erandwane,Wheelchair,Mobility Equipment,7,130,910,1820,600,16,Bank Transfer,Returned,Good,4.0,2024-08-06,2024-07-29,2024-07-30,2024-08-06,2024-08-06,Completed,Not Cancelled,411058.0,WC-012,2025-04-29,2026-05-02,2027-05-02,1.3,20,18,0,0,910
REN3361,2026-03-10,CUST287,Home Care,Hadapsar,ECG Machine,Diagnostic Equipment,7,470,3290,5640,150,79,Bank Transfer,Returned,Fair,3.0,2026-03-17,2026-03-07,2026-03-10,2026-03-17,2026-03-17,Completed,Not Cancelled,411042.0,ECG-008,2022-02-10,2023-09-04,2024-09-03,4.5,9,8,0,0,3290
REN3362,2025-01-10,CUST368,Clinic,Kothrud,Oxygen Concentrator,Respiratory Equipment,1,290,290,3190,450,31,UPI,Returned,Excellent,4.5,2025-01-11,2025-01-02,2025-01-10,2025-01-11,2025-01-11,Completed,Not Cancelled,411045.0,OC-012,2022-09-21,2025-04-21,2025-10-18,3.9,16,13,0,0,290
REN3363,2025-01-07,CUST411,Home Care,Hinjawadi,Hospital Bed,Patient Care Equipment,10,390,3900,8190,600,46,Debit Card,Returned,Excellent,4.5,2025-01-17,2024-12-31,2025-01-07,2025-01-17,2025-01-17,Completed,Not Cancelled,411052.0,HB-014,2025-06-29,2026-07-26,2027-07-26,1.1,23,21,0,0,3900
REN3364,2024-08-17,CUST277,Individual Patient,Camp,Hospital Bed,Patient Care Equipment,7,340,2380,3400,100,26,UPI,Returned,Good,4.5,2024-08-24,2024-08-10,2024-08-17,2024-08-24,2024-08-24,Completed,Not Cancelled,411037.0,HB-013,2025-05-03,2025-11-16,2026-03-16,1.2,23,19,0,0,2380
REN3365,2025-04-15,CUST153,Individual Patient,Wanowrie,ECG Machine,Diagnostic Equipment,7,550,3850,8800,400,39,Bank Transfer,Returned,Good,4.5,2025-04-22,2025-04-05,2025-04-15,2025-04-22,2025-04-22,Completed,Not Cancelled,411028.0,ECG-005,2022-01-24,2022-08-13,2022-12-11,4.5,9,7,0,0,3850
REN3366,2026-02-03,CUST105,Individual Patient,Kothrud,Commode Chair,Mobility Equipment,14,90,1260,1080,400,22,Bank Transfer,Returned,Good,,2026-02-17,2026-01-31,2026-02-03,2026-02-17,2026-02-17,Completed,Not Cancelled,411058.0,CC-004,2025-02-10,2026-02-10,2026-08-09,1.5,10,7,0,0,1260
REN3367,2026-05-01,CUST245,Individual Patient,Baner,Oxygen Concentrator,Respiratory Equipment,5,260,1300,4940,250,21,UPI,Returned,Excellent,4.5,2026-05-06,2026-04-26,2026-05-01,2026-05-06,2026-05-06,Completed,Not Cancelled,411042.0,OC-006,2024-06-08,2024-10-26,2025-04-24,2.1,16,6,0,0,1300
REN3368,2024-03-12,CUST176,Home Care,Baner,Hospital Bed,Patient Care Equipment,14,370,5180,4070,150,27,Credit Card,Returned,Excellent,4.5,2024-03-26,2024-03-10,2024-03-12,2024-03-26,2024-03-26,Completed,Not Cancelled,411015.0,HB-001,2024-10-28,2025-07-27,2025-11-24,1.8,23,15,0,0,5180
REN3369,2025-06-29,CUST246,Hospital,Kharadi,Wheelchair,Mobility Equipment,14,160,2240,2720,450,32,Debit Card,Returned,Excellent,3.5,2025-07-13,2025-06-26,2025-06-29,2025-07-13,2025-07-13,Completed,Not Cancelled,411052.0,WC-013,2024-09-18,2026-02-24,2026-08-23,1.9,20,14,0,0,2240
REN3370,2025-03-22,CUST176,Individual Patient,Camp,Wheelchair,Mobility Equipment,14,160,2240,2240,350,41,UPI,Cancelled,Good,4.5,,2025-03-18,2025-03-22,,,Cancelled,Cancelled,411047.0,,,,,,20,20,0,1,2240
REN3371,2025-08-01,CUST032,Hospital,Chinchwad,Nebulizer,Respiratory Equipment,7,80,560,1280,500,22,Bank Transfer,Returned,Good,3.5,2025-08-08,2025-07-24,2025-08-01,2025-08-08,2025-08-08,Completed,Not Cancelled,411037.0,NB-006,2024-09-04,2025-08-23,2026-02-19,1.9,12,9,0,0,560
REN3372,2025-03-03,CUST122,Individual Patient,Baner,Wheelchair,Mobility Equipment,30,150,4500,1800,100,32,Cash,Returned,Good,5.0,2025-04-02,2025-02-21,2025-03-03,2025-04-02,2025-04-02,Completed,Not Cancelled,411027.0,WC-005,2022-09-10,2026-02-09,2026-06-09,3.9,20,19,0,0,4500
REN3373,2025-01-12,CUST231,Individual Patient,Kharadi,Wheelchair,Mobility Equipment,14,150,2100,1650,600,14,UPI,Returned,Excellent,4.5,2025-01-26,2025-01-09,2025-01-12,2025-01-26,2025-01-26,Completed,Not Cancelled,411045.0,WC-010,2022-10-28,2026-07-19,2027-01-15,3.8,20,16,0,0,2100
REN3374,2025-03-27,CUST170,Individual Patient,Shivajinagar,Hospital Bed,Patient Care Equipment,3,340,1020,4080,400,73,UPI,Returned,Fair,5.0,2025-03-30,2025-03-23,2025-03-27,2025-03-30,2025-03-30,Completed,Not Cancelled,411040.0,HB-004,2025-03-24,2026-06-21,2026-12-18,1.4,23,20,0,0,1020
REN3375,2025-07-05,CUST183,Home Care,Erandwane,Suction Machine,Surgical Equipment,3,240,720,4080,300,55,Credit Card,Returned,Good,4.5,2025-07-08,2025-06-24,2025-07-05,2025-07-08,2025-07-08,Completed,Not Cancelled,,SM-012,2022-09-12,2025-07-02,2025-12-29,3.9,14,10,1,0,720
REN3376,2025-04-23,CUST476,Individual Patient,Wanowrie,BiPAP Machine,Respiratory Equipment,21,520,10920,9360,350,59,Bank Transfer,Returned,Excellent,3.5,2025-05-14,2025-04-14,2025-04-23,2025-05-14,2025-05-14,Completed,Not Cancelled,411008.0,BP-008,2024-04-21,2024-11-06,2025-02-04,2.3,11,9,0,0,10920
REN3377,2025-03-27,CUST392,Home Care,Viman Nagar,BiPAP Machine,Respiratory Equipment,7,480,3360,10080,600,37,Credit Card,Active,Excellent,4.0,,2025-03-19,2025-03-27,2025-04-03,,Confirmed,Not Cancelled,411048.0,BP-011,2025-01-04,2025-09-04,2026-09-04,1.6,11,8,0,0,3360
REN3378,2026-02-15,CUST349,Individual Patient,Bibwewadi,Patient Monitor,Monitoring Equipment,30,570,17100,12540,400,186,Credit Card,Active,Good,4.0,,2026-02-11,2026-02-15,2026-03-17,,Confirmed,Not Cancelled,411048.0,PM-013,2023-07-23,2024-09-22,2025-03-21,3.0,13,8,0,0,17100
REN3379,2025-12-04,CUST272,Hospital,Erandwane,Ventilator,Critical Care Equipment,21,1040,21840,19760,400,63,UPI,Returned,Good,4.5,2025-12-25,2025-11-30,2025-12-04,2025-12-25,2025-12-25,Completed,Not Cancelled,411057.0,VT-001,2024-10-29,2025-06-25,2025-10-23,1.8,8,7,0,0,21840
REN3380,2024-11-15,CUST424,Home Care,Erandwane,Fowler Bed,Patient Care Equipment,45,390,17550,3900,450,46,Cash,Returned,Good,5.0,2024-12-30,2024-11-07,2024-11-15,2024-12-30,2024-12-30,Completed,Not Cancelled,411030.0,FB-015,2024-03-17,2025-01-08,2025-05-08,2.4,15,13,0,0,17550
REN3381,2026-01-28,CUST284,Home Care,Viman Nagar,Infusion Pump,Critical Care Equipment,30,300,9000,5700,250,31,Debit Card,Returned,Fair,3.5,2026-02-27,2026-01-27,2026-01-28,2026-02-27,2026-02-27,Completed,Not Cancelled,411046.0,IP-003,2023-01-09,2025-06-17,2025-09-15,3.6,10,9,0,0,9000
REN3382,2026-03-22,CUST073,Hospital,Dhankawadi,Suction Machine,Surgical Equipment,14,250,3500,4750,200,79,Credit Card,Returned,Good,4.5,2026-04-05,2026-03-16,2026-03-22,2026-04-05,2026-04-05,Completed,Not Cancelled,411042.0,SM-010,2024-01-18,2026-06-17,2026-12-14,2.5,14,7,0,0,3500
REN3383,2024-05-29,CUST101,Individual Patient,Kharadi,Hospital Bed,Patient Care Equipment,1,350,350,6650,500,67,Cash,Returned,Good,3.5,2024-05-30,2024-05-28,2024-05-29,2024-05-30,2024-05-30,Completed,Not Cancelled,411027.0,HB-005,2024-08-09,2025-01-10,2025-04-10,2.0,23,18,0,0,350
REN3384,2025-07-05,CUST193,Clinic,Chinchwad,ECG Machine,Diagnostic Equipment,30,490,14700,8820,250,165,Bank Transfer,Returned,Good,4.5,2025-08-04,2025-06-28,2025-07-05,2025-08-04,2025-08-04,Completed,Not Cancelled,411057.0,ECG-004,2022-05-09,2024-04-30,2025-04-30,4.2,9,7,0,0,14700
REN3385,2024-09-21,CUST424,Clinic,Koregaon Park,Patient Monitor,Monitoring Equipment,7,560,3920,10080,100,165,Cash,Returned,Excellent,4.5,2024-09-28,2024-09-15,2024-09-21,2024-09-28,2024-09-28,Completed,Not Cancelled,411028.0,PM-012,2023-12-20,2024-10-07,2025-02-04,2.6,13,13,0,0,3920
REN3386,2025-11-27,CUST135,Diagnostic Center,Dhankawadi,BiPAP Machine,Respiratory Equipment,14,580,8120,9860,350,158,UPI,Returned,Good,3.5,2025-12-11,2025-11-26,2025-11-27,2025-12-11,2025-12-11,Completed,Not Cancelled,411007.0,BP-010,2023-08-08,2025-05-07,2025-11-03,3.0,11,8,0,0,8120
REN3387,2024-08-10,CUST155,Individual Patient,Camp,Wheelchair,Mobility Equipment,1,140,140,2520,100,12,UPI,Returned,Fair,3.5,2024-08-11,2024-08-05,2024-08-10,2024-08-11,2024-08-11,Completed,Not Cancelled,411014.0,WC-011,2024-06-14,2024-10-17,2025-04-15,2.1,20,15,0,0,140
REN3388,2025-09-21,CUST066,Home Care,Camp,CPAP Machine,Respiratory Equipment,14,340,4760,6120,400,48,Debit Card,Returned,Good,4.5,2025-10-05,2025-09-19,2025-09-21,2025-10-05,2025-10-05,Completed,Not Cancelled,411058.0,CP-002,2022-02-22,2023-07-14,2024-07-13,4.4,19,18,0,0,4760
REN3389,2024-08-25,CUST178,Hospital,Wanowrie,Infusion Pump,Critical Care Equipment,30,300,9000,3000,450,88,UPI,Returned,Fair,4.5,2024-09-24,2024-08-16,2024-08-25,2024-09-24,2024-09-24,Completed,Not Cancelled,411008.0,IP-003,2023-01-09,2025-06-17,2025-09-15,3.6,10,9,0,0,9000
REN3390,2025-05-03,CUST145,Hospital,Koregaon Park,Wheelchair,Mobility Equipment,5,160,800,2560,600,55,UPI,Returned,Good,4.0,2025-05-08,2025-04-21,2025-05-03,2025-05-08,2025-05-08,Completed,Not Cancelled,411040.0,WC-009,2024-08-16,2024-11-16,2025-11-16,2.0,20,14,0,0,800
REN3391,2026-06-18,CUST104,Hospital,Erandwane,Hospital Bed,Patient Care Equipment,30,360,10800,3960,400,112,Bank Transfer,Returned,Good,4.5,2026-07-18,2026-06-14,2026-06-18,2026-07-18,2026-07-18,Completed,Not Cancelled,411038.0,HB-008,2024-07-02,2025-07-25,2026-01-21,2.1,23,14,0,0,10800
REN3392,2024-12-25,CUST351,Individual Patient,Koregaon Park,Wheelchair,Mobility Equipment,14,140,1960,3080,250,47,Credit Card,Returned,Excellent,3.5,2025-01-08,2024-12-24,2024-12-25,2025-01-08,2025-01-08,Completed,Not Cancelled,411047.0,WC-017,2022-04-22,2026-03-30,2026-07-28,4.3,20,13,0,0,1960
REN3393,2026-04-12,CUST162,Home Care,Kothrud,Fowler Bed,Patient Care Equipment,30,430,12900,9460,450,101,UPI,Returned,Good,5.0,2026-05-12,2026-04-01,2026-04-12,2026-05-12,2026-05-12,Completed,Not Cancelled,411048.0,FB-013,2024-04-21,,2026-01-20,2.3,15,9,0,0,12900
REN3394,2026-07-21,CUST134,Home Care,Dhankawadi,ECG Machine,Diagnostic Equipment,10,510,5100,6120,400,94,UPI,Returned,Good,,2026-07-31,2026-07-11,2026-07-21,2026-07-31,2026-07-31,Completed,Not Cancelled,411038.0,ECG-005,2022-01-24,2022-08-13,2022-12-11,4.5,9,7,0,0,5100
REN3395,2026-04-12,CUST203,Home Care,Shivajinagar,Suction Machine,Surgical Equipment,21,230,4830,4830,500,45,UPI,Returned,Excellent,4.5,2026-05-03,2026-04-03,2026-04-12,2026-05-03,2026-05-03,Completed,Not Cancelled,411043.0,SM-009,2023-07-17,2026-04-30,2027-04-30,3.0,14,11,0,0,4830
REN3396,2024-06-09,CUST332,Home Care,Hadapsar,Surgical Headlight,Surgical Equipment,7,180,1260,2880,600,32,UPI,Returned,Good,4.5,2024-06-16,2024-06-05,2024-06-09,2024-06-16,2024-06-16,Completed,Not Cancelled,411048.0,SH-006,2025-01-03,2025-04-27,2025-07-26,1.6,8,8,0,0,1260
REN3397,2026-02-17,CUST415,Clinic,Wakad,Fowler Bed,Patient Care Equipment,14,420,5880,7560,150,33,UPI,Returned,Good,4.5,2026-03-03,2026-02-16,2026-02-17,2026-03-03,2026-03-03,Completed,Not Cancelled,411048.0,FB-013,2024-04-21,2025-09-22,2026-01-20,2.3,15,10,0,0,5880
REN3398,2024-02-02,CUST111,Home Care,Erandwane,CPAP Machine,Respiratory Equipment,7,370,2590,6660,450,47,Credit Card,Returned,Excellent,5.0,2024-02-09,2024-01-20,2024-02-02,2024-02-09,2024-02-09,Completed,Not Cancelled,411052.0,CP-006,2022-06-19,2025-01-14,2025-04-14,4.1,19,16,0,0,2590
REN3399,2025-01-07,CUST182,Hospital,Koregaon Park,Wheelchair,Mobility Equipment,14,160,2240,1760,500,9,Bank Transfer,Returned,Excellent,3.0,2025-01-21,2025-01-02,2025-01-07,2025-01-21,2025-01-21,Completed,Not Cancelled,411046.0,WC-002,2024-11-25,2025-02-12,2025-06-12,1.7,20,15,0,0,2240
REN3400,2026-04-08,CUST094,Diagnostic Center,Hinjawadi,Wheelchair,Mobility Equipment,45,140,6300,2940,250,8,UPI,Returned,Good,4.5,2026-05-23,2026-04-04,2026-04-08,2026-05-23,2026-05-23,Completed,Not Cancelled,411030.0,WC-019,2023-12-24,2026-05-27,,2.6,20,8,0,0,6300
REN3401,2025-10-08,CUST588,Individual Patient,Dhankawadi,Nebulizer,Respiratory Equipment,14,70,980,1260,300,9,UPI,Returned,Good,4.0,2025-10-22,2025-09-29,2025-10-08,2025-10-22,2025-10-22,Completed,Not Cancelled,411042.0,NB-006,2024-09-04,2025-08-23,2026-02-19,1.9,12,10,0,0,980
REN3402,2025-05-22,CUST346,Individual Patient,Wanowrie,Hospital Bed,Patient Care Equipment,7,340,2380,5440,300,83,Bank Transfer,Returned,Good,5.0,2025-05-29,2025-05-14,2025-05-22,2025-05-29,2025-05-29,Completed,Not Cancelled,411046.0,HB-018,2023-03-16,2025-07-16,2025-11-13,3.4,23,23,0,0,2380
REN3403,2025-01-01,CUST160,Hospital,Baner,Wheelchair,Mobility Equipment,30,140,4200,2380,300,32,UPI,Returned,Good,5.0,2025-01-31,2024-12-31,2025-01-01,2025-01-31,2025-01-31,Completed,Not Cancelled,411027.0,WC-018,2024-03-18,2025-03-11,2026-03-11,2.4,20,15,0,0,4200
REN3404,2026-02-09,CUST200,Individual Patient,Chinchwad,Infusion Pump,Critical Care Equipment,7,330,2310,7260,550,69,UPI,Returned,Good,4.0,2026-02-16,2026-01-27,2026-02-09,2026-02-16,2026-02-16,Completed,Not Cancelled,411058.0,IP-008,2023-06-01,2023-09-22,2024-01-20,3.2,10,7,0,0,2310
REN3405,2025-10-28,CUST020,Individual Patient,Chinchwad,Patient Monitor,Monitoring Equipment,7,610,4270,10980,250,164,UPI,Returned,Good,4.5,2025-11-04,2025-10-22,2025-10-28,2025-11-04,2025-11-04,Completed,Not Cancelled,411037.0,PM-012,2023-12-20,2024-10-07,2025-02-04,2.6,13,13,0,0,4270
REN3406,2025-03-23,CUST114,Clinic,Wanowrie,Hospital Bed,Patient Care Equipment,3,340,1020,6120,300,56,Bank Transfer,Returned,Excellent,4.5,2025-03-26,2025-03-21,2025-03-23,2025-03-26,2025-03-26,Completed,Not Cancelled,411047.0,HB-008,2024-07-02,2025-07-25,2026-01-21,2.1,23,20,0,0,1020
REN3407,2026-04-28,CUST143,Hospital,Kothrud,Nebulizer,Respiratory Equipment,5,70,350,1470,400,12,UPI,Returned,Good,4.5,2026-05-03,2026-04-27,2026-04-28,2026-05-03,2026-05-03,Completed,Not Cancelled,411040.0,NB-005,2023-08-11,2025-09-26,2026-03-25,3.0,12,8,0,0,350
REN3408,2024-08-03,CUST145,Clinic,Kharadi,Fowler Bed,Patient Care Equipment,21,470,9870,8930,200,92,Credit Card,Active,Good,3.5,,2024-07-28,2024-08-03,2024-08-24,,Confirmed,Not Cancelled,411058.0,FB-001,2023-08-15,2025-12-12,2026-06-10,3.0,15,12,0,0,9870
REN3409,2024-06-13,CUST356,Diagnostic Center,Pimpri,Infusion Pump,Critical Care Equipment,3,320,960,3520,450,16,Credit Card,Returned,Excellent,4.5,2024-06-16,2024-06-06,2024-06-13,2024-06-16,2024-06-16,Completed,Not Cancelled,411045.0,IP-008,2023-06-01,2023-09-22,2024-01-20,3.2,10,10,0,0,960
REN3410,2025-08-26,CUST238,Individual Patient,Viman Nagar,BiPAP Machine,Respiratory Equipment,7,580,4060,11600,350,125,Debit Card,Returned,Excellent,4.5,2025-09-02,2025-08-25,2025-08-26,2025-09-02,2025-09-02,Completed,Not Cancelled,,BP-008,2024-04-21,2024-11-06,2025-02-04,2.3,11,9,1,0,4060
REN3411,2026-07-08,CUST157,Hospital,Pimpri,Hospital Bed,Patient Care Equipment,3,350,1050,7350,150,95,Bank Transfer,Returned,Excellent,5.0,2026-07-11,2026-07-02,2026-07-08,2026-07-11,2026-07-11,Completed,Not Cancelled,411047.0,HB-019,2022-04-24,2024-04-14,2025-04-14,4.3,23,16,0,0,1050
REN3412,2024-08-18,CUST106,Hospital,Erandwane,Wheelchair,Mobility Equipment,21,150,3150,2850,200,17,Cash,Returned,Good,4.5,2024-09-08,2024-08-13,2024-08-18,2024-09-08,2024-09-08,Completed,Not Cancelled,411028.0,WC-018,2024-03-18,2025-03-11,2026-03-11,2.4,20,17,0,0,3150
REN3413,2024-08-20,CUST090,Hospital,Camp,Wheelchair,Mobility Equipment,5,150,750,1650,100,46,Bank Transfer,Returned,Excellent,4.5,2024-08-25,2024-08-15,2024-08-20,2024-08-25,2024-08-25,Completed,Not Cancelled,411028.0,WC-005,2022-09-10,2026-02-09,2026-06-09,3.9,20,17,0,0,750
REN3414,2024-05-16,CUST521,Hospital,Pimpri,Nebulizer,Respiratory Equipment,30,80,2400,1280,400,9,UPI,Returned,Fair,4.0,2024-06-15,2024-05-03,2024-05-16,2024-06-15,2024-06-15,Completed,Not Cancelled,411048.0,NB-005,2023-08-11,2025-09-26,2026-03-25,3.0,12,9,0,0,2400
REN3415,2026-03-29,CUST138,Hospital,Dhankawadi,Fowler Bed,Patient Care Equipment,5,470,2350,4700,500,91,UPI,Returned,Good,3.5,2026-04-03,2026-03-26,2026-03-29,2026-04-03,2026-04-03,Completed,Not Cancelled,411038.0,FB-009,2024-02-22,2025-12-15,2026-12-15,2.4,15,12,0,0,2350
REN3416,2024-07-31,CUST173,Clinic,Wakad,Nebulizer,Respiratory Equipment,10,90,900,1800,600,28,UPI,Returned,Good,4.5,2024-08-10,2024-07-20,2024-07-31,2024-08-10,2024-08-10,Completed,Not Cancelled,411045.0,NB-006,2024-09-04,2025-08-23,2026-02-19,1.9,12,11,0,0,900
REN3417,2025-04-25,CUST323,Individual Patient,Hinjawadi,Fowler Bed,Patient Care Equipment,30,390,11700,8580,450,104,UPI,Returned,Good,4.5,2025-05-25,2025-04-21,2025-04-25,2025-05-25,2025-05-25,Completed,Not Cancelled,411040.0,FB-014,2023-07-25,2025-06-16,2025-10-14,3.0,15,13,0,0,11700
REN3418,2026-07-24,CUST125,Hospital,Wanowrie,Oxygen Concentrator,Respiratory Equipment,14,290,4060,2900,600,62,UPI,Returned,Fair,5.0,2026-08-07,2026-07-22,2026-07-24,2026-08-07,2026-08-07,Completed,Not Cancelled,411007.0,OC-003,2024-12-09,2025-07-09,2026-07-09,1.6,16,11,0,0,4060
REN3419,2024-01-13,CUST328,Home Care,Camp,Hospital Bed,Patient Care Equipment,5,360,1800,3960,600,83,UPI,Returned,Good,4.5,2024-01-18,2024-01-11,2024-01-13,2024-01-18,2024-01-18,Completed,Not Cancelled,411038.0,HB-003,2022-11-12,2024-06-27,2024-09-25,3.7,23,23,0,0,1800
REN3420,2025-06-12,CUST307,Hospital,Dhankawadi,Wheelchair,Mobility Equipment,14,150,2100,3300,400,10,Bank Transfer,Returned,Good,4.0,2025-06-26,2025-05-31,2025-06-12,2025-06-26,2025-06-26,Completed,Not Cancelled,411014.0,WC-014,2025-07-05,2026-01-27,2026-04-27,1.1,20,14,0,0,2100
REN3421,2025-05-04,CUST310,Hospital,Kothrud,CPAP Machine,Respiratory Equipment,30,390,11700,7800,300,99,Bank Transfer,Returned,Good,4.0,2025-06-03,2025-05-03,2025-05-04,2025-06-03,2025-06-03,Completed,Not Cancelled,411008.0,CP-008,2024-06-15,2025-04-22,2025-08-20,2.1,19,14,0,0,11700
REN3422,2026-02-04,CUST188,Hospital,Baner,Patient Monitor,Monitoring Equipment,3,680,2040,13600,550,154,UPI,Returned,Fair,4.5,2026-02-07,2026-02-01,2026-02-04,2026-02-07,2026-02-07,Completed,Not Cancelled,411027.0,PM-003,2022-02-04,2022-07-21,2023-01-17,4.5,13,12,0,0,2040
REN3423,2024-11-29,CUST287,Individual Patient,Wakad,Walker,Mobility Equipment,5,70,350,840,400,4,Credit Card,Returned,Good,4.0,2024-12-04,2024-11-25,2024-11-29,2024-12-04,2024-12-04,Completed,Not Cancelled,411027.0,WK-005,2023-08-31,2024-06-28,2025-06-28,2.9,7,7,0,0,350
REN3424,2025-01-24,CUST376,Individual Patient,Hadapsar,Wheelchair,Mobility Equipment,14,140,1960,2520,500,10,UPI,Returned,Good,4.0,2025-02-07,2025-01-17,2025-01-24,2025-02-07,2025-02-07,Completed,Not Cancelled,411046.0,WC-020,2023-01-10,2024-02-15,2024-06-14,3.6,20,15,0,0,1960
REN3425,2024-06-11,CUST190,Individual Patient,Viman Nagar,BiPAP Machine,Respiratory Equipment,1,490,490,9800,200,167,Credit Card,Returned,Fair,3.5,2024-06-12,2024-06-07,2024-06-11,2024-06-12,2024-06-12,Completed,Not Cancelled,411027.0,BP-005,2022-02-05,2024-01-14,2025-01-13,4.5,11,9,0,0,490
REN3426,2025-11-29,CUST479,Home Care,Pimpri,Wheelchair,Mobility Equipment,7,160,1120,1600,600,14,Credit Card,Active,Good,4.5,,2025-11-28,2025-11-29,2025-12-06,,Confirmed,Not Cancelled,411047.0,WC-010,2022-10-28,2026-07-19,2027-01-15,3.8,20,16,0,0,1120
REN3427,2026-01-12,CUST009,Home Care,Hinjawadi,Nebulizer,Respiratory Equipment,7,90,630,1170,300,28,UPI,Returned,Good,4.0,2026-01-19,2026-01-06,2026-01-12,2026-01-19,2026-01-19,Completed,Not Cancelled,411015.0,NB-003,2023-10-05,2025-10-07,2026-01-05,2.8,12,11,0,0,630
REN3428,2024-05-14,CUST078,Clinic,Hinjawadi,Hospital Bed,Patient Care Equipment,14,330,4620,4290,550,39,UPI,Returned,Good,5.0,2024-05-28,2024-05-03,2024-05-14,2024-05-28,2024-05-28,Completed,Not Cancelled,411048.0,HB-010,2022-05-26,2023-11-28,2024-05-26,4.2,23,19,0,0,4620
REN3429,2025-01-07,CUST264,Individual Patient,Viman Nagar,BiPAP Machine,Respiratory Equipment,10,570,5700,9690,300,89,Cash,Returned,Good,5.0,2025-01-17,2024-12-27,2025-01-07,2025-01-17,2025-01-17,Completed,Not Cancelled,411040.0,BP-002,2022-07-01,2023-06-08,2023-10-06,4.1,11,11,0,0,5700
REN3430,2026-04-29,CUST288,Diagnostic Center,Kharadi,Wheelchair,Mobility Equipment,7,150,1050,1950,550,31,Credit Card,Returned,Good,4.0,2026-05-06,2026-04-15,2026-04-29,2026-05-06,2026-05-06,Completed,Not Cancelled,411008.0,WC-001,2024-04-30,2025-08-24,2025-11-22,2.3,20,12,0,0,1050
REN3431,2024-01-03,CUST135,Home Care,Chinchwad,Wheelchair,Mobility Equipment,21,130,2730,1820,450,30,Credit Card,Returned,Good,5.0,2024-01-24,2023-12-30,2024-01-03,2024-01-24,2024-01-24,Completed,Not Cancelled,411009.0,WC-001,2024-04-30,2025-08-24,2025-11-22,2.3,20,20,0,0,2730
REN3432,2024-10-04,CUST345,Hospital,Hadapsar,Patient Monitor,Monitoring Equipment,3,640,1920,8320,200,121,UPI,Active,Good,4.5,,2024-10-02,2024-10-04,2024-10-07,,Confirmed,Not Cancelled,411008.0,PM-009,2023-03-12,2024-08-21,2025-02-17,3.4,13,13,0,0,1920
REN3433,2025-06-11,CUST352,Individual Patient,Baner,CPAP Machine,Respiratory Equipment,14,380,5320,3800,150,54,UPI,Returned,Excellent,5.0,2025-06-25,2025-06-10,2025-06-11,2025-06-25,2025-06-25,Completed,Not Cancelled,411037.0,CP-011,2025-03-04,2025-12-26,2026-12-26,1.4,19,16,0,0,5320
REN3434,2024-11-08,CUST121,Hospital,Koregaon Park,Fowler Bed,Patient Care Equipment,10,430,4300,7740,150,82,UPI,Active,Good,4.5,,2024-10-28,2024-11-08,2024-11-18,,Confirmed,Not Cancelled,411027.0,FB-012,2024-03-04,2025-10-11,2026-04-09,2.4,15,13,0,0,4300
REN3435,2024-09-09,CUST591,Hospital,Wanowrie,Oxygen Concentrator,Respiratory Equipment,7,260,1820,4680,300,66,Cash,Returned,Good,4.0,2024-09-16,2024-08-31,2024-09-09,2024-09-16,2024-09-16,Completed,Not Cancelled,411007.0,OC-013,2023-06-29,2024-03-06,2025-03-06,3.1,16,11,0,0,1820
REN3436,2025-03-15,CUST084,Hospital,Viman Nagar,Walker,Mobility Equipment,14,70,980,1470,100,11,UPI,Returned,Excellent,4.0,2025-03-29,2025-03-08,2025-03-15,2025-03-29,2025-03-29,Completed,Not Cancelled,411045.0,WK-007,2022-10-31,2023-01-01,2024-01-01,3.8,7,6,0,0,980
REN3437,2024-06-23,CUST080,Clinic,Dhankawadi,Oxygen Concentrator,Respiratory Equipment,3,270,810,4590,400,55,UPI,Returned,Fair,5.0,2024-06-26,2024-06-18,2024-06-23,2024-06-26,2024-06-26,Completed,Not Cancelled,411052.0,OC-013,2023-06-29,2024-03-06,2025-03-06,3.1,16,11,0,0,810
REN3438,2025-05-20,CUST199,Individual Patient,Koregaon Park,Patient Monitor,Monitoring Equipment,7,670,4690,12060,450,101,Cash,Cancelled,Good,5.0,,2025-05-15,2025-05-20,,,Cancelled,Cancelled,411048.0,,,,,,13,13,0,1,4690
REN3439,2025-10-25,CUST288,Home Care,Viman Nagar,Infusion Pump,Critical Care Equipment,21,300,6300,4200,500,41,Credit Card,Returned,Good,4.5,2025-11-15,2025-10-20,2025-10-25,2025-11-15,2025-11-15,Completed,Not Cancelled,411014.0,IP-005,2022-06-29,2025-01-12,2025-05-12,4.1,10,10,0,0,6300
REN3440,2025-06-29,CUST132,Home Care,Vishrantwadi,BiPAP Machine,Respiratory Equipment,10,540,5400,8100,600,68,UPI,Returned,Good,4.5,2025-07-09,2025-06-25,2025-06-29,2025-07-09,2025-07-09,Completed,Not Cancelled,411052.0,BP-008,2024-04-21,2024-11-06,2025-02-04,2.3,11,10,0,0,5400
REN3441,2024-04-03,CUST500,Hospital,Shivajinagar,Oxygen Concentrator,Respiratory Equipment,7,290,2030,4350,500,29,Bank Transfer,Returned,Excellent,4.5,2024-04-10,2024-03-29,2024-04-03,2024-04-10,2024-04-10,Completed,Not Cancelled,411037.0,OC-005,2024-02-15,2026-06-16,2026-10-14,2.5,16,14,0,0,2030
REN3442,2026-03-13,CUST568,Individual Patient,Hadapsar,Patient Monitor,Monitoring Equipment,45,660,29700,14520,600,180,Credit Card,Returned,Excellent,5.0,2026-04-27,2026-03-10,2026-03-13,2026-04-27,2026-04-27,Completed,Not Cancelled,411015.0,PM-002,2024-11-14,2025-12-21,2026-04-20,1.7,13,9,0,0,29700
REN3443,2024-06-17,CUST298,Individual Patient,Viman Nagar,Hospital Bed,Patient Care Equipment,10,380,3800,6080,400,131,Cash,Active,Good,4.5,,2024-06-15,2024-06-17,2024-06-27,,Confirmed,Not Cancelled,411009.0,HB-022,2022-10-26,2023-05-17,2024-05-16,3.8,23,20,0,0,3800
REN3444,2025-12-23,CUST347,Hospital,Vishrantwadi,Patient Monitor,Monitoring Equipment,14,590,8260,12390,550,23,UPI,Returned,Good,3.5,2026-01-06,2025-12-20,2025-12-23,2026-01-06,2026-01-06,Completed,Not Cancelled,411047.0,PM-013,2023-07-23,2024-09-22,2025-03-21,3.0,13,10,0,0,8260
REN3445,2024-12-05,CUST395,Individual Patient,Pimpri,CPAP Machine,Respiratory Equipment,10,370,3700,5180,500,34,Bank Transfer,Active,Good,4.0,,2024-11-22,2024-12-05,2024-12-15,,Confirmed,Not Cancelled,411027.0,CP-015,2022-06-26,2023-01-19,2023-07-18,4.1,19,19,0,0,3700
REN3446,2026-01-10,CUST597,Hospital,Pimpri,Commode Chair,Mobility Equipment,1,90,90,1620,550,30,UPI,Returned,Excellent,4.5,2026-01-11,2025-12-27,2026-01-10,2026-01-11,2026-01-11,Completed,Not Cancelled,411043.0,CC-005,2024-07-20,2024-10-24,2025-04-22,2.0,10,9,0,0,90
REN3447,2024-07-14,CUST349,Hospital,Vishrantwadi,ECG Machine,Diagnostic Equipment,5,450,2250,5850,300,63,Bank Transfer,Returned,Good,4.0,2024-07-19,2024-07-05,2024-07-14,2024-07-19,2024-07-19,Completed,Not Cancelled,411042.0,ECG-008,2022-02-10,2023-09-04,2024-09-03,4.5,9,7,0,0,2250
REN3448,2024-06-27,CUST390,Hospital,Aundh,Wheelchair,Mobility Equipment,5,140,700,2100,350,22,Debit Card,Returned,Good,5.0,2024-07-02,2024-06-17,2024-06-27,2024-07-02,2024-07-02,Completed,Not Cancelled,411057.0,WC-014,2025-07-05,2026-01-27,2026-04-27,1.1,20,9,0,0,700
REN3449,2025-04-20,CUST353,Hospital,Camp,Hospital Bed,Patient Care Equipment,5,360,1800,7560,600,87,Debit Card,Returned,Good,5.0,2025-04-25,2025-04-18,2025-04-20,2025-04-25,2025-04-25,Completed,Not Cancelled,411046.0,HB-007,2023-05-24,2024-04-15,2025-04-15,3.2,23,20,0,0,1800
REN3450,2024-02-03,CUST418,Clinic,Wanowrie,CPAP Machine,Respiratory Equipment,7,390,2730,7020,600,56,Debit Card,Returned,Excellent,4.0,2024-02-10,2024-02-01,2024-02-03,2024-02-10,2024-02-10,Completed,Not Cancelled,411047.0,CP-008,2024-06-15,2025-04-22,2025-08-20,2.1,19,15,0,0,2730
REN3451,2024-07-30,CUST234,Hospital,Kharadi,Patient Monitor,Monitoring Equipment,14,680,9520,10880,400,128,Bank Transfer,Cancelled,Fair,5.0,,2024-07-29,2024-07-30,,,Cancelled,Cancelled,411038.0,,,,,,13,13,0,1,9520
REN3452,2025-11-12,CUST216,Diagnostic Center,Aundh,CPAP Machine,Respiratory Equipment,10,350,3500,5250,450,111,UPI,Active,Good,4.5,,2025-11-11,2025-11-12,2025-11-22,,Confirmed,Not Cancelled,,CP-006,2022-06-19,2025-01-14,2025-04-14,4.1,19,17,1,0,3500
REN3453,2026-03-06,CUST034,Home Care,Chinchwad,Suction Machine,Surgical Equipment,21,250,5250,5000,200,53,UPI,Active,Fair,4.5,,2026-02-25,2026-03-06,2026-03-27,,Confirmed,Not Cancelled,411009.0,SM-004,2023-01-10,2023-10-14,2024-01-12,3.6,14,7,0,0,5250
REN3454,2024-03-22,CUST264,Hospital,Dhankawadi,Fowler Bed,Patient Care Equipment,30,460,13800,5520,100,112,UPI,Returned,Good,3.5,2024-04-21,2024-03-21,2024-03-22,2024-04-21,2024-04-21,Completed,Not Cancelled,411047.0,FB-013,2024-04-21,2025-09-22,2026-01-20,2.3,15,13,0,0,13800
REN3455,2026-04-18,CUST217,Hospital,Viman Nagar,Walker,Mobility Equipment,14,70,980,1470,450,7,Credit Card,Returned,Excellent,4.5,2026-05-02,2026-04-06,2026-04-18,2026-05-02,2026-05-02,Completed,Not Cancelled,411047.0,WK-007,2022-10-31,2023-01-01,2024-01-01,3.8,7,5,0,0,980
REN3456,2026-01-25,CUST588,Individual Patient,Erandwane,CPAP Machine,Respiratory Equipment,5,360,1800,6480,500,41,UPI,Active,Fair,5.0,,2026-01-18,2026-01-25,2026-01-30,,Confirmed,Not Cancelled,411028.0,CP-016,2023-08-18,2025-09-17,2026-01-15,3.0,19,18,0,0,1800
REN3457,2026-04-07,CUST543,Home Care,Kothrud,Hospital Bed,Patient Care Equipment,14,350,4900,4900,400,110,Bank Transfer,Returned,Good,4.5,2026-04-21,2026-04-05,2026-04-07,2026-04-21,2026-04-21,Completed,Not Cancelled,411009.0,HB-010,2022-05-26,2023-11-28,2024-05-26,4.2,23,9,0,0,4900
REN3458,2025-10-17,CUST301,Individual Patient,Shivajinagar,Oxygen Concentrator,Respiratory Equipment,7,280,1960,5320,450,91,Bank Transfer,Returned,Good,4.5,2025-10-24,2025-10-07,2025-10-17,2025-10-24,2025-10-24,Completed,Not Cancelled,411047.0,OC-010,2022-01-22,2023-03-21,2024-03-20,4.5,16,14,0,0,1960
REN3459,2025-09-24,CUST323,Individual Patient,Wanowrie,Suction Machine,Surgical Equipment,3,250,750,5500,100,72,Cash,Returned,Good,3.0,2025-09-27,2025-09-14,2025-09-24,2025-09-27,2025-09-27,Completed,Not Cancelled,411047.0,SM-002,2023-03-01,2023-10-28,2024-04-25,3.4,14,12,0,0,750
REN3460,2025-05-15,CUST513,Clinic,Hinjawadi,Wheelchair,Mobility Equipment,7,150,1050,2100,150,10,UPI,Active,Excellent,4.0,,2025-05-09,2025-05-15,2025-05-22,,Confirmed,Not Cancelled,411047.0,WC-010,2022-10-28,2026-07-19,2027-01-15,3.8,20,15,0,0,1050
REN3461,2025-09-04,CUST283,Individual Patient,Aundh,Oxygen Concentrator,Respiratory Equipment,21,280,5880,4200,500,82,Bank Transfer,Returned,Good,4.5,2025-09-25,2025-09-03,2025-09-04,2025-09-25,2025-09-25,Completed,Not Cancelled,411007.0,OC-004,2025-03-27,2026-06-20,2026-12-17,1.3,16,13,0,0,5880
REN3462,2026-05-22,CUST363,Home Care,Dhankawadi,Oxygen Concentrator,Respiratory Equipment,10,270,2700,5940,400,10,Bank Transfer,Returned,Good,4.5,2026-06-01,2026-05-18,2026-05-22,2026-06-01,2026-06-01,Completed,Not Cancelled,411052.0,OC-010,2022-01-22,2023-03-21,2024-03-20,4.5,16,6,0,0,2700
REN3463,2024-04-10,CUST403,Individual Patient,Kothrud,Nebulizer,Respiratory Equipment,3,70,210,980,200,15,Cash,Returned,Good,5.0,2024-04-13,2024-04-04,2024-04-10,2024-04-13,2024-04-13,Completed,Not Cancelled,411030.0,NB-007,2025-05-13,2025-09-25,2026-01-23,1.2,12,9,0,0,210
REN3464,2024-10-21,CUST233,Individual Patient,Chinchwad,Walker,Mobility Equipment,21,70,1470,1470,400,17,Bank Transfer,Returned,Good,4.5,2024-11-11,2024-10-12,2024-10-21,2024-11-11,2024-11-11,Completed,Not Cancelled,,WK-003,2024-07-22,2024-11-09,2025-05-08,2.0,7,7,1,0,1470
REN3465,2024-03-14,CUST498,Home Care,Wakad,Oxygen Concentrator,Respiratory Equipment,3,290,870,6090,100,48,UPI,Returned,Good,4.0,2024-03-17,2024-03-11,2024-03-14,2024-03-17,2024-03-17,Completed,Not Cancelled,411040.0,OC-001,2025-03-23,2025-09-09,2026-01-07,1.4,16,14,0,0,870
REN3466,2026-06-14,CUST340,Individual Patient,Shivajinagar,Wheelchair,Mobility Equipment,21,160,3360,2720,500,29,UPI,Returned,Excellent,4.0,2026-07-05,2026-06-03,2026-06-14,2026-07-05,2026-07-05,Completed,Not Cancelled,411048.0,WC-003,2022-01-25,2024-05-16,2024-08-14,4.5,20,10,0,0,3360
REN3467,2025-03-01,CUST035,Individual Patient,Hinjawadi,CPAP Machine,Respiratory Equipment,30,370,11100,4070,100,99,Cash,Returned,Good,3.5,2025-03-31,2025-02-26,2025-03-01,2025-03-31,2025-03-31,Completed,Not Cancelled,411048.0,CP-011,2025-03-04,2025-12-26,2026-12-26,1.4,19,16,0,0,11100
REN3468,2025-09-25,CUST154,Home Care,Vishrantwadi,Oxygen Concentrator,Respiratory Equipment,10,270,2700,2700,550,85,Bank Transfer,Returned,Good,3.5,2025-10-05,2025-09-11,2025-09-25,2025-10-05,2025-10-05,Completed,Not Cancelled,411014.0,OC-007,2022-03-01,2024-09-16,2025-01-14,4.4,16,12,0,0,2700
REN3469,2026-03-10,CUST158,Hospital,Bibwewadi,Surgical Loupe,Surgical Equipment,7,220,1540,2860,200,20,Bank Transfer,Returned,Good,4.0,2026-03-17,2026-03-08,2026-03-10,2026-03-17,2026-03-17,Completed,Not Cancelled,411058.0,SL-002,2025-04-12,2025-07-05,2026-01-01,1.3,7,7,0,0,1540
REN3470,2026-07-24,CUST530,Individual Patient,Wanowrie,Fowler Bed,Patient Care Equipment,7,440,3080,4400,200,33,Bank Transfer,Returned,Fair,5.0,2026-07-31,2026-07-14,2026-07-24,2026-07-31,2026-07-31,Completed,Not Cancelled,411047.0,FB-014,2023-07-25,2025-06-16,2025-10-14,3.0,15,6,0,0,3080
REN3471,2024-06-05,CUST574,Hospital,Hadapsar,BiPAP Machine,Respiratory Equipment,21,550,11550,10450,600,127,Bank Transfer,Active,Good,4.5,,2024-06-03,2024-06-05,2024-06-26,,Confirmed,Not Cancelled,411057.0,BP-006,2023-06-13,2023-11-02,2024-04-30,3.1,11,10,0,0,11550
REN3472,2026-01-27,CUST433,Individual Patient,Kothrud,Surgical Headlight,Surgical Equipment,14,180,2520,3240,500,19,Bank Transfer,Returned,Good,5.0,2026-02-10,2026-01-18,2026-01-27,2026-02-10,2026-02-10,Completed,Not Cancelled,411057.0,SH-007,2022-04-06,2022-09-26,2023-01-24,4.3,8,5,0,0,2520
REN3473,2026-04-23,CUST299,Home Care,Bibwewadi,Suction Machine,Surgical Equipment,1,230,230,3450,250,21,Cash,Returned,Good,5.0,2026-04-24,2026-04-12,2026-04-23,2026-04-24,2026-04-24,Completed,Not Cancelled,411040.0,SM-008,2022-11-17,2026-01-26,2026-04-26,3.7,14,9,0,0,230
REN3474,2024-02-19,CUST208,Diagnostic Center,Shivajinagar,Wheelchair,Mobility Equipment,5,140,700,2800,200,13,Debit Card,Returned,Good,3.5,2024-02-24,2024-02-15,2024-02-19,2024-02-24,2024-02-24,Completed,Not Cancelled,411007.0,WC-019,2023-12-24,2026-05-27,2026-08-25,2.6,20,16,0,0,700
REN3475,2025-12-12,CUST527,Individual Patient,Kothrud,Suction Machine,Surgical Equipment,30,250,7500,2750,150,23,UPI,Cancelled,Good,4.5,,2025-12-10,2025-12-12,,,Cancelled,Cancelled,411008.0,,,,,,14,14,0,1,7500
REN3476,2024-11-29,CUST238,Home Care,Wanowrie,CPAP Machine,Respiratory Equipment,5,380,1900,6080,300,69,UPI,Returned,Good,3.5,2024-12-04,2024-11-15,2024-11-29,2024-12-04,2024-12-04,Completed,Not Cancelled,411043.0,CP-007,2023-05-05,2026-04-29,2026-10-26,3.2,19,17,0,0,1900
REN3477,2025-08-31,CUST267,Clinic,Wanowrie,CPAP Machine,Respiratory Equipment,1,320,320,4480,400,108,UPI,Returned,Good,3.5,2025-09-01,2025-08-18,2025-08-31,2025-09-01,2025-09-01,Completed,Not Cancelled,411008.0,CP-006,2022-06-19,2025-01-14,2025-04-14,4.1,19,17,0,0,320
REN3478,2025-05-06,CUST171,Home Care,Vishrantwadi,Surgical Loupe,Surgical Equipment,14,230,3220,2300,350,68,Credit Card,Returned,Excellent,4.0,2025-05-20,2025-04-27,2025-05-06,2025-05-20,2025-05-20,Completed,Not Cancelled,411045.0,SL-004,2024-02-17,2025-06-05,2025-12-02,2.5,7,6,0,0,3220
REN3479,2024-08-29,CUST555,Hospital,Bibwewadi,Oxygen Concentrator,Respiratory Equipment,5,280,1400,4480,550,57,Debit Card,Returned,Good,3.5,2024-09-03,2024-08-25,2024-08-29,2024-09-03,2024-09-03,Completed,Not Cancelled,411009.0,OC-014,2025-02-15,2026-03-30,2026-09-26,1.5,16,15,0,0,1400
REN3480,2024-05-12,CUST162,Hospital,Pimpri,Fowler Bed,Patient Care Equipment,21,430,9030,4730,500,24,Debit Card,Returned,Good,4.5,2024-06-02,2024-05-10,2024-05-12,2024-06-02,2024-06-02,Completed,Not Cancelled,411048.0,FB-009,2024-02-22,2025-12-15,2026-12-15,2.4,15,15,0,0,9030
REN3481,2024-04-25,CUST333,Diagnostic Center,Koregaon Park,Wheelchair,Mobility Equipment,7,140,980,1400,200,34,UPI,Cancelled,Excellent,4.5,,2024-04-20,2024-04-25,,,Cancelled,Cancelled,411027.0,,,,,,20,20,0,1,980
REN3482,2024-04-12,CUST184,Diagnostic Center,Shivajinagar,Wheelchair,Mobility Equipment,7,140,980,1680,550,24,UPI,Returned,Good,4.5,2024-04-19,2024-04-04,2024-04-12,2024-04-19,2024-04-19,Completed,Not Cancelled,411009.0,WC-018,2024-03-18,2025-03-11,2026-03-11,2.4,20,15,0,0,980
REN3483,2025-08-21,CUST091,Home Care,Vishrantwadi,Suction Machine,Surgical Equipment,21,250,5250,3000,350,70,Credit Card,Active,Good,4.5,,2025-08-19,2025-08-21,2025-09-11,,Confirmed,Not Cancelled,411028.0,SM-003,2025-06-21,2026-01-30,2026-07-29,1.1,14,13,0,0,5250
REN3484,2024-11-26,CUST361,Hospital,Hinjawadi,Nebulizer,Respiratory Equipment,21,90,1890,1620,100,17,Debit Card,Returned,Fair,5.0,2024-12-17,2024-11-25,2024-11-26,2024-12-17,2024-12-17,Completed,Not Cancelled,411057.0,NB-002,2025-06-20,2026-04-29,2026-08-27,1.1,12,11,0,0,1890
REN3485,2024-07-23,CUST596,Individual Patient,Shivajinagar,Suction Machine,Surgical Equipment,14,270,3780,5400,550,66,Bank Transfer,Returned,Good,5.0,2024-08-06,2024-07-12,2024-07-23,2024-08-06,2024-08-06,Completed,Not Cancelled,411042.0,SM-013,2022-07-24,2024-05-07,2025-05-07,4.0,14,14,0,0,3780
REN3486,2025-10-11,CUST213,Hospital,Vishrantwadi,Oxygen Concentrator,Respiratory Equipment,10,260,2600,4160,500,24,UPI,Returned,Excellent,5.0,2025-10-21,2025-10-03,2025-10-11,2025-10-21,2025-10-21,Completed,Not Cancelled,411058.0,OC-014,2025-02-15,2026-03-30,2026-09-26,1.5,16,16,0,0,2600
REN3487,2025-10-06,CUST260,Hospital,Hinjawadi,Hospital Bed,Patient Care Equipment,7,350,2450,6300,250,104,UPI,Returned,Good,4.5,2025-10-13,2025-09-28,2025-10-06,2025-10-13,2025-10-13,Completed,Not Cancelled,,HB-001,2024-10-28,2025-07-27,2025-11-24,1.8,23,20,1,0,2450
REN3488,2025-05-28,CUST458,Home Care,Hadapsar,Fowler Bed,Patient Care Equipment,7,390,2730,4290,550,109,Credit Card,Returned,Fair,4.0,2025-06-04,2025-05-16,2025-05-28,2025-06-04,2025-06-04,Completed,Not Cancelled,411045.0,FB-001,2023-08-15,2025-12-12,2026-06-10,3.0,15,14,0,0,2730
REN3489,2026-06-06,CUST515,Home Care,Hinjawadi,Fowler Bed,Patient Care Equipment,3,440,1320,8800,550,66,Credit Card,Returned,Good,,2026-06-09,2026-05-31,2026-06-06,2026-06-09,2026-06-09,Completed,Not Cancelled,411014.0,FB-008,2023-01-30,2026-07-02,2027-07-02,3.5,15,10,0,0,1320
REN3490,2024-12-30,CUST376,Home Care,Aundh,Commode Chair,Mobility Equipment,14,90,1260,1440,600,30,Debit Card,Returned,Good,4.5,2025-01-13,2024-12-26,2024-12-30,2025-01-13,2025-01-13,Completed,Not Cancelled,411037.0,CC-003,2023-05-29,2025-12-14,2026-03-14,3.2,10,10,0,0,1260
REN3491,2026-03-05,CUST593,Home Care,Hinjawadi,Suction Machine,Surgical Equipment,10,270,2700,4050,600,22,Cash,Returned,Excellent,3.5,2026-03-15,2026-02-22,2026-03-05,2026-03-15,2026-03-15,Completed,Not Cancelled,411030.0,SM-007,2025-04-15,2025-08-10,2025-11-08,1.3,14,8,0,0,2700
REN3492,2024-03-16,CUST184,Home Care,Wanowrie,Infusion Pump,Critical Care Equipment,7,300,2100,6300,200,11,UPI,Active,Good,5.0,,2024-03-02,2024-03-16,2024-03-23,,Confirmed,Not Cancelled,411043.0,IP-002,2023-07-05,2024-03-20,2025-03-20,3.1,10,10,0,0,2100
REN3493,2025-11-28,CUST540,Clinic,Dhankawadi,Commode Chair,Mobility Equipment,21,90,1890,1260,400,25,UPI,Returned,Good,5.0,2025-12-19,2025-11-27,2025-11-28,2025-12-19,2025-12-19,Completed,Not Cancelled,411045.0,CC-003,2023-05-29,2025-12-14,2026-03-14,3.2,10,9,0,0,1890
REN3494,2026-07-22,CUST222,Individual Patient,Dhankawadi,CPAP Machine,Respiratory Equipment,10,360,3600,5400,150,80,UPI,Returned,Good,5.0,2026-08-01,2026-07-18,2026-07-22,2026-08-01,2026-08-01,Completed,Not Cancelled,411008.0,CP-017,2023-04-05,2024-11-08,2025-11-08,3.3,19,15,0,0,3600
REN3495,2026-03-15,CUST202,Clinic,Koregaon Park,Suction Machine,Surgical Equipment,7,230,1610,5060,450,15,UPI,Returned,Good,4.0,2026-03-22,2026-03-11,2026-03-15,2026-03-22,2026-03-22,Completed,Not Cancelled,411045.0,SM-001,2022-01-16,2022-11-13,2023-11-13,4.5,14,9,0,0,1610
REN3496,2025-07-03,CUST501,Clinic,Viman Nagar,Nebulizer,Respiratory Equipment,1,80,80,880,350,6,UPI,Returned,Excellent,3.5,2025-07-04,2025-07-01,2025-07-03,2025-07-04,2025-07-04,Completed,Not Cancelled,411047.0,NB-007,2025-05-13,2025-09-25,2026-01-23,1.2,12,12,0,0,80
REN3497,2025-08-12,CUST317,Hospital,Dhankawadi,Ventilator,Critical Care Equipment,21,1100,23100,17600,550,79,UPI,Active,Good,3.5,,2025-08-09,2025-08-12,2025-09-02,,Confirmed,Not Cancelled,411030.0,VT-005,2024-12-01,2025-11-16,2026-03-16,1.7,8,7,0,0,23100
REN3498,2024-11-27,CUST274,Individual Patient,Chinchwad,CPAP Machine,Respiratory Equipment,7,330,2310,5610,550,28,UPI,Returned,Good,,2024-12-04,2024-11-26,2024-11-27,2024-12-04,2024-12-04,Completed,Not Cancelled,411008.0,CP-019,2023-08-01,,2025-08-24,3.0,19,18,0,0,2310
REN3499,2025-09-29,CUST510,Clinic,Dhankawadi,Suction Machine,Surgical Equipment,1,250,250,4750,250,44,Debit Card,Returned,Good,4.5,2025-09-30,2025-09-21,2025-09-29,2025-09-30,2025-09-30,Completed,Not Cancelled,411037.0,SM-011,2024-04-13,2025-11-27,2026-11-27,2.3,14,10,0,0,250
REN3500,2025-12-28,CUST206,Hospital,Erandwane,CPAP Machine,Respiratory Equipment,7,330,2310,7260,250,15,UPI,Returned,Good,5.0,2026-01-04,2025-12-26,2025-12-28,2026-01-04,2026-01-04,Completed,Not Cancelled,411028.0,CP-018,2022-12-12,2023-08-05,2024-08-04,3.6,19,16,0,0,2310
